participant_id,speech_duration,silence_duration,speech_to_silence_ratio,silence_ratio,rms_mean,rms_std,energy_min,energy_max,energy_range,energy_median,energy_var,zcr_mean,zcr_std,zcr_var,mfcc_1_mean,mfcc_1_std,mfcc_1_var,mfcc_delta_1_mean,mfcc_delta_1_std,mfcc_delta_1_var,mfcc_2_mean,mfcc_2_std,mfcc_2_var,mfcc_delta_2_mean,mfcc_delta_2_std,mfcc_delta_2_var,mfcc_3_mean,mfcc_3_std,mfcc_3_var,mfcc_delta_3_mean,mfcc_delta_3_std,mfcc_delta_3_var,mfcc_4_mean,mfcc_4_std,mfcc_4_var,mfcc_delta_4_mean,mfcc_delta_4_std,mfcc_delta_4_var,mfcc_5_mean,mfcc_5_std,mfcc_5_var,mfcc_delta_5_mean,mfcc_delta_5_std,mfcc_delta_5_var,mfcc_6_mean,mfcc_6_std,mfcc_6_var,mfcc_delta_6_mean,mfcc_delta_6_std,mfcc_delta_6_var,mfcc_7_mean,mfcc_7_std,mfcc_7_var,mfcc_delta_7_mean,mfcc_delta_7_std,mfcc_delta_7_var,mfcc_8_mean,mfcc_8_std,mfcc_8_var,mfcc_delta_8_mean,mfcc_delta_8_std,mfcc_delta_8_var,mfcc_9_mean,mfcc_9_std,mfcc_9_var,mfcc_delta_9_mean,mfcc_delta_9_std,mfcc_delta_9_var,mfcc_10_mean,mfcc_10_std,mfcc_10_var,mfcc_delta_10_mean,mfcc_delta_10_std,mfcc_delta_10_var,mfcc_11_mean,mfcc_11_std,mfcc_11_var,mfcc_delta_11_mean,mfcc_delta_11_std,mfcc_delta_11_var,mfcc_12_mean,mfcc_12_std,mfcc_12_var,mfcc_delta_12_mean,mfcc_delta_12_std,mfcc_delta_12_var,mfcc_13_mean,mfcc_13_std,mfcc_13_var,mfcc_delta_13_mean,mfcc_delta_13_std,mfcc_delta_13_var,spectral_centroid_mean,spectral_centroid_std,spectral_centroid_var,spectral_bandwidth_mean,spectral_bandwidth_std,spectral_bandwidth_var,spectral_rolloff_mean,spectral_rolloff_std,spectral_rolloff_var,spectral_contrast_mean,spectral_contrast_std,spectral_contrast_var,spectral_flatness_mean,spectral_flatness_std,spectral_flatness_var,pitch_mean,pitch_std,pitch_min,pitch_max,pitch_range,pitch_median,pitch_skew,voiced_ratio,speaking_rate,speech_segments,avg_segment_duration,pause_mean,pause_std,pause_max,pause_total,harmonic_energy,percussive_energy,onset_count,hnr_mean,hnr_std,jitter,shimmer,articulation_speed,word_count,label
302,208.096,0.8369375000000048,248.63953564090886,0.004005770990512229,0.024168147,0.016758228,0.0051195263,0.19138868,0.18626915,0.020183973,0.00028083823,0.35723089945444103,0.10220308623001985,0.010445470834940872,-213.74954,49.56449,2456.6387,-0.020647502,8.964199,80.35687,7.9146295,29.916525,894.9984,-0.008785654,5.6828218,32.294464,-26.559776,19.071053,363.70508,-0.00117412,3.8543265,14.855832,7.150115,18.546175,343.96063,0.0013023517,3.518683,12.38113,-23.497358,12.2678385,150.49986,0.0032980756,2.3276682,5.418039,-9.618636,11.45491,131.21497,0.0032756017,2.2594066,5.1049185,-20.515142,8.937249,79.87443,-0.0004317221,1.6645001,2.7705607,-4.5050955,10.466656,109.55089,0.0026132376,1.9662217,3.8660276,-23.502548,8.086729,65.39518,0.0038358504,1.5034132,2.2602513,-1.4297863,7.8782063,62.06613,0.0037645036,1.5382419,2.366188,-18.093197,8.217813,67.53245,-0.00034998154,1.4761571,2.1790397,0.6490062,6.7291737,45.28178,-0.0022939618,1.2955546,1.6784618,-16.58396,6.4470034,41.56385,-0.0009163909,1.2162946,1.4793727,3150.388673889026,625.1509056734011,390813.6548642736,1943.490051354126,188.84521429343667,35662.51496153402,5482.250191424196,735.1373163032251,540426.8738215081,22.13985350383333,10.340062246550602,106.9168872625411,0.14645301,0.08905162,0.00793019,145.53732382718914,12.140830045339671,98.56656061031477,194.86885420251932,96.30229359220455,145.14587018501834,0.5781625558734658,0.24946401221294578,0.0382897981319963,8,26.011996748500408,0.11885714285714347,0.18792964380429236,0.5760000000000005,0.8320000000000043,-6.746447e-06,-8.505038e-06,1065,559.2294,30891.729,0.010201208371840844,0.11707992220421473,2.9169229586344763,607,0
303,515.1360000000001,127.79406249999988,4.030985367328903,0.19876821749955095,0.017664555,0.015099647,0.0013786671,0.13506375,0.13368508,0.014453102,0.00022799936,0.3062713033716778,0.14182664766891973,0.020114797989003893,-303.51123,66.29159,4394.5747,-0.008829238,11.157546,124.49083,13.799604,35.502247,1260.4095,-0.0043571666,6.6790257,44.609383,-34.82951,31.989851,1023.3506,0.0016847814,6.3136373,39.862015,-4.3326178,25.123817,631.20624,0.003963423,4.763334,22.68935,-27.81223,19.089762,364.41904,0.0025834786,3.665594,13.43658,-17.803438,15.456017,238.88844,-0.0004960553,2.8134022,7.915232,-23.933083,12.50903,156.47583,0.00023178823,2.394669,5.7344403,-8.156943,12.811162,164.12587,0.001495696,2.2136998,4.9004674,-14.800965,9.667138,93.45356,0.00018277369,1.8523198,3.431089,-9.467272,8.241072,67.91527,3.1608048e-05,1.464184,2.143835,-18.55605,7.627039,58.171722,-0.0003969206,1.3298272,1.7684404,-2.8570004,7.4894056,56.091194,-0.00020255194,1.3222499,1.7483449,-12.366637,6.844452,46.84652,0.00052590726,1.2166564,1.480253,2899.566840125576,953.6499889494087,909448.3014232074,1857.963770424649,274.9553756312743,75600.45858853516,4975.281673053952,1245.9414204014606,1552370.0230720092,22.571972814025074,9.213865357446783,84.89531482515794,0.10192728,0.10232693,0.0104708,270.00677742162213,77.62842100861859,82.40688922821748,1514.5705295500206,1432.163640321803,258.62053938239393,9.850918391816943,0.4951224367661197,0.7294728110493356,469,1.098370999790254,0.27247863247863235,0.2524146161225965,1.408,127.51999999999994,-1.216155e-05,-3.100833e-06,3287,772.78516,59817.523,0.011120286781839394,0.09022416687423487,3.8028792396571,1959,0
304,222.97599999999932,139.6239375000007,1.5969754355554024,0.3850633247833935,0.021738406,0.023698837,0.0017867921,0.3100254,0.3082386,0.01372915,0.0005616349,0.2848388154810492,0.12020156651309823,0.014448416592202779,-284.3515,61.693043,3806.0317,0.003229764,10.423458,108.648476,17.956587,26.902754,723.7581,-0.0013316168,4.8419523,23.444502,-37.119118,31.42229,987.3604,-0.0005692214,5.7749567,33.350124,2.0206945,21.146675,447.1819,0.00021911786,3.9269688,15.421083,-24.416845,16.959875,287.63736,8.013995e-06,3.1003127,9.611938,-20.636965,14.975937,224.27869,0.0011553082,2.600569,6.7629595,-21.0518,10.855235,117.83613,-0.0002656381,1.9009413,3.6135776,-2.0651689,12.413704,154.10004,-0.000359315,2.262181,5.117463,-13.906893,8.646672,74.764946,-0.0005761162,1.5912865,2.5321927,-4.2453914,7.737141,59.86335,-0.00027520797,1.4109681,1.990831,-17.240915,7.2644057,52.77159,-5.826368e-05,1.3144035,1.7276567,-2.4917982,7.433383,55.255184,0.0003239288,1.3299484,1.7687627,-12.184905,6.043278,36.521214,-0.00020917329,1.1284732,1.2734517,2748.8969489368956,706.5448790298665,499205.6660833287,1839.6067202746542,292.78528264137054,85723.22173138724,4847.090236719026,1189.3917283447445,1414652.6834548984,22.246249660144247,8.8303138967212,77.97444351462755,0.10671028,0.10827597,0.011723686,295.27690528033025,66.49009457696899,126.35681904967383,864.8821267198209,738.5253076701471,275.58617649730814,2.9193728505998413,0.4939110483150449,1.3430780031505107,487,0.4578562618935176,0.286028747433264,0.3072623891154938,2.4320000000000164,139.29599999999957,-1.0324867e-05,-4.933926e-06,1721,1457.0273,125407.12,0.010196506985524423,0.08319155961026302,4.345759184845019,969,0
305,743.6799999999998,374.80993750000016,1.9841522958975633,0.33510353999049736,0.023620525,0.024577104,0.0020519162,0.31236508,0.31031317,0.016497558,0.000604034,0.14825761278985353,0.04994842304344187,0.0024948449645266347,-285.65457,66.294525,4394.9644,0.00070403644,10.87171,118.19408,88.26366,28.500988,812.30634,3.8349204e-05,5.3361106,28.474075,-39.549877,29.753063,885.2448,-0.00020465867,5.3471284,28.591782,-2.406996,23.8024,566.55426,-0.00032013757,4.203349,17.668144,-22.215202,18.017374,324.62576,0.00029175935,3.2621274,10.641476,-14.554707,11.421511,130.45091,-0.00020937507,2.0739336,4.301201,-21.6941,14.4331,208.31436,-0.000219367,2.4506881,6.005872,-16.687868,11.886716,141.294,7.808228e-05,2.0630512,4.2561803,-9.977269,9.68665,93.831184,6.762275e-05,1.7850795,3.1865087,-12.815594,9.990014,99.80038,0.00017282924,1.8011607,3.24418,-7.6148586,10.230077,104.65448,4.794948e-05,1.8122799,3.2843585,-2.9161165,8.237455,67.85567,6.3946565e-05,1.4398693,2.0732236,-16.100496,8.217268,67.5235,0.00017882219,1.4996028,2.2488086,1779.9020985755733,463.9046460237071,215207.52060238097,1555.4657163809761,368.4931955298854,135787.23515182635,3352.086417832518,1146.3060619146413,1314017.5875822534,22.198247604596993,8.706514651850155,75.80339738288143,0.036139205,0.042765193,0.0018288617,172.25254445683677,108.64504918598082,65.40639132514966,1095.9956676757638,1030.5892763506142,155.56349186104043,5.5487277957372925,0.21431636768762863,1.098802911671255,1229,0.6051098449104068,0.3043775427176568,0.30893963485160864,2.688000000000102,374.08000000000027,-9.0912945e-06,-6.1661626e-06,3182,1806.0251,529683.06,0.02384924970770641,0.15811849719149337,4.42797977624785,3293,0
307,718.4640000000005,125.32106249999947,5.7329867775978745,0.14852249473188497,0.026981205,0.023942675,0.0012842243,0.20892942,0.2076452,0.02018387,0.0005732517,0.1810175937535553,0.08471371103085998,0.0071764128366200485,-284.8763,63.7811,4068.029,-0.00012438207,11.38798,129.6861,59.57725,27.12071,735.53296,6.92558e-05,5.1891885,26.927675,-48.696804,38.648903,1493.7378,-0.00012450056,7.644179,58.43347,7.4051337,24.883213,619.1743,-3.545445e-05,4.4411163,19.723515,-30.683027,20.3288,413.2601,3.8073773e-05,3.8755329,15.019754,-23.667498,15.628353,244.2454,0.000120872006,2.7099786,7.3439837,-26.486774,13.194413,174.09253,0.00029719435,2.408536,5.8010454,-13.585959,12.249748,150.05634,-9.943385e-05,2.1609502,4.6697054,-7.8485923,11.852568,140.48337,5.185599e-05,2.1762292,4.7359734,-17.282036,9.984615,99.692535,9.743681e-05,1.7412477,3.0319436,-11.880396,9.335532,87.15217,6.56436e-05,1.6887721,2.8519511,-4.5676894,9.205057,84.73308,1.5243816e-05,1.6671604,2.779424,-9.022072,8.252087,68.09694,0.0001603271,1.4708494,2.163398,2092.4821331404605,646.2750501916288,417671.4405001923,1600.1741380896206,401.6243775218258,161302.14061979405,3814.068188497857,1215.2738915510822,1476890.6314857116,23.446947414080626,7.86946406898253,61.92846473300707,0.033118833,0.047478873,0.0022542432,297.0170738949234,97.64099609244118,113.87914162255151,1266.2615504095218,1152.3824087869702,270.8517709358815,3.698708642667335,0.5756380598211673,0.8497424662575134,717,1.0020418396066368,0.17437099023709948,0.18216519437772222,1.343999999999994,125.02400000000033,-1.0651695e-05,-4.6098626e-06,3032,3290.747,245791.16,0.012332387398781855,0.13180619116834566,3.5770755389274873,2570,0
310,229.18399999999963,56.66593750000038,4.0444755009219175,0.19823666219972633,0.016954917,0.014708311,0.00026619303,0.10671556,0.106449366,0.014481387,0.00021633442,0.3385951974070861,0.12831280162149658,0.016464175059957536,-317.40762,120.01889,14404.533,-0.022051109,21.441006,459.71674,19.770458,52.461395,2752.198,-0.0021139542,10.209065,104.22502,-29.300625,33.579388,1127.5752,-0.0028928388,6.57116,43.18014,7.0077615,24.974453,623.72327,0.0009524056,4.6976876,22.068268,-18.362991,20.287828,411.596,0.0017279163,3.5856664,12.857004,-7.036272,16.201124,262.47644,0.000731792,3.031884,9.192321,-28.45342,15.974395,255.18129,0.0024517525,2.9234345,8.546469,-7.999333,14.943321,223.30284,0.002166282,2.6492834,7.018702,-20.703474,13.198352,174.19649,0.0015358236,2.316507,5.3662057,1.9772867,12.813232,164.17892,0.001823916,2.3486419,5.516119,-17.31113,10.681854,114.10201,0.00076269195,1.9014864,3.6156507,-1.1297277,8.64615,74.7559,-0.0018889182,1.5860643,2.5156,-13.171581,10.057398,101.15125,0.0018624472,1.7664895,3.1204853,2994.8644417641094,967.7220652704866,936485.9956113759,1795.6529473266326,293.3949214652766,86080.57994161583,5036.92243647151,1198.6245970066957,1436700.9245494634,21.016077156394527,9.174066060571334,84.16348808372683,0.10920545,0.101475455,0.010297268,117.03681767252682,14.715883896133308,89.3477635991859,171.61434972294217,82.26658612375627,115.86971395503193,0.8136629037875733,0.05339751482666545,0.9095681540948386,260,0.8814769196866258,0.2176988416988423,0.19831028016403016,1.1839999999999975,56.38400000000016,-9.6741005e-06,-5.5840605e-06,1327,144.99146,7035.2646,0.016565865055524306,0.1181496293721356,4.620741413013132,1059,0
312,233.40799999999965,80.49193750000038,2.8997686519874106,0.2564254652009938,0.028863817,0.028582532,0.0,0.21029243,0.21029243,0.021151777,0.00081696117,0.2653042076803007,0.14890957929346835,0.02217406280535774,-307.33105,144.24751,20807.344,-0.0385054,21.789963,474.80246,27.802683,59.96759,3596.1118,0.002403109,11.628304,135.21744,-12.1889925,32.28715,1042.4601,-0.0045968564,6.251943,39.086792,9.728614,25.566027,653.6217,-0.00065379555,4.7537456,22.598095,-13.20387,21.44517,459.89526,-0.0019169706,4.0888314,16.718542,-11.037209,21.446188,459.939,-0.00063939515,4.063814,16.514587,-18.645393,16.156197,261.0227,0.0050489474,2.974639,8.848477,-11.722098,16.478447,271.53925,-0.0020882038,3.027826,9.16773,-15.421942,13.738532,188.74725,0.0016844982,2.3780878,5.6553016,-0.58932877,11.784299,138.8697,-0.00088187715,2.1850116,4.7742753,-16.211452,12.425012,154.38092,0.0005866672,2.1696808,4.707515,-3.1433494,10.159416,103.213745,0.0012859193,1.8594712,3.4576333,-15.180363,10.205323,104.14861,0.0002691082,1.702967,2.9000967,2615.155948832105,1261.6055973359275,1591648.6832293428,1709.0900508079583,531.0309825387454,281993.9044160653,4501.7647808358815,1776.5327419595246,3156068.583254227,21.013564708995492,10.133965891600484,102.69726469212199,0.15411012,0.24715553,0.061085857,143.5756771160981,32.67947400449016,84.33305895682803,372.1377785978373,287.8047196410093,136.9994584594705,1.8883484247324756,0.17981651374313795,0.9557185719414167,300,0.7780266640732433,0.26830769230769147,1.1103041670878009,19.104000000000013,80.22399999999975,-7.0675096e-06,-7.18774e-06,1268,486.28555,83362.695,0.016690579478194082,0.1096282411897141,5.085515492185365,1187,0
313,212.5119999999998,55.33293750000021,3.840605718057048,0.2065857134223424,0.03082543,0.027758433,0.0,0.23652305,0.23652305,0.024282241,0.00077053055,0.2973610063761797,0.15408890330067404,0.023743390120404474,-277.99905,107.92124,11646.994,-0.048697095,17.779655,316.11615,22.525663,55.35781,3064.4873,-0.018264681,11.102595,123.26762,-34.36813,35.472454,1258.295,0.011369522,7.097154,50.3696,4.396357,26.112831,681.87994,-0.000688093,4.901795,24.027594,-23.267818,24.037325,577.793,0.00043551187,4.4885488,20.14707,-1.9359987,12.716629,161.71266,0.00051974965,2.3998487,5.759274,-27.231613,15.8347435,250.7391,0.0056750625,2.828626,8.001124,-14.003278,16.72987,279.88852,0.008047041,3.2408953,10.503403,-13.127466,12.612809,159.08296,-0.0024321638,2.3556302,5.548993,-7.6119,13.891953,192.98636,0.0027246887,2.5310836,6.4063845,-8.309675,11.360197,129.05408,0.0037227522,2.0033278,4.013323,-0.7382473,8.915855,79.492485,-0.0013425456,1.6754957,2.807286,-17.451431,10.856569,117.8651,0.0011191423,2.0111568,4.0447516,2782.387431189772,1138.1210613495368,1295319.5502873964,1666.0123928461635,389.29452427171725,151550.22662794267,4625.275318062359,1379.8556385662018,1904001.5832829408,22.700533854363957,9.674893342646874,93.6035611915928,0.106798716,0.17003599,0.028912237,151.26026527133726,89.42363099345481,71.32617550580554,937.7284414330662,866.4022659272607,137.79308824865404,7.856008010531189,0.38681161146973936,0.9184418503336468,246,0.8638699151875199,0.22491428571428543,0.45396288259670525,6.719999999999999,55.10399999999993,-1.0557363e-05,-4.3725145e-06,1072,847.958,138709.98,0.012271641864305256,0.09652886826297621,3.3974552025297426,722,0
315,293.82193749999914,179.13600000000088,1.6402171303355024,0.3787567261200704,0.009254882,0.00944592,0.0,0.17814423,0.17814423,0.007452574,8.9225396e-05,0.21484097492388363,0.14610639194064437,0.021347077765913193,-398.3277,112.97677,12763.75,0.011243878,17.032404,290.10278,52.049744,59.403053,3528.7227,0.009249083,10.51793,110.62685,-19.680761,35.570583,1265.2664,0.0071196747,6.6854277,44.694942,-1.0820066,29.644056,878.7701,0.00052364386,5.434406,29.532764,-10.35464,21.347263,455.70563,-0.0017456536,3.9123292,15.30632,-15.918674,20.157503,406.32495,0.00031548043,3.852314,14.8403225,-11.4310255,17.559322,308.32977,-0.0013144078,2.9899838,8.940003,-7.9366026,14.8034,219.14064,-0.00037750823,2.605223,6.787186,-15.699722,12.818311,164.3091,-0.0022271865,2.2460108,5.0445642,-0.15872288,12.884016,165.99786,-0.001900196,2.3596888,5.5681305,-13.840649,10.724527,115.015495,-0.0015000075,1.8624539,3.4687345,-0.043082066,9.592892,92.02357,-0.00019025106,1.8070321,3.2653651,-15.596232,10.997509,120.94521,-5.4603468e-05,1.9237056,3.7006433,2341.1195356054636,1181.228709190754,1395301.2634164547,1732.2962066928035,506.4608657877627,256502.60857449018,4206.991606055481,1911.0235735248375,3652011.0985676404,21.48900259180677,8.949934642725736,80.10133010906225,0.10629179,0.20435615,0.041761436,160.07790445615126,40.63925220896533,71.32617550580554,821.0690325523904,749.7428570465848,152.01041679645533,11.378009614635147,0.4356562922573981,1.5963364606815589,755,0.3891681286236172,0.2372662251655617,0.5309490060306697,11.872,179.1359999999991,-1.0475959e-05,-4.1543285e-06,1774,301.77646,19695.88,0.011069553733767733,0.08520827146000592,4.546971582065767,1336,0
316,145.98399999999978,59.686000000000206,2.4458666614303626,0.29020275198133033,0.01401073,0.012980739,0.0,0.17787214,0.17787214,0.011196849,0.00016849957,0.3195291078825062,0.1583535333347081,0.025075841519586514,-330.2748,105.051125,11035.738,-0.05690082,17.204128,295.98203,20.158066,54.348263,2953.7336,0.004366416,10.774775,116.09576,-26.05605,34.137234,1165.3508,0.0024373322,6.6423345,44.12061,10.417857,28.088669,788.97327,0.0007844633,5.4789395,30.018776,-20.278603,21.461823,460.6098,-0.00012716923,4.175407,17.434025,-6.678307,14.847348,220.44376,0.005461014,2.7784708,7.7198997,-15.812031,13.565294,184.0172,0.004629693,2.4727683,6.114583,-11.700225,13.6407175,186.06918,-0.00015065384,2.6034386,6.777893,-14.205821,11.104897,123.31873,0.0018306025,1.9199265,3.686118,1.282886,11.808723,139.44595,-0.0026261865,2.2390428,5.0133123,-10.587243,8.735384,76.30694,0.0010124138,1.5711414,2.4684854,-1.1789118,8.110186,65.775116,4.7986377e-06,1.5212381,2.3141654,-10.329865,7.861782,61.807617,0.0010151212,1.4691604,2.1584325,2880.555699578412,1204.3594923016603,1450481.7866971132,1704.3841181406833,432.5639556147289,187111.57569706117,4733.812276369011,1584.3539287698366,2510177.371608416,20.98931990676898,9.12526468977459,83.27045565844696,0.1382577,0.18598615,0.034590848,126.1319293307719,10.591970420222847,99.13755088719131,197.13312122062953,97.99557033343822,124.90548719779652,1.5627942999909772,0.18855009331229775,1.3322312442261877,274,0.5327883192233995,0.21767032967033018,0.44788829033756017,6.943999999999988,59.424000000000134,-9.865272e-06,-4.913901e-06,900,188.62173,7146.8486,0.012899319768475477,0.11236192778230797,4.137439719421312,604,0
317,199.5199999999998,42.79593750000018,4.662124654656165,0.17661214504308112,0.022210626,0.019365463,0.0004600043,0.18719018,0.18673018,0.017761605,0.00037502116,0.28905211926828867,0.14682178954616218,0.021556637885537536,-296.56656,94.63091,8955.01,-0.049936417,17.087831,291.99396,25.91156,57.42326,3297.431,-0.011480388,10.439898,108.991455,-34.64212,36.62534,1341.4154,0.005971278,6.6410775,44.103912,9.8651,27.587664,761.07916,-0.008195869,4.9582396,24.58414,-26.13447,18.921328,358.01663,0.0044941567,3.51615,12.363311,-15.847086,19.579987,383.3759,0.008152513,3.683019,13.564628,-19.553661,16.883856,285.06458,0.0018789469,2.9405615,8.646902,-17.065657,17.364908,301.54007,0.005634129,3.1407058,9.864033,-16.665415,12.514703,156.61778,0.0017014449,2.285678,5.2243233,0.40416965,13.0093565,169.24336,0.00225122,2.4799151,6.1499796,-16.340702,9.916621,98.33938,-0.0009549326,1.7297642,2.9920843,-2.9938397,10.274868,105.57292,0.0008907986,1.9077654,3.6395686,-15.40663,10.245425,104.968735,0.001797439,1.8482313,3.4159591,2748.7096181303373,1004.4608374198093,1008941.5739101046,1689.6700192336627,310.3897962483377,96341.82561508458,4526.17852898455,1276.730885366345,1630041.7536483314,22.344810975251793,9.2074465244512,84.7770715006285,0.082270764,0.09890723,0.009782641,146.180783771453,32.13533616886297,95.76056196257365,298.79793764201077,203.0373756794371,139.3941668115768,1.7777882915547398,0.27492407232603666,0.9780619568203186,237,0.8418565365322501,0.18074576271186363,0.2007693333004563,1.695999999999998,42.655999999999814,-1.1002647e-05,-4.260085e-06,832,412.36127,36321.01,0.012203724086719644,0.09649812124770055,2.98716920609463,596,0
318,87.19999999999993,142.31993750000007,0.612704030925364,0.6200765783146838,0.009836716,0.016413841,0.000285894,0.14176716,0.14148127,0.0010771467,0.0002694142,0.37577656663878434,0.1561439802882656,0.024380942580262275,-437.08496,140.42392,19718.877,-0.007068361,16.30694,265.91632,16.110468,51.36191,2638.046,0.0027384325,7.7149954,59.521156,-21.986408,31.161148,971.01715,0.00061660714,5.3875546,29.025747,3.696449,20.151812,406.0955,-0.00086777966,3.660753,13.401113,-14.993864,17.188335,295.43887,0.00033713525,2.8603458,8.181579,-4.655958,13.791181,190.19667,0.00010299935,2.3790152,5.6597137,-14.707926,11.750512,138.07454,-0.0006838626,1.9789312,3.9161685,-5.72256,14.255201,203.21075,-0.00051242945,2.1645753,4.6853867,-11.920213,9.61489,92.44611,0.0017895417,1.5583574,2.4284775,-2.4130497,10.943137,119.75224,-0.0007389504,1.8043826,3.2557964,-10.814615,9.232423,85.23763,-0.0009048702,1.446011,2.0909476,-2.9094684,6.846928,46.880424,0.0003434014,1.1771462,1.385673,-10.376474,7.7436914,59.964756,0.0014249828,1.2708062,1.6149485,3202.440598667751,1048.1784340265592,1098678.0295583701,1856.3747336478575,331.7312089716426,110045.59500578762,5287.643332636275,1412.7057964732921,1995737.6673892385,19.351819315883038,8.029284495142544,64.46940950393648,0.19986531,0.15138274,0.022916734,129.93995339655322,28.11602052910917,91.43616857570666,290.2917403700367,198.85557179433002,120.65074776640884,2.3875057697613387,0.17844695382985543,0.4879750370270121,112,0.7785714216198975,1.2657142857142862,2.159216108702793,10.176000000000016,141.76000000000005,-1.2652908e-05,-2.5999595e-06,522,440.91916,129382.69,0.014137238950928766,0.09419337915377825,7.70642201834863,672,0
319,61.471999999999774,162.99800000000022,0.37713345944653454,0.7261460328774456,0.0024924325,0.0037239983,0.00011463744,0.09203475,0.091920115,0.0019010158,1.38681635e-05,0.27919441598360656,0.1202168211410544,0.014452084085260265,-481.7891,76.216896,5809.015,-0.016114056,13.386985,179.21136,24.688524,47.205177,2228.3286,0.004441257,9.369861,87.79428,-29.585928,25.386835,644.4914,0.0019930638,4.8534927,23.556393,10.637284,25.752583,663.1955,-0.0059762215,4.977925,24.779736,-12.918445,18.461872,340.84073,0.0022888011,3.4195025,11.692998,-14.099395,16.979767,288.3125,0.0010680343,3.2537105,10.586632,-19.463717,13.826501,191.17213,0.0044478616,2.5666707,6.5877986,-4.438913,11.993432,143.84242,0.0019686436,2.2244275,4.9480777,-19.52023,12.496767,156.16919,0.0008071189,2.3777668,5.653775,-1.4967904,11.230081,126.1147,0.0039551044,2.0987663,4.4048204,-11.759248,10.272527,105.5248,0.00042115944,1.9244839,3.7036383,-2.7209492,8.295143,68.809395,0.00087999535,1.4942197,2.2326925,-9.2351,8.375751,70.15319,0.00028813214,1.5180364,2.3044343,2741.9155269864427,818.5761413386261,670066.8991688344,1813.5912719002492,242.27900751650708,58699.1174831837,4781.600810762651,1139.1610631766862,1297687.9278578379,20.265318607130713,7.208234018862393,51.95863767068508,0.1025727,0.09623894,0.009261933,154.00661264860727,32.28458891696196,83.8473362790669,322.09885310803753,238.25151682897064,147.682975305829,0.8426976955760063,0.2618674269049369,1.2963870450394261,291,0.2112439855283704,0.5553264604810991,0.61657913371396,3.7439999999999998,161.59999999999985,-1.4588688e-05,-6.7541873e-07,915,63.32962,2137.9368,0.007731787739316953,0.06793612885041311,10.75286309213955,661,1
320,123.5519999999997,125.69787500000031,0.9829283034185827,0.5043046661507866,0.010827986,0.015371302,0.00020270234,0.17027603,0.17007333,0.005268408,0.00023627692,0.33415041569720794,0.13936662888419243,0.019423057246544223,-408.71063,123.461464,15242.733,0.021895962,20.298693,412.03693,12.750234,40.832443,1667.2886,-0.0026914605,7.795085,60.76335,-29.946644,34.49708,1190.0487,-0.005439998,6.725575,45.23336,6.1743712,22.877647,523.3868,0.007201251,4.4359326,19.6775,-27.75312,20.36348,414.6713,-0.00067437516,3.8825438,15.074147,-5.6499047,16.993229,288.76984,0.00029962807,3.0946326,9.576751,-25.294367,16.554544,274.05295,-0.0056821927,2.844806,8.09292,-2.2247496,17.435476,303.99582,-0.0010980667,2.9349353,8.613846,-14.147557,12.94425,167.55362,-0.00023109549,2.3571975,5.55638,-8.877876,11.71816,137.31528,0.001081814,2.1228104,4.5063233,-13.793002,10.151781,103.05866,-0.0008510566,1.875091,3.515966,-8.120297,10.248163,105.02484,-0.0015793721,1.831419,3.3540955,-7.184293,8.650458,74.83044,-0.001514308,1.5363517,2.3603764,2970.1968360286764,886.1921544861133,785336.5346727393,1807.9780850897585,268.3144797708256,71992.66005468876,5003.374719191271,1033.6886612553296,1068512.2484078358,20.96818307249401,8.017320546203536,64.27742874057736,0.117126815,0.116339825,0.013534956,294.5514481657157,202.93425185929257,65.40639132514966,1801.1380499143238,1735.7316585891742,254.17759331190004,5.748038730838556,0.31951219508093553,1.1233706737064562,280,0.4412571412812234,0.4471999999999996,0.4809545746296031,2.6880000000000166,125.21599999999988,-1.2999911e-05,-2.260011e-06,900,305.47177,24973.982,0.00930170280512338,0.08389255883837259,6.029849779849795,745,1
321,124.6399999999998,165.81000000000017,0.7517037527790599,0.5708727836116377,0.009771006,0.013466276,0.0006530128,0.18275206,0.18209904,0.003009477,0.00018134058,0.37012089923363994,0.14606088542878684,0.021333782252241196,-388.3505,95.73412,9165.022,0.0056339004,12.302393,151.34888,-0.023987105,38.742825,1501.0066,-0.0048271893,7.078887,50.110638,-28.56072,27.304146,745.51636,0.0014415563,5.1648197,26.675362,-2.1071136,20.356909,414.40372,0.0001973092,3.8459547,14.791367,-20.759218,15.691901,246.23576,-0.0013049685,2.6748428,7.1547837,-7.058432,14.514898,210.68228,-0.0005461347,2.561197,6.5597305,-23.824112,12.741947,162.35722,-0.00034716746,2.173875,4.725733,-6.808649,13.383324,179.11336,0.00022535518,2.2643166,5.1271296,-13.354838,10.826674,117.21688,-0.0018252244,1.8729706,3.5080187,-4.527555,11.075428,122.665115,-0.000655521,1.8114206,3.2812445,-13.491549,8.326756,69.334854,-0.0013808319,1.4696379,2.1598353,-5.4101253,9.312542,86.72344,0.0006575535,1.6418433,2.6956494,-7.7942,7.110168,50.55449,-0.001990602,1.227731,1.5073233,3275.666506686396,903.6301833685973,816547.5082947648,1887.8141562369854,274.25746732092136,75217.15838128625,5424.630935331056,1134.2275832576754,1286472.210622547,20.229965470652544,8.567904020700023,73.40897930792762,0.18394674,0.14009443,0.019626448,227.6512905999205,26.27967122961025,107.48759652776705,367.86341164694414,260.3758151191771,227.75828324510303,-0.8861669076403779,0.2506334691802761,0.6679290755723877,194,0.6424742234923999,0.8504742268041242,1.5541697494676983,10.72,164.9920000000001,-1.3958714e-05,-1.3027259e-06,930,417.51807,25918.773,0.011437317733266623,0.10098046200703921,7.2609114249037345,905,1
322,421.44000000000005,55.68706249999997,7.568005448877733,0.11671327593160777,0.030195985,0.022784833,0.0009814956,0.18833525,0.18735376,0.02552608,0.0005191486,0.24491013214866542,0.13170099882838032,0.017345153092393033,-257.6096,91.418686,8357.376,-0.017689582,17.118412,293.04004,32.80817,51.470295,2649.1914,-0.0058433623,10.482311,109.87885,-23.038717,28.2733,799.37946,0.0022387465,5.6144724,31.522299,15.669371,29.081526,845.7351,-0.0011677968,5.711767,32.624283,-20.395872,20.205107,408.24634,0.0033504434,3.9094572,15.283855,-12.198987,17.688118,312.8695,0.004203273,3.4830997,12.131983,-27.66443,15.320179,234.70787,0.0031830831,2.7897217,7.7825475,-5.02963,11.464756,131.44063,0.0012000927,2.140566,4.5820236,-25.918833,12.331075,152.0554,0.002628821,2.3314912,5.4358516,-5.1883044,11.986968,143.68741,0.0019184857,2.2942455,5.263562,-18.761244,10.091971,101.84788,-9.908498e-05,1.8375098,3.376442,-5.3907695,9.461453,89.5191,0.0002341439,1.8375428,3.3765635,-22.216759,8.792073,77.30055,0.00068368023,1.6348643,2.6727815,2575.311228044714,885.8612939593686,784750.2321353669,1790.8215810816957,280.4621473376562,78659.01608924915,4632.721858024277,1155.8842111011347,1336068.3094728924,22.166047512147465,9.832208158982002,96.67231728155227,0.07314287,0.09118554,0.008314802,158.39402461144365,37.020456579493725,65.40639132514966,295.3659506116579,229.95955928650827,160.1218501126406,-0.6704155566142354,0.2898531285433671,0.6434344729712329,307,1.3727687251701346,0.1818562091503259,0.14609659345210543,0.8000000000000114,55.647999999999726,-1.0290523e-05,-4.968747e-06,2645,1087.4404,79238.664,0.019652498487949137,0.12796985979823267,3.585326499620349,1511,0
324,218.78399999999974,56.11600000000024,3.8987810268233263,0.20413241178610494,0.013744934,0.010843681,0.0,0.14299318,0.14299318,0.012711914,0.00011758541,0.3375935412968514,0.11385073434050422,0.012961989709872068,-310.63992,105.541176,11138.939,-0.03619847,18.394577,338.36047,12.951194,39.268764,1542.0358,-0.0056824246,7.564682,57.224415,-19.456028,21.947952,481.71262,-0.0015291006,4.1587334,17.295063,1.971282,23.114008,534.2573,-0.0043254136,4.379679,19.18159,-11.090892,21.235273,450.93686,-0.00055911625,4.007243,16.057997,-8.137428,15.657681,245.163,0.0042852075,2.9945767,8.967489,-22.319725,14.872901,221.20319,0.0015351516,2.6674242,7.1151514,-6.6096597,12.621287,159.2969,0.0040219096,2.3739564,5.635669,-24.97546,13.727116,188.4337,0.003397346,2.5057676,6.2788715,3.1852324,11.918279,142.04536,0.0022224046,2.27692,5.184365,-18.692186,11.99387,143.85292,0.0014094589,2.2183523,4.9210873,2.8643498,9.851025,97.04269,-0.0017989434,1.8588661,3.455383,-14.940713,9.597768,92.11714,0.0036950782,1.7774853,3.1594539,3163.77913045068,788.345869448669,621489.2098767778,2007.7802671355953,306.1635498809339,93736.1192756951,5616.28721190781,942.8964876295692,889053.7863841782,21.78938700542559,9.595294266612148,92.06967206287996,0.13616748,0.13706493,0.018786795,124.12978120051379,15.854746757494466,73.4161919793519,183.93170582347207,110.51551384412018,122.75968568932456,0.5456916066302763,0.06681410777944195,0.9057839214259732,249,0.8786505988809202,0.22593548387096712,0.2705699999444279,3.904000000000025,56.03199999999985,-9.664939e-06,-5.3805925e-06,1124,206.23157,11517.433,0.014409544944673704,0.13246382968302084,3.8713982740968307,847,0
325,464.25599999999974,50.49406250000027,9.194268946091006,0.09809433000311732,0.025816524,0.017999092,0.0005627398,0.18781535,0.18725261,0.022046028,0.0003239673,0.26743797862854346,0.14963657764247806,0.022391105368553363,-290.40625,80.38534,6461.8022,-0.013170077,13.494768,182.10878,11.646068,51.633194,2665.9866,0.005267353,9.967487,99.3508,-33.50397,40.036434,1602.916,-0.0033111367,7.9374537,63.00317,-5.078392,26.623425,708.80676,0.00074283854,5.0476465,25.478735,-22.29873,19.12128,365.62338,3.744147e-05,3.7133248,13.78878,-21.954567,20.077162,403.09244,0.0027073012,3.7209451,13.845433,-23.23834,17.148489,294.07068,0.00032734778,3.2410657,10.504507,-13.181346,13.728159,188.46236,0.0003213107,2.5885937,6.7008176,-19.889286,14.916348,222.49745,-0.0007855915,2.856288,8.1583805,-5.0789375,11.234717,126.21887,0.000119582255,2.1102016,4.452951,-18.019508,10.209466,104.2332,0.0003761259,1.9089943,3.6442595,-5.3626165,9.442135,89.15391,-0.00048331983,1.7592231,3.094866,-15.073446,8.065576,65.053505,0.0004192215,1.505918,2.2677891,2841.636461483621,1139.79287677865,1299127.8019553507,1806.010509009201,314.0170593968039,98606.71359221589,4809.332940911351,1438.4208898363502,2069054.6563175975,23.980514049708976,10.30376052886331,106.16748103616152,0.06691929,0.08562454,0.0073315618,253.9430314406802,33.3539800227865,113.87914162255151,508.35518662380014,394.4760450012486,245.51937137864914,2.4623929401029643,0.6077334327609266,0.580864426801308,299,1.55269564698095,0.16880536912751892,0.18078604202566884,1.1200000000000045,50.30400000000064,-1.2965006e-05,-2.3000457e-06,2664,1860.8134,77527.79,0.010528834876042177,0.08053702532261016,3.827629583677973,1777,1
326,136.79999999999993,31.710000000000065,4.314096363478502,0.18817874310130003,0.017552018,0.014619401,0.00045625717,0.18486133,0.18440507,0.014559607,0.00021372689,0.29252469779600265,0.14134111880459382,0.019977311864934306,-297.92047,90.142105,8125.5996,-0.034242716,16.668879,277.8515,22.024654,48.799755,2381.416,-0.013574027,9.444504,89.19865,-25.555996,29.324131,859.90466,0.010498518,5.703569,32.530697,7.851843,21.51978,463.10092,-0.004688696,4.1808696,17.479671,-15.983381,18.744383,351.35187,0.0029858123,3.544136,12.560901,-10.444509,17.985592,323.48154,0.0041553793,3.4405327,11.837265,-18.018967,14.064884,197.82097,0.0013335637,2.619322,6.8608484,-11.216891,16.496222,272.12534,0.009080565,3.2036705,10.263505,-15.347868,11.145257,124.21674,0.001954277,2.0497112,4.201316,-7.366579,13.457596,181.10689,0.004615011,2.4654062,6.078228,-13.491136,10.199,104.01961,0.0014476798,1.8392979,3.3830168,-0.9943726,10.06354,101.27484,-0.002045521,1.9227471,3.6969564,-20.395002,10.752614,115.61871,0.0034834626,1.9639573,3.8571284,2899.434937374862,935.6330947930613,875409.2880720417,1880.593476926717,257.34418840630644,66226.03130650056,5010.873112894037,1164.0633204574656,1355043.41403446,22.394674951290366,9.715889123193582,94.39850145419136,0.09697479,0.093303934,0.008705623,151.42820449627138,28.06667492547638,102.63362906904881,305.78200836531414,203.14837929626532,145.14587018501834,3.1566383736154955,0.30877326237964803,1.0147765711233756,171,0.799999995321637,0.18635294117647042,0.22492187955624596,1.920000000000016,31.67999999999997,-1.1157136e-05,-4.097318e-06,674,527.30084,32481.242,0.01297087748212517,0.10485513130110126,3.5307017543859667,483,0
327,219.9359999999997,46.63600000000031,4.71601327909737,0.17494710622271023,0.022918502,0.022299431,0.0,0.2073217,0.2073217,0.016687108,0.0004972647,0.27183480515169245,0.1479647688706084,0.021893572826932564,-315.19287,92.49453,8555.238,-0.03006365,13.418948,180.06818,7.995649,44.1777,1951.6693,-0.0039813956,8.545185,73.020195,-42.685505,40.361183,1629.0251,0.004715079,7.9363236,62.98523,3.3666506,29.227516,854.2477,-0.0050387336,5.311398,28.210947,-35.615643,22.422976,502.78986,0.005535532,4.1902056,17.557823,-13.6704445,17.12905,293.40436,0.0045286147,3.0624619,9.378673,-21.621584,14.524805,210.96996,-0.001163457,2.5427048,6.465348,-17.06153,16.08819,258.82983,0.004751435,3.054244,9.328407,-9.6262,15.44525,238.55573,0.005278997,2.9439614,8.666909,-9.29768,11.243718,126.421196,-0.0010981333,2.083311,4.340185,-14.060567,9.731645,94.70491,0.0013563867,1.7176445,2.9503026,0.58272433,9.346072,87.34906,0.0015290204,1.7675177,3.1241186,-14.488228,10.412607,108.422386,0.0026011213,1.7592627,3.095005,2741.1141389141185,1134.1080752350406,1286201.1263133285,1621.635022294056,424.22603941662675,179967.73251911733,4454.390979474253,1478.1914284748468,2185049.899216508,23.815265782460227,8.759497420166925,76.728795053911,0.0934897,0.184004,0.03385747,269.18021842929784,43.22227319848065,106.86851352689665,493.88330125612407,387.0147877292274,261.6255653005986,0.37026738255883557,0.5631976952870966,1.1554101706105668,308,0.7140779197594863,0.15166123778501595,0.5228911757307629,9.087999999999994,46.559999999999896,-1.3177679e-05,-1.569861e-06,1383,1289.5577,91205.4,0.009006008281647286,0.09174715932598383,3.505565255347015,771,0
328,478.5599999999991,185.7000000000009,2.5770597599511955,0.2795592087435656,0.019935204,0.019983228,0.0,0.20807616,0.20807616,0.014385121,0.00039932938,0.2818769870899369,0.1450544802255789,0.02104080223351286,-337.4676,109.448845,11979.05,-0.007165439,17.602741,309.85648,14.149136,55.20534,3047.6296,-0.0073475335,11.170884,124.78866,-36.138264,39.63227,1570.7169,0.0045519904,7.8425684,61.50588,15.6227,29.388151,863.66345,-0.0022314868,5.6693735,32.141796,-17.176554,21.996702,483.85492,0.0004306338,4.1004505,16.813694,-19.770943,22.625448,511.9109,0.0029496215,4.4579988,19.873755,-15.26373,17.097239,292.31558,-0.00041944167,3.1679375,10.035828,-17.758432,17.850225,318.63055,0.002523908,3.3329732,11.108711,-18.843847,13.174349,173.56346,0.0005230231,2.2936862,5.2609963,1.4765412,14.18961,201.34503,-0.0003085619,2.6299906,6.91685,-19.34445,13.689541,187.40353,0.0008321934,2.3918622,5.721005,4.3292427,11.480022,131.79091,0.00014568238,2.194529,4.815958,-8.447,11.377791,129.45413,0.0001242601,2.095483,4.3910494,2727.190222915192,1138.2844739731784,1295691.5436883953,1568.3797755249864,447.3208091755976,200095.9063215114,4342.895325521461,1611.6918401223354,2597550.5875169197,22.394551396407103,8.718382488687787,76.01019321905784,0.11050278,0.20070511,0.04028254,193.9312544445437,48.385686264993225,65.7852866955572,564.0553960451207,498.2701093495635,183.93170582347207,3.0460862183956943,0.23816176115235985,1.2645650799385784,840,0.5697142850360534,0.22121573301549405,0.5290309849321361,10.240000000000009,185.5999999999995,-1.3215257e-05,-1.4285374e-06,2949,429.3587,60689.246,0.011490238299688689,0.1037430518076015,4.152039451688406,1987,0
330,106.81599999999969,85.3339375000003,1.2517411229062083,0.4441007819739744,0.011753669,0.015920876,0.00023140608,0.19281839,0.19258699,0.007041533,0.00025347425,0.3149214847002498,0.12250598075470864,0.015007715320673045,-355.40942,93.61418,8763.615,0.010929928,15.011211,225.33647,23.695732,55.16673,3043.368,0.0038893167,9.706563,94.21736,-40.16512,33.2925,1108.3905,-0.002332669,5.805713,33.706306,10.488904,26.040016,678.08246,-0.008125104,4.5618067,20.81008,-27.98687,22.690989,514.8809,0.003563788,3.8128872,14.538109,-3.718255,14.31282,204.85683,0.0025300707,2.4670608,6.086389,-20.77897,13.182612,173.78128,-0.004825707,2.3660061,5.5979853,-15.148973,17.47107,305.23825,0.00083601964,3.0319421,9.192674,-9.070639,10.80122,116.66634,0.0013560775,1.9561415,3.8264897,-3.3744452,13.646072,186.21529,0.002438005,2.3434412,5.4917173,-15.618957,9.340757,87.24975,-0.0032429844,1.6416115,2.694888,-4.433001,8.791041,77.28241,0.0017463794,1.4965054,2.2395282,-7.8054996,8.31969,69.21724,0.0018104877,1.3712443,1.880311,2806.5462621774304,922.0075983395275,850098.0113958233,1659.9803357155085,278.0293068021686,77300.2954408944,4597.088363863447,1170.1969647071528,1369360.9362098332,21.23228452336836,8.547520151383598,73.06010073830868,0.08908239,0.08811185,0.0077636973,127.60808603165627,20.34060352895903,65.40639132514966,248.37216905734888,182.96577773219923,124.18608452867444,1.6396925122301995,0.20532889255531575,1.4780124505635086,284,0.37611267473199655,0.30028169014084505,0.41590103045020044,3.2959999999999923,85.28,-1.2057718e-05,-3.2048245e-06,795,505.78842,112424.83,0.013403427285214282,0.07211040425462782,4.137956860395458,442,1
331,333.3759999999999,69.41393750000009,4.802724167567577,0.1723328490548503,0.021954639,0.019547382,0.00034062998,0.1775259,0.17718527,0.017013956,0.00038210017,0.285120447363064,0.1201847613730227,0.01444437686629041,-292.20355,98.244865,9652.054,-0.028075626,17.060852,291.0727,22.20292,50.89205,2590.0007,-0.0069211693,10.057277,101.14882,-47.555508,35.628704,1269.4044,0.0031893114,7.219739,52.124634,0.39265284,25.303577,640.27106,-0.0030394895,5.009791,25.098003,-19.430023,19.380388,375.59943,0.0008752603,3.7475348,14.044017,-3.617056,17.343882,300.8102,0.0032220618,3.3533506,11.244961,-33.042435,18.32599,335.84192,0.0018530636,3.3541632,11.25041,-7.875756,13.829036,191.24223,0.0013475078,2.5557203,6.531707,-19.062046,12.300899,151.3121,0.0031177264,2.1988778,4.8350635,-5.090434,13.015288,169.39774,0.0005589667,2.4790602,6.145739,-17.723732,12.022258,144.53468,0.0020231328,2.0869539,4.3553762,3.025685,10.467738,109.57354,-0.0014426813,2.007478,4.029968,-18.79784,11.024201,121.53302,0.0032040142,1.9812322,3.9252808,2747.864496331791,911.6267256732672,831063.2869617624,1691.1852420501111,264.769273896945,70102.76839991547,4616.330408921195,1208.4977240831636,1460466.7491141863,22.293187652691252,8.975857440474648,80.5660167917241,0.07721052,0.08259013,0.0068211304,159.24532363695945,27.88138299603199,65.40639132514966,285.30470202322215,219.8983106980725,152.01041679645533,1.0995957817263318,0.20908802032021861,0.9185929576505372,370,0.901016213781037,0.18766395663956553,0.20200988954985405,1.2160000000000082,69.24799999999968,-1.3022193e-05,-2.2302113e-06,1992,278.10455,24536.938,0.014486026072889638,0.10994555332706828,4.352442887310425,1451,0
333,352.76799999999974,60.42193750000024,5.838409173184643,0.1462328387413845,0.02597995,0.0212228,0.00024217601,0.15440916,0.15416698,0.021916915,0.00045040727,0.2875531501684349,0.14462855109687817,0.020917417792382296,-276.94104,110.61076,12234.74,-0.013198036,19.16012,367.1102,35.237976,56.871807,3234.4026,-0.007915576,11.078772,122.73919,-37.26756,36.29685,1317.4613,0.0039571673,7.3040767,53.349533,0.020888893,26.451736,699.6944,-0.0028078982,5.1424413,26.444704,-27.871437,27.229198,741.4292,0.00094962714,5.114176,26.154795,-12.223955,16.79815,282.1778,0.0040682647,3.209321,10.299741,-19.208456,13.233195,175.11746,0.0003173994,2.4735646,6.1185217,-12.015975,14.201668,201.68736,0.0043313955,2.5872762,6.693998,-20.554405,10.789709,116.417816,0.0010576847,1.9769882,3.9084826,-4.495922,11.411967,130.23299,0.0015598316,2.1342876,4.5551834,-15.698487,10.675444,113.965096,0.00049528753,1.9729203,3.8924143,-5.0170956,8.301848,68.92069,-0.00043583574,1.5660906,2.4526396,-17.48839,9.12052,83.18388,-3.2497526e-06,1.6325865,2.6653385,2650.0776750099835,1045.0836610225579,1092199.8585363126,1691.9998236799088,324.13594873465195,105064.1132621129,4465.073956477968,1407.1834079622815,1980165.143644341,21.33109717591845,9.379569027005491,87.97631513236074,0.09118909,0.10659248,0.011361957,129.47132256518105,32.95552049020601,65.40639132514966,241.30149553281768,175.89510420766803,139.3941668115768,-0.7410536133833653,0.1232866103830801,0.7091169784356135,293,1.2039863440136975,0.20690410958904085,0.207253941541484,1.1200000000000045,60.415999999999926,-1.1386938e-05,-3.8706416e-06,2398,232.0513,14172.21,0.030829256973023807,0.11851183071929373,3.707819303338174,1308,0
335,353.408,77.7519375,4.545327188208948,0.18033200846727554,0.022135867,0.019025758,0.0,0.18495564,0.18495564,0.017906494,0.00036197947,0.29470447859071175,0.14261054844392015,0.020337768527475694,-308.3182,108.92118,11863.824,-0.020578945,16.139454,260.482,5.7136803,48.080406,2311.7253,-0.0021136035,9.251624,85.59255,-41.290558,38.090977,1450.9224,-0.00018942234,7.329281,53.718357,-1.0433953,28.185726,794.4352,-0.0034390902,5.262223,27.690989,-30.560501,21.513933,462.84933,0.0050608176,3.9450762,15.563626,-19.310091,18.890064,356.8345,0.004906007,3.4540603,11.930532,-20.701181,14.746498,217.4592,0.0012055952,2.6746366,7.1536813,-8.918509,14.377221,206.7045,0.0013263751,2.6450248,6.996156,-15.446425,13.2900305,176.62491,0.0014691303,2.4216228,5.8642564,-6.9912043,10.089302,101.794014,0.001522923,1.8808447,3.537577,-21.365517,11.1301985,123.881325,-5.1081668e-05,1.9189194,3.682252,-2.4342558,8.703251,75.74658,0.0013890276,1.5702622,2.4657233,-13.40908,8.488737,72.05866,0.0014263651,1.4712678,2.164629,2850.2354463189336,1091.6082754158583,1191608.6269563844,1704.1444161175568,405.95436053171045,164798.94283470995,4687.402590173668,1478.1839501099123,2185027.790362544,22.637625222238896,9.509874603370653,90.43771497183414,0.10491535,0.17443515,0.030427622,284.41644572715353,89.57736160056652,112.57112811964524,1396.9129257320158,1284.3417976123706,264.6655079380657,7.788389640133411,0.355944782517742,0.8581502310844917,370,0.955156754175252,0.2102981029810292,0.630327662906465,11.775999999999982,77.59999999999977,-1.2634688e-05,-2.2134861e-06,2099,795.03613,51861.984,0.011540364613784684,0.0843050369003094,3.8256066642520823,1352,1
336,274.27199999999965,111.29506250000037,2.464368062470253,0.28865293051322394,0.019812098,0.023099637,0.0,0.20113052,0.20113052,0.012633741,0.0005335932,0.2705455409292265,0.13549360696875629,0.018358517529403803,-326.55417,99.404274,9881.209,-0.029209722,15.7899475,249.32245,25.769478,48.88638,2389.878,-0.0047807903,9.4239235,88.81033,-29.235138,31.211187,974.1382,0.0071643353,5.897518,34.78072,21.86668,27.69055,766.7666,0.0038690357,4.8540864,23.562153,-18.369299,21.038399,442.61423,0.003510705,3.7002442,13.691808,-13.8926115,20.808891,433.00995,0.0017717931,3.969244,15.754897,-9.650723,15.539067,241.46262,-0.00064393826,2.7844877,7.7533717,-19.198622,18.025043,324.90216,0.0054008947,3.2663527,10.66906,-19.93308,14.005529,196.15486,0.0033046727,2.3385155,5.468655,6.610746,13.303708,176.98865,-0.0026124245,2.4180071,5.8467584,-17.693726,12.315587,151.67369,0.0016465783,2.0895028,4.366022,-0.5608204,8.90371,79.27606,0.00050966913,1.5626224,2.441789,-9.478211,8.411006,70.74502,-4.4873903e-07,1.4896678,2.2191103,2635.0333523499407,947.6976110999657,898130.7620845818,1654.7481373055737,417.0516857717861,173932.1086050886,4316.10377417213,1424.627785905071,2029564.3283727847,22.718407702523407,8.9307776923027,79.75879018933153,0.104188494,0.17568223,0.030864246,143.21740359139636,31.869042878547,71.32617550580554,323.96475278211557,252.63857727631003,134.6458897635121,1.5790447301533062,0.5085069299934843,1.2319517048995854,475,0.5774147356264946,0.23459915611814278,0.5166058610734982,9.824000000000012,111.19999999999968,-1.1424905e-05,-3.4450918e-06,1483,1043.0709,153642.53,0.010060880853400442,0.07894200802612207,3.4017325866293358,933,0
338,237.02993749999973,42.720000000000255,5.5484534632852265,0.15270780891595465,0.025349487,0.023865795,0.0,0.18947649,0.18947649,0.018504322,0.00056957616,0.2684112133456765,0.1249882010790301,0.015622050408972061,-299.51984,102.94329,10597.321,0.04872665,17.014679,289.49933,16.567865,41.969913,1761.4736,0.00982545,8.007656,64.12256,-55.91404,40.14117,1611.3135,-0.011817573,7.8851004,62.174805,6.937724,29.093893,846.4546,0.00807977,5.415819,29.331097,-42.324726,25.124039,631.21735,-0.005331274,4.8724566,23.740831,-5.859163,14.527645,211.05246,-0.00519766,2.6270404,6.901341,-38.205166,19.915983,396.64636,-0.01117709,3.6175523,13.086684,-2.1902406,11.898164,141.5663,-0.0011606411,2.255999,5.0895314,-18.839956,15.031295,225.93983,-0.001156704,2.8187737,7.945485,-6.0669823,12.831857,164.65654,-0.0029407467,2.2654462,5.132246,-7.3266716,10.997852,120.95275,2.6050591e-05,2.0137675,4.0552597,-9.971507,10.281241,105.70393,-0.001277998,1.941489,3.7693794,-9.6062,9.180451,84.280685,-0.0008497796,1.7697701,3.1320865,2664.188452928479,895.776375370289,802415.3146715328,1607.5938693494866,342.5580435190355,117346.01317958943,4531.297359316024,1184.9365281646471,1404074.5757788876,23.322939023456588,8.814976475397836,77.70381026181727,0.0804822,0.14395775,0.020723833,243.44817425523001,55.78021468735542,159.19961611844158,640.4874004505623,481.28778433212074,226.44649206156825,2.4214468947849377,0.522703877327839,0.9222522167676982,258,0.9187206844235623,0.16558139534883715,0.31761686972347164,4.608000000000004,42.719999999999985,-1.3818229e-05,-1.1927893e-06,1259,734.12,52908.16,0.012222081121872891,0.07255917931424204,3.5396372662841418,839,1
339,357.10299999999944,61.95200000000057,5.764188310882746,0.14783739604586646,0.012888821,0.010835674,0.00035013683,0.0786098,0.07825966,0.010294953,0.00011741183,0.29956539389412795,0.1359912456559222,0.018493618895049378,-335.84393,99.4127,9882.885,0.024211744,18.463484,340.90027,34.92397,57.945663,3357.6997,0.02308563,11.576346,134.0118,-32.497944,31.766891,1009.1354,-0.006115234,6.427418,41.311707,7.339489,23.865889,569.5806,0.0022407344,4.461817,19.90781,-28.311125,22.850216,522.1323,-0.0047894553,4.3969,19.33273,2.0838835,13.778135,189.837,-0.003796363,2.5822613,6.6680737,-24.541964,14.584476,212.70695,-0.00210921,2.7497435,7.561089,-6.0890646,13.002738,169.0712,-0.0011024396,2.519146,6.346097,-16.819048,12.185657,148.49022,0.0013364239,2.224088,4.9465675,-6.123291,12.821709,164.39622,-0.0018380146,2.36893,5.6118293,-8.548023,11.512895,132.54674,0.0010352579,2.1116092,4.4588933,-9.225738,8.981321,80.66413,-0.0005162545,1.6834205,2.8339047,-12.77492,9.111696,83.023,0.00035843198,1.6892627,2.8536086,2735.3989565329352,1013.539099793472,1027261.5068101615,1718.808855472117,301.18631080163925,90713.19381430163,4688.189618967624,1252.3540311898214,1568390.619437396,21.0079464732286,8.91182920709542,79.420699816439,0.100935854,0.11027467,0.012160503,107.06850114099339,12.570728394163147,65.7852866955572,157.37105256787842,91.58576587232122,105.64102395561046,0.7785036963334119,0.23442272447812898,0.7683955566691723,322,1.1090155245061613,0.19239751552794934,0.1996006970295857,1.1839999999999975,61.951999999999686,-9.876219e-06,-5.3636586e-06,2223,244.13875,22708.299,0.014982003986159816,0.10287273824260937,2.772309389727898,990,1
340,136.89599999999984,34.49593750000017,3.9684671863616408,0.2012693129161934,0.01805014,0.01676703,0.0003461273,0.15730096,0.15695484,0.014112648,0.0002811333,0.30827804462868746,0.13258134969833646,0.017577814287832578,-309.21194,106.803825,11407.058,-0.04050789,18.312092,335.33273,25.759157,48.24457,2327.5386,0.00046389666,8.92342,79.62742,-26.274935,28.012,784.67206,0.0010185014,5.224297,27.293282,3.3583357,26.0109,676.56696,-0.0152041195,4.862674,23.6456,-20.391426,18.27443,333.95474,0.0016821111,3.4276497,11.748782,-6.03618,15.823017,250.36786,0.0055887294,3.0204103,9.122878,-28.824898,15.589681,243.03813,0.004971176,2.9102776,8.469716,-11.968544,14.054462,197.52791,0.007927794,2.508287,6.291503,-20.942453,12.44548,154.88998,0.0021651792,2.3181467,5.3738046,-0.9679266,12.097036,146.33829,0.0017398783,2.2050328,4.8621697,-12.539169,14.071541,198.00826,0.0064285197,2.4374814,5.941316,3.5191162,11.885523,141.26566,-0.0021177838,2.1605601,4.66802,-17.067488,12.177632,148.29472,0.00023387546,2.1952612,4.819172,2859.1896947290275,869.9370849912062,756790.5318429972,1827.651173252531,246.5905412784496,60806.89504799875,4947.239369398805,1062.6819138073392,1129292.8499332294,22.17171416694466,9.216723918169361,84.94799978375517,0.09206515,0.09770289,0.009545855,144.03950335617967,146.72538613253516,87.30705785825097,1010.8545523973909,923.54749453914,114.5388367788287,5.051640082974234,0.19716206120291968,0.9160290868407972,157,0.8719490390321708,0.2207179487179475,0.2321500342360341,1.120000000000001,34.43199999999981,-1.01995565e-05,-5.0547433e-06,798,264.69153,19008.219,0.013513540761836262,0.1303095916483493,4.222183263207111,578,0
341,184.86399999999978,200.24593750000022,0.9231847666163755,0.5199708394956706,0.0047271894,0.006948347,0.00017680952,0.068114854,0.067938045,0.0016580054,4.8279526e-05,0.3912818569536768,0.1258671974225155,0.015842551386998492,-480.04346,124.44283,15486.02,-0.00028430668,14.919647,222.59589,-0.4474749,35.79164,1281.0415,0.0016029995,6.7321277,45.32154,-16.172321,24.686384,609.4176,0.0007417762,4.6248703,21.389423,-9.699733,22.695168,515.0706,0.001964671,4.338607,18.823507,-13.958522,12.962571,168.02824,-0.00084147183,2.2665775,5.137373,-11.038856,17.516478,306.827,0.00033845365,2.8521612,8.134824,-16.155085,13.720035,188.23935,-0.00023161457,2.1607342,4.6687717,1.3934107,11.395676,129.86142,0.00036516026,1.9525272,3.8123624,-16.343248,13.741224,188.82124,9.054351e-05,2.0672877,4.273679,-1.596481,9.116813,83.11627,0.0002688501,1.5792623,2.4940693,-14.661597,10.101971,102.04981,0.00012986326,1.4705838,2.1626167,-2.1485722,8.437824,71.19688,-0.0012229459,1.4698036,2.1603227,-7.9870396,7.347848,53.99087,-0.00014439362,1.2578242,1.5821216,3456.5586284158644,752.1520738378624,565732.7421785973,2069.53062714799,205.48470521368228,42223.96407675391,5956.770616950561,696.7350149918976,485439.6811157598,19.62571251070188,7.898432863447763,62.38524169839163,0.20052017,0.14333783,0.020545732,320.95603025552043,276.0275502968527,108.1102658399776,2033.4207464951999,1925.3104806552224,244.1052838549259,3.825131860847892,0.20697964269156796,0.5946353955096264,229,0.8072663720206699,0.8725240174672492,1.2668331542431064,7.584000000000003,199.80800000000005,-1.4504958e-05,-7.600535e-07,1224,136.95866,6889.2754,0.009774844031049284,0.09708825404332146,6.566989787086731,1214,0
343,196.15999999999985,40.89006250000014,4.797253494115977,0.1724954723435272,0.024584843,0.025245946,0.0013848156,0.21995181,0.218567,0.016056027,0.0006373578,0.2884766679603132,0.12195480891034076,0.01487297541635773,-265.61008,67.3022,4529.5864,-0.0065312157,11.501435,132.28302,18.566528,59.55005,3546.2083,-0.014899739,12.416126,154.1602,-26.689945,27.712622,767.98944,0.0030952895,5.573651,31.065584,-1.9427211,23.311867,543.4432,-0.0013853747,4.3986554,19.348167,-21.995495,17.861883,319.04688,-0.0028180694,3.3107724,10.961214,-12.954474,16.643116,276.9933,0.0050510815,3.4197445,11.694653,-16.607042,14.8081255,219.28058,0.00051328534,2.6827784,7.1973,-9.38718,10.776746,116.138245,0.00055321824,1.9917599,3.9671075,-26.35097,11.816533,139.63045,0.0045741205,2.2379236,5.0083017,2.0960057,10.620289,112.79054,0.0016253856,2.0195012,4.0783854,-14.843748,10.650911,113.4419,0.0033196327,1.939768,3.7626996,-0.7993706,8.237856,67.86227,-0.00087363686,1.5400606,2.3717868,-13.335025,8.351464,69.74695,0.0010035329,1.5711573,2.4685354,2874.717480278161,895.8492180384293,802545.8214600653,1865.994470399015,265.4513679624606,70464.42875314166,5107.918593075054,1101.487888242754,1213275.567945482,22.366886902684417,9.432282794489712,88.96795871522664,0.08766647,0.07689802,0.0059133065,133.74562215935964,16.58665697127477,82.40688922821748,198.27510177438265,115.86821254616517,130.0593564629863,1.0390280305716404,0.2502699783679441,1.1010332469328077,261,0.7515708783464712,0.1570461538461535,0.1671248663327681,0.896000000000015,40.83199999999991,-1.0216612e-05,-5.048883e-06,1290,300.052,16281.785,0.011657285311854546,0.13051477118469063,3.588907014681895,704,0
344,416.22399999999885,188.02600000000115,2.213651291769995,0.31117252792718436,0.015894126,0.018239373,9.1522925e-05,0.17956355,0.17947203,0.009657932,0.0003326747,0.25663026101519887,0.10542122521970054,0.011113634726822825,-345.75763,111.75971,12490.233,-0.0065401206,19.400951,376.39694,49.575367,48.426533,2345.1292,0.0007961168,9.12323,83.23333,-52.769894,41.652164,1734.9028,-0.0017715739,8.0334635,64.53653,21.57136,33.747265,1138.8778,-0.003337794,5.961883,35.544052,-24.019005,21.869513,478.2756,-0.00014531748,3.920406,15.369583,-19.720232,20.55046,422.32147,0.002993142,3.9130068,15.311622,-13.843996,16.182869,261.88525,0.0007012316,2.870929,8.242233,-14.672475,15.785195,249.17238,0.0028776072,2.8958983,8.386227,-13.786362,12.591231,158.53911,0.0013584476,2.254244,5.081617,-8.206186,14.406181,207.53806,0.00065598864,2.6287806,6.9104877,-10.141869,13.532846,183.13794,0.0015595799,2.3966997,5.7441697,-5.3800483,10.081001,101.62658,-0.0018660908,1.8520585,3.430121,-11.0241165,9.777559,95.60066,-0.00047985016,1.7715951,3.138549,2373.2606099521613,793.209722181885,629181.6633638632,1508.4819892609185,343.8558773031434,118236.86435591441,3889.1343238627337,1228.3989336839575,1508963.9402758838,21.500492277324504,8.392619655331957,70.4360646790643,0.0613758,0.08413615,0.007078892,116.60735589629512,14.809323342644952,67.32294488175604,202.90956258890662,135.5866177071506,113.87914162255151,1.4237451704365773,0.17566064713363022,1.5887463798096815,960,0.43356666621503354,0.19603753910323224,0.20616431142188196,1.3760000000000048,187.99999999999972,-1.1090149e-05,-4.169601e-06,2631,127.359406,6907.7827,0.01379955912914783,0.11873177976825292,4.572057353732618,1903,1
345,363.77599999999876,117.61893750000127,3.0928352579886176,0.24432940261238467,0.019975144,0.021356637,0.00024086933,0.18915893,0.18891807,0.0127033675,0.00045610592,0.2946688087339637,0.1448664101183708,0.020986276780584005,-343.85934,96.88746,9387.18,-0.009040772,18.38025,337.83362,-13.537302,41.852394,1751.6229,0.002389139,7.855974,61.71633,-40.138103,39.041588,1524.2457,-0.0018821844,7.7417245,59.9343,-3.3384945,31.064648,965.0124,-4.5145993e-05,5.9068317,34.89066,-32.45664,22.902185,524.51013,0.000586337,4.3321433,18.767466,-12.918725,18.407543,338.83768,0.0014028857,3.47363,12.066106,-26.162788,15.920887,253.47464,-0.00023893997,3.0182629,9.10991,-15.216872,16.262999,264.48514,0.00053400866,2.9366732,8.624049,-12.885492,13.412742,179.90164,0.0029968407,2.3988204,5.7543387,-3.2581437,11.972642,143.34415,-0.0011912861,2.1665986,4.694149,-12.810576,10.113676,102.286446,0.0016082198,1.826672,3.3367302,0.8421225,11.08793,122.942184,0.0018766957,2.0563,4.2283697,-8.540528,9.505453,90.353645,-0.0009808702,1.6805515,2.8242536,3048.467402193158,891.8226941007547,795347.7177131283,1814.5000421172206,255.56456253096925,65313.2456216457,5103.558727731986,1093.1053792996433,1194879.3702538172,23.637649853167357,8.104084169915135,65.67618023306908,0.07213747,0.0826455,0.006830278,307.80647521655436,64.40810094174037,123.47082531403102,788.5324848825182,665.0616595684872,290.2917403700367,2.265096251635773,0.586546131309057,1.3959432217751562,672,0.5413333325277759,0.17476190476190478,0.19157490261163537,1.4720000000000084,117.44000000000001,-1.485898e-05,-3.9869687e-07,1650,1222.3217,123539.75,0.007680226817084896,0.07427674858334589,3.8897563335679233,1415,1
346,492.4799999999996,160.74031250000036,3.0638238116911385,0.24607365910716433,0.017711403,0.016210029,0.0,0.21797694,0.21797694,0.013450305,0.000262765,0.2802538718067258,0.1412057292557473,0.019939057974647408,-318.90866,89.76623,8057.975,-0.00852992,16.263067,264.48737,15.883409,44.686813,1996.9111,-0.0013878813,8.776257,77.022675,-33.283585,37.71843,1422.6799,-0.0017310549,7.531461,56.7229,-2.6504667,27.31764,746.2535,-0.001123185,5.307998,28.174847,-26.938972,20.472473,419.12213,0.0013752467,3.9825513,15.860716,-14.060608,20.273733,411.0243,0.000802306,3.6525676,13.34125,-25.785131,16.787905,281.83377,0.0007732929,3.1432683,9.880136,-9.706752,13.465143,181.31009,0.0011411645,2.55367,6.5212307,-9.320679,16.645123,277.06012,-0.0001507602,3.1925464,10.192352,-11.942013,10.995134,120.892975,0.0005390134,1.9911782,3.9647906,-21.021116,12.646167,159.92554,0.00070269575,2.4057362,5.787566,-4.962907,10.252086,105.10527,0.00085431355,1.9148434,3.6666255,-18.369577,11.477557,131.73431,0.00086763786,2.0735872,4.299764,2815.30205763116,965.2001805388162,931611.3885121634,1809.1843734926329,319.94384309552,102364.06273473072,4837.846805501126,1234.413162815602,1523775.8565324177,22.723632669910963,9.19340954819229,84.51877912079317,0.0798845,0.10589995,0.011214799,250.62041579485825,62.06685880437428,65.40639132514966,604.5396048815593,539.1332135564096,246.94165062806206,0.2420424195100164,0.3102282746982351,1.2446030603189486,813,0.6057564568194873,0.19758917589175837,0.21391663831624183,3.4239999999999924,160.63999999999956,-1.3317928e-05,-1.8613939e-06,3523,746.5964,35726.65,0.013039523372575534,0.10503993770462668,4.39611760883691,2165,1
347,107.26399999999994,20.70606250000006,5.180318315936761,0.16180395707785217,0.025579246,0.022958346,0.000695223,0.15995437,0.15925914,0.019770786,0.0005270857,0.2819178466796875,0.13023127158889036,0.016960184099659322,-286.4093,97.971664,9598.447,-0.0779009,18.193323,330.99704,36.731327,58.5924,3433.0693,-0.034363598,11.424705,130.52386,-44.127148,39.822533,1585.834,0.027761295,7.975578,63.609844,12.439263,25.578903,654.28033,-0.01843283,5.164843,26.675602,-21.620758,20.285774,411.51263,0.010770152,4.0750213,16.605797,-14.428502,18.367346,337.35938,0.016558632,3.641757,13.262395,-15.171168,14.024835,196.696,-0.0022604775,2.7279172,7.441532,-17.02396,13.78765,190.0993,0.013269312,2.6709352,7.133895,-19.28134,12.6329565,159.5916,0.004189108,2.3694122,5.614114,-3.1618724,10.975812,120.468445,0.009484064,2.1203754,4.4959917,-10.9055395,9.781117,95.67025,0.0044282586,1.8925368,3.5816953,-5.6990895,8.975368,80.55723,-0.001709322,1.7546895,3.078935,-14.741473,7.804656,60.912655,0.0025595063,1.526186,2.3292437,2601.609050326674,1001.3688691202433,1002739.612043155,1611.4879808949443,370.2624913649738,137094.3125117973,4294.890625,1497.2513876345006,2241761.7177734375,22.002775006069026,8.941717375325528,79.95430962019846,0.08809767,0.10777241,0.011614892,140.45146363097197,15.42669399052124,98.56656061031477,231.73942791006385,133.1728672997491,136.21039964151845,1.4014777546185253,0.3282499999179375,0.8205044050830248,105,1.0215618950327432,0.19876923076923023,0.18284173646002175,0.7680000000000007,20.671999999999944,-1.0941199e-05,-4.3134473e-06,749,320.6632,19155.68,0.011825007246648589,0.11818194723744835,4.074060262529835,437,1
348,259.03999999999996,37.450000000000045,6.91695575655658,0.12631117406995193,0.013429187,0.010329072,0.00025837446,0.10154889,0.10129052,0.0115233185,0.00010668974,0.27736883330185624,0.15159320784905736,0.022980500665967504,-356.82712,90.60076,8208.498,-0.022358948,16.445927,270.46848,3.3456917,51.207127,2622.1697,-0.004871729,9.955875,99.11945,-35.415585,37.010845,1369.8026,0.0023652425,7.4155884,54.990948,1.4112606,24.356365,593.2325,0.0007246904,4.64994,21.62194,-29.30724,20.652601,426.52997,0.0035722833,4.0868044,16.701971,-11.761614,16.906837,285.84116,0.0019431037,3.208155,10.292257,-30.422155,15.129847,228.91226,0.00377599,2.863844,8.201602,-15.526067,13.613987,185.34065,0.0022066473,2.5334597,6.418418,-20.82758,12.898854,166.38043,0.00031993448,2.3665335,5.6004806,-3.3872485,12.668614,160.49379,0.0013835789,2.432619,5.917636,-22.308681,10.912338,119.07913,0.0005182731,1.9998873,3.9995494,-8.277623,9.256755,85.687515,0.00052926515,1.7347101,3.0092192,-11.257782,7.9716964,63.547943,-0.00044260806,1.4687319,2.1571734,2914.350660591699,1072.072783686691,1149340.053521731,1747.1252169999887,286.53513118056014,82102.3814006608,4826.372119846752,1232.1091651834645,1518092.9949290936,23.05866040028244,8.657317731702966,74.9491503076586,0.06985762,0.08386753,0.0070337616,262.63825175476404,49.214666831969,101.45478129445331,544.8415985660737,443.3868172716204,252.71363809934766,1.026142289120605,0.5387437944594492,0.8060980134237242,239,1.0838493678500025,0.15731092436974894,0.1606483579831264,0.960000000000008,37.440000000000246,-1.4374282e-05,-8.735051e-07,1821,828.2862,75174.305,0.008806784058501289,0.08740929836766818,3.6519456454601613,946,1
350,356.06399999999957,102.66393750000043,3.4682480060902603,0.22380136265409042,0.012975269,0.012975282,0.00052958814,0.15327476,0.15274517,0.009213677,0.00016835795,0.2882621628897531,0.1284909992976384,0.01650993690050571,-339.76657,77.79106,6051.4497,-0.024549965,13.348096,178.17168,15.951411,41.28018,1704.0533,-0.0050489833,7.920643,62.73658,-37.10159,32.13398,1032.5927,0.0076010856,6.2567077,39.146393,-8.125249,26.59616,707.3558,0.00088408403,5.1163836,26.177382,-21.68949,16.876884,284.82925,0.004223898,3.1454182,9.893656,-16.77406,16.450653,270.624,0.0013389161,3.0432606,9.2614355,-25.93335,14.590008,212.86833,0.0023097189,2.5857198,6.6859474,-9.733861,12.947502,167.6378,0.0018408836,2.3871636,5.6985507,-21.15523,12.572294,158.06258,0.00044886037,2.3450267,5.4991508,3.524403,12.387796,153.4575,-0.0015481437,2.3614805,5.5765905,-18.760487,9.602124,92.20079,2.0625335e-05,1.7651538,3.115768,-3.9939616,8.970417,80.468376,-0.00014108479,1.6975739,2.881757,-13.32253,9.044662,81.805916,-0.0003462565,1.6623325,2.7633493,2818.3123087946883,898.0217668681386,806443.0937689735,1876.4781333835322,274.37927227462586,75283.98505395328,5027.02386038644,1224.9094798338697,1500403.233786881,22.503810974163542,8.7401054905045,76.38944398514693,0.08989103,0.09545469,0.009111598,240.13573941970907,39.72116328798024,123.47082531403102,532.3973992564887,408.9265739424577,231.73942791006385,2.2131037907213993,0.510532924071531,1.2273069808398143,563,0.6324404962123606,0.1824911032028473,0.21436258427371324,2.0159999999999627,102.56000000000019,-1.3972899e-05,-1.2858737e-06,2469,559.60657,28456.398,0.01063394321095961,0.0891941764389461,3.968387705581024,1413,1
351,349.1519999999999,57.72800000000012,6.048226059308708,0.14187966968147886,0.025374843,0.01920745,0.00049349584,0.178643,0.1781495,0.022179462,0.0003689261,0.30586938177050566,0.13531353686156056,0.018309753257984906,-296.12244,88.17503,7774.837,-0.026161965,15.998192,255.94215,-12.709645,39.284874,1543.3014,-0.00077544013,7.6546044,58.59297,-38.524075,37.303417,1391.5449,0.0058407993,7.473512,55.853382,5.9902806,29.164034,850.54083,-0.0016292521,5.6709037,32.15915,-35.02896,23.81865,567.32806,0.00499848,4.6389728,21.52007,-3.997738,17.724926,314.17303,0.0029421821,3.1364615,9.837391,-30.67094,16.21498,262.92554,0.002668726,3.0427418,9.258277,0.23419097,15.114109,228.43628,-0.0013500203,2.7296846,7.4511776,-21.849043,13.308368,177.11266,0.0013538222,2.467838,6.0902247,-1.8879042,10.53654,111.01868,0.00015317183,1.8915731,3.5780487,-16.164038,9.690024,93.89657,0.001632352,1.8060802,3.2619257,-8.996625,11.713134,137.1975,0.00036223806,2.167224,4.6968594,-13.343298,9.550326,91.20874,0.0018618774,1.7925682,3.213301,3151.2214610770466,879.8084945068666,774062.9870064391,1769.534827663731,259.0222430553275,67092.52239741317,5168.502034837999,881.8817342426509,777715.3931908255,24.06207409730014,9.522755765858223,90.68287737618604,0.076267965,0.08965828,0.008038607,270.40115412846075,36.63382958901347,198.27510177438265,458.1553471153147,259.8802453409321,260.1187129259726,1.8042170200460292,0.5663730732489484,0.7053676759732599,287,1.216557487050322,0.20061538461538586,0.17459855745913186,0.7679999999999723,57.37600000000035,-1.3026172e-05,-2.2248917e-06,1912,1660.7921,86703.875,0.0074778657427599276,0.07139596553571649,3.196315644762168,1116,1
352,382.01599999999894,117.48406250000107,3.2516410193795813,0.23520329889848826,0.02282605,0.021799881,0.00037513964,0.26753816,0.267163,0.017299453,0.00047523485,0.28942084401024987,0.14761928326924612,0.02179145279292593,-306.95822,93.26663,8698.665,-0.01061757,16.719639,279.54633,7.1491747,47.567974,2262.7122,-0.0048664985,9.249286,85.54929,-38.5832,40.339485,1627.274,0.0040781,7.84443,61.53508,3.840079,29.27049,856.7616,0.0009127836,5.649343,31.915075,-27.84007,21.061491,443.58636,0.0008822769,4.1498194,17.221,-15.404348,17.127008,293.33444,0.0020222247,3.166551,10.027045,-21.00055,15.030142,225.90515,0.0014353638,2.8604045,8.181913,-13.679972,14.757188,217.7746,0.00049156044,2.7928598,7.8000655,-11.02997,12.349534,152.51099,0.00056864053,2.3347743,5.451171,-7.3244534,11.574542,133.97003,0.0013097381,2.1582446,4.6580195,-15.797035,10.737818,115.300735,0.0009094854,2.029576,4.1191792,-4.1444488,9.503165,90.31015,0.0008505777,1.7869819,3.1933043,-9.3137045,9.234572,85.277336,-0.0006707505,1.7207009,2.9608114,2928.2031920871,1046.1911640891913,1094515.951818297,1751.035110908111,314.98934227536085,99218.28574706444,4824.992993273542,1275.9054389442485,1627934.6891275155,23.147887452337834,9.318006982833383,86.82525413213169,0.07438299,0.09034867,0.008162882,281.80077381984086,52.22203981523199,118.57804013471404,611.5640167306283,492.9859765959142,270.8517709358815,1.1291857409383046,0.41543882124180403,1.339339171754358,669,0.5710254102077332,0.1754977578475328,0.18505458834521912,1.7279999999999518,117.40799999999945,-1.3033545e-05,-2.224692e-06,2517,1348.0215,191478.66,0.010959330213078645,0.07961869425656617,4.332279276260692,1655,1
353,362.20799999999963,53.19193750000039,6.809452902341526,0.12804994102821787,0.030584777,0.025533509,0.0,0.2080303,0.2080303,0.024379175,0.00065196,0.2823802082330342,0.1353075274308569,0.018308126979452086,-289.4987,93.35189,8714.576,-0.023471167,15.624001,244.1094,9.735873,42.242523,1784.4308,-0.0059466176,7.778763,60.50915,-57.0443,43.20693,1866.8387,0.0059933662,8.309383,69.045845,8.365839,28.992352,840.5564,-0.0016020292,5.217067,27.217787,-39.0021,26.125519,682.5427,0.0036690983,4.9748697,24.74933,-9.204658,20.180908,407.26907,0.0032761558,3.5057483,12.290272,-21.927357,15.537677,241.41939,0.0021433847,2.818034,7.941315,-15.406005,16.556677,274.12354,0.00045567224,3.0791621,9.481239,-0.6551459,18.36035,337.10242,3.5358014e-05,3.3632572,11.311499,-10.465866,13.136787,172.57518,0.0011387565,2.3722029,5.627347,-10.044139,11.277041,127.17167,0.0003820792,2.0567966,4.230412,-8.807549,10.218035,104.408226,0.0012554835,1.8912059,3.5766597,-10.193013,9.484645,89.95849,0.0009574773,1.660563,2.7574694,2730.6010695252025,974.7044143898177,950048.6954309974,1580.7971501877769,378.60145113172206,143339.05879904574,4445.118120281929,1281.1554981529093,1641359.4104474294,24.6567532989755,9.0465666524098,81.84036819649306,0.07298822,0.14019223,0.019653859,265.0002622010753,64.71459381002869,161.0494265540188,1102.3447059892326,941.2952794352138,251.2581146483697,5.265905656282858,0.5397473424326185,0.8064517342398493,335,1.081217907220244,0.1588502994011969,0.3671745759260806,6.367999999999995,53.05599999999977,-1.3543331e-05,-1.4790238e-06,1552,1748.8362,238072.44,0.008685372839085131,0.07390547157889597,3.340621963070946,1210,1
355,308.06399999999985,24.291000000000167,12.68222746357788,0.07308751184727225,0.034927517,0.026479296,0.0011298709,0.22652346,0.2253936,0.028479706,0.0007011532,0.23910470457362568,0.12348581556622248,0.015248746646055116,-233.51501,73.05479,5337.0015,-0.022016969,13.406118,179.72401,30.103573,48.142857,2317.7346,-0.0012501217,9.526934,90.76247,-30.910627,24.350794,592.9612,0.0060741096,4.6770754,21.875036,-0.41482827,23.607664,557.32184,-0.005849176,4.482399,20.0919,-18.05628,17.835005,318.0874,-3.089934e-05,3.3369606,11.135305,-3.6713266,15.846832,251.1221,0.0056155375,3.093487,9.569662,-39.494755,14.530788,211.14381,-0.00020605608,2.7286623,7.445598,-4.0356007,12.146836,147.54564,0.0044423696,2.2372317,5.005206,-22.196522,10.972667,120.39941,0.0011160346,2.0686624,4.2793646,-4.798975,10.866388,118.0784,-5.9411697e-05,1.9906003,3.9624898,-19.132254,8.901431,79.23547,0.002233575,1.6811355,2.8262167,-3.6142685,8.286171,68.66064,-0.00057498534,1.5097009,2.2791967,-16.143463,7.706734,59.39375,0.0024489185,1.414003,1.9994047,2620.0422366073485,876.6259846019708,768473.1168793748,1821.6085601389786,269.6719618553627,72722.96701092021,4776.7394038220855,1056.7127055789608,1116641.7421320076,23.18988293216754,10.157291678158636,103.17057423519068,0.06479377,0.07510719,0.0056410898,187.1515041330752,27.57398338788834,141.01384901128017,535.48154601506,394.4676970037798,180.77186920887385,4.942062912697188,0.660922306665936,0.5325630726181342,177,1.740474566437996,0.1378181818181804,0.11485787120834202,0.6080000000000041,24.25599999999975,-1.0945887e-05,-4.308764e-06,1792,2726.4583,186105.98,0.011647428846213243,0.11564387480613476,3.281785602991588,1011,1
356,412.2239999999994,115.50700000000057,3.568822637858959,0.21887476763730115,0.022765325,0.022199458,0.0006424803,0.186331,0.18568853,0.016033862,0.0004928159,0.34339311531727507,0.13329051084340152,0.017766360280894934,-297.45874,96.86026,9381.91,-0.004518142,16.766493,281.11526,7.971309,56.896626,3237.226,-0.005979156,11.444764,130.98262,-17.380337,30.245308,914.7786,0.0009565338,5.8146734,33.810425,3.5225015,24.866436,618.3396,-0.0037209424,4.8681097,23.698494,-18.90269,16.779158,281.54013,-0.00012176904,3.2635884,10.65101,-8.198173,16.7205,279.57516,0.0014295843,3.1972299,10.22228,-23.305706,15.698559,246.44475,0.002226753,2.9305863,8.588336,-10.534678,14.359196,206.18651,0.0021520837,2.7009947,7.2953725,-10.591145,12.025185,144.60507,0.00032198697,2.265315,5.131652,-2.021286,12.229919,149.57092,0.0028571996,2.2780185,5.1893682,-19.595686,10.204097,104.1236,0.0005188247,1.9137549,3.662458,-0.25819162,8.693261,75.57279,-0.0007644372,1.5466924,2.3922575,-15.008557,9.921661,98.43936,0.0008228428,1.8609562,3.4631581,3198.0035812500205,998.9826972346723,997966.4293742608,1892.1903168086592,330.80028762404515,109428.830292151,5403.097429814456,1079.5015209251173,1165323.5336796416,22.064697107626994,9.903895646119476,98.08714896922433,0.10363215,0.098290116,0.009660947,154.4411313962756,25.600654508660163,65.7852866955572,288.6197829762387,222.8344962806815,148.5384940785009,1.3028521103049742,0.186029590093013,0.9910352054361029,523,0.7881912030818513,0.22124137931034413,0.2165962908968698,1.6640000000000015,115.48799999999963,-1.0987588e-05,-4.269307e-06,3388,356.55728,27308.285,0.014445367652497257,0.11740209386028087,3.8231641049526526,1576,1
357,109.68893749999985,24.256000000000157,4.522136089126939,0.18108933754961926,0.016893601,0.015606541,0.00028884053,0.09805716,0.097768314,0.012993153,0.00024356412,0.3142430450833134,0.13638517846207257,0.018600916904131386,-329.26303,112.36254,12625.34,-0.025401039,21.02664,442.11957,24.905924,51.60195,2662.7612,-0.019276867,9.061969,82.11927,-38.613533,34.38447,1182.2919,0.007372791,6.604761,43.622868,6.6325874,27.73931,769.4693,0.0020074302,4.92636,24.269024,-22.335934,20.285305,411.49362,0.0013089834,3.981053,15.8487835,-8.525783,16.783201,281.67587,0.005719146,2.85406,8.1456585,-29.846663,18.023771,324.85632,0.010643238,3.3375344,11.139135,-1.0772552,12.443693,154.84549,-0.0016882918,2.2556877,5.0881267,-25.156948,14.6738825,215.32283,0.0038630494,2.5685165,6.597277,-0.24055186,12.526745,156.91934,-0.003944368,2.047219,4.191106,-16.069942,10.758103,115.736786,-0.0048802583,1.92867,3.719768,-11.617074,11.094229,123.08192,0.0038509956,1.9046627,3.62774,-10.631742,9.377453,87.93662,-0.0036195724,1.640444,2.6910567,2868.1717513379695,975.8827140476589,952347.0715770248,1746.6000530705942,309.76618523254217,95955.08951352161,4878.447130315337,1232.2363889355756,1518406.5182169874,21.507242549171654,8.73949128729584,76.3787079607199,0.09379188,0.10370361,0.010754438,157.16532971729006,53.37251200055979,65.40639132514966,396.5502035487653,331.14381222361567,155.11550196974943,0.8725270050834263,0.1634018155366933,1.1049316440197674,148,0.741141464586881,0.16500680272108897,0.1438705718704193,0.6079999999999899,24.25600000000008,-1.2989246e-05,-2.265294e-06,692,460.2638,47945.277,0.018519205398460876,0.10787116827724269,3.3640584767265205,369,0
358,178.9759999999995,59.35812500000051,3.015189529399866,0.24905424265199333,0.022023825,0.021249484,0.00066127256,0.2889748,0.2883135,0.01672791,0.00045154057,0.31263282194045383,0.12422177040660783,0.01543104824295199,-282.123,88.38285,7811.528,-0.016251896,14.908729,222.27019,17.6235,55.365555,3065.3445,-0.007674586,11.106615,123.3569,-27.495552,31.867144,1015.5149,0.0026719496,6.241001,38.950092,3.5705574,28.5918,817.491,-0.004865719,5.2785997,27.863617,-20.048895,19.11048,365.21042,-0.00081200065,3.5905447,12.892011,-14.04516,17.868122,319.2698,-0.002587406,3.5176747,12.374035,-19.275213,14.62335,213.84236,0.00503587,2.6712587,7.1356225,-6.266295,13.3792925,179.00548,0.005950508,2.4032674,5.775694,-15.130339,12.161126,147.89299,0.0020116367,2.2112715,4.8897214,2.1022937,14.04518,197.26709,0.0037677079,2.5932279,6.72483,-13.0321,10.108197,102.175644,0.0009074109,1.8167725,3.3006623,-3.7826667,8.668043,75.134964,-3.4365505e-05,1.5737904,2.4768162,-9.632186,9.098374,82.78041,-0.0009272274,1.6367028,2.678796,2915.2507961456254,938.7559926743538,881262.8137820115,1791.9882848812026,302.8098646501506,91693.81412944251,4952.486195958647,1266.0014329558628,1602759.628246298,21.950967897035582,9.65039581181088,93.13013932461698,0.093355894,0.093000926,0.008649172,179.6367556796794,48.73020025260085,71.73936383710603,488.2105677098518,416.4712038727457,169.64319079487348,3.2948499413638648,0.13936627280620753,1.3888065756424934,331,0.5407129893029804,0.17978181818181768,0.19146503985741953,1.1200000000000045,59.32799999999983,-1.2062948e-05,-3.1992781e-06,1244,342.78558,37606.17,0.0148581491832633,0.11252285954497326,3.575898444484187,640,0
360,183.03999999999994,19.89000000000007,9.20261391640952,0.09801409352978895,0.048627697,0.040705975,0.000827608,0.25724784,0.25642022,0.037771434,0.0016569763,0.22359346975027594,0.13603729540627543,0.018506145741454243,-250.6354,79.89613,6383.392,-0.052917972,14.435507,208.38387,19.516722,46.32184,2145.7126,-0.00043035104,9.0070505,81.12696,-37.059673,33.336933,1111.3511,-0.0007576102,6.6861444,44.70453,-4.395378,29.02738,842.58875,-0.001012567,5.550158,30.804255,-33.164364,19.336569,373.90292,0.008734968,3.653646,13.349129,-11.187681,16.21693,262.98883,0.0009482807,3.0616732,9.373842,-22.460188,15.329064,234.98021,-1.1138682e-05,2.9534774,8.723028,-20.087221,14.205687,201.80153,0.003650854,2.7119257,7.3545413,-15.57432,12.3577,152.71277,0.0033515892,2.3370924,5.4620013,-9.308327,11.134052,123.967125,0.0034048513,2.0796542,4.324961,-18.639221,9.393104,88.2304,0.0009751493,1.7735776,3.1455772,-4.8321667,8.894004,79.10331,0.00267341,1.5945395,2.5425563,-14.473222,8.74213,76.424835,0.002991262,1.5951624,2.544543,2506.6642903097963,961.3000431666218,924097.7729921489,1766.9296828098443,329.3975661847788,108502.7566084557,4409.56741761274,1406.3598490601971,1977848.0250486205,24.31432721321921,9.387250947030795,88.12048034253056,0.05808858,0.07867177,0.0061892467,296.4077549982662,39.4448846577977,214.97519305553408,580.5834807400734,365.6082876845393,286.9574553484241,1.6742571499270427,0.7272153893523785,0.6307593751539939,128,1.4299999888281245,0.15571653543307026,0.16074721670789585,0.8640000000000043,19.775999999999925,-1.1976747e-05,-3.2848116e-06,1123,6864.854,438547.22,0.010634054396604734,0.08099957673881432,3.3107517482517492,606,0
362,121.53599999999994,145.63406250000003,0.8345300342457307,0.5450987327594013,0.016116329,0.02214276,0.0,0.21384129,0.21384129,0.0034211185,0.0004903018,0.36967726656062877,0.14361567510176662,0.02062546213493619,-357.83337,135.24146,18290.25,0.0006121607,15.119981,228.61382,4.858066,37.671715,1419.1582,-0.00052959647,6.9200215,47.886696,-23.340612,25.590084,654.85236,-0.0004051711,4.7324095,22.395699,2.6911209,21.441357,459.73175,-0.0009566525,3.915938,15.334569,-23.222305,19.371166,375.2421,0.0019231657,3.094789,9.57772,-5.116364,14.115755,199.25455,-0.0034417114,2.3938951,5.730734,-19.507093,14.59446,212.99826,0.0035051175,2.2941716,5.2632236,-5.4149075,11.022079,121.48624,-0.0013029038,1.8619542,3.4668736,-10.392002,10.795016,116.53238,0.0016873103,1.8611902,3.464029,-5.207218,11.404018,130.05164,-0.00032739434,1.8475804,3.4135535,-10.9654045,9.181139,84.29331,-0.0015903753,1.5607644,2.4359856,-8.126556,11.257747,126.736855,-0.0011220549,1.8105398,3.2780547,-8.517035,7.3884506,54.589203,0.00050881435,1.1880373,1.4114325,3160.8317990826667,1010.653794417115,1021421.0921697123,1844.4709478465104,409.82234549028095,167954.35486315523,5280.536115269461,1388.7274731425127,1928563.9946607887,20.383197019791726,9.152131700791871,83.7615146686395,0.20453037,0.19889337,0.03955857,243.0981335121127,148.95541494424828,82.88426748110167,1651.6508741412117,1568.76660666011,230.40470702053787,7.586625469318518,0.13125748501422066,0.43792331710069504,117,1.0387692218908608,1.2436239316239301,1.7945666892490564,10.111999999999995,145.50399999999982,-1.1617103e-05,-3.1207253e-06,715,441.4922,57680.984,0.015680681817324783,0.09720494065652548,6.401395471300687,778,1
363,538.4639999999987,170.87006250000127,3.1513068408264195,0.2408879983822873,0.02185126,0.02009789,0.0,0.25470987,0.25470987,0.016256891,0.0004039252,0.25948246284595344,0.1275115927513482,0.01625920628598568,-288.9282,83.54318,6979.4634,0.007371043,14.960939,223.8297,27.669502,48.565228,2358.5813,-0.0036387614,9.568071,91.548,-37.24471,38.74109,1500.872,0.0013419304,7.86921,61.92446,10.789503,28.219051,796.3148,0.0029118515,5.1182804,26.196796,-19.498,22.094685,488.17505,3.4026558e-05,4.1305747,17.061647,-14.270797,17.227936,296.8018,-0.0008081446,3.2488153,10.554801,-20.931772,16.264704,264.54062,-0.00089395617,2.9912603,8.9476385,-8.257858,12.376069,153.16708,0.0012149576,2.3577676,5.5590677,-17.087091,10.610101,112.574234,0.000102894024,1.9220121,3.6941307,-5.497177,11.814785,139.58914,-0.00017134103,2.1484537,4.6158533,-10.853616,8.9634905,80.34417,-9.536995e-05,1.6628042,2.764918,-2.8221986,7.51365,56.454933,-0.00012945515,1.3941936,1.943776,-10.292169,8.248553,68.038635,-0.0012047149,1.4971018,2.2413137,2621.3709868662527,931.1691888914361,867076.058340735,1692.5976272945425,335.7240507339971,112710.63824124346,4412.516000699237,1292.5950875874382,1670802.060455177,22.676992819327186,9.370123987283156,87.79922353705918,0.07554234,0.10106669,0.010214477,167.03226563197836,66.44667165456997,66.93519325188251,1396.9129257320158,1329.9777324801332,158.2826938011902,14.895262644294192,0.47137637025888135,1.2984009209342038,921,0.5846514651632435,0.18550271444082486,0.21366583812933557,3.104000000000042,170.8479999999997,-1.20374525e-05,-3.162155e-06,3912,701.10266,50275.43,0.011361499710962026,0.10032979928778496,3.9891246211445988,2148,0
364,900.3519999999995,274.58593750000057,3.2789443076306606,0.23370250354180988,0.012189567,0.01088908,0.00019413774,0.13785641,0.13766228,0.009769937,0.00011857207,0.3182488378169513,0.13602325645459265,0.018502326296511884,-349.84338,109.979454,12095.48,-0.00037316355,20.223639,408.99557,26.970915,57.562733,3313.468,-0.00071873044,11.534989,133.05598,-31.695738,38.9907,1520.2748,0.00044832172,7.670165,58.831432,8.002465,28.596682,817.7702,0.0006063648,5.508867,30.347612,-25.510534,23.584555,556.23126,6.816539e-05,4.5873194,21.0435,-6.522987,17.899231,320.38245,-0.0002783336,3.4369056,11.812321,-20.70632,15.657375,245.1534,-0.0006658441,2.8736641,8.257945,-7.8436375,13.400309,179.56827,-0.00017018075,2.531972,6.4108815,-14.3069,11.871408,140.93034,0.0002727282,2.1524107,4.6328716,-1.862619,11.361285,129.0788,0.0006732854,2.0727444,4.296269,-14.764149,9.954689,99.09584,0.0006283313,1.8743595,3.5132236,-5.315417,9.182811,84.32402,-4.551759e-05,1.6861485,2.8430967,-8.84362,8.714764,75.9471,-0.0004607252,1.6311041,2.6605005,2833.823782470001,1042.4655845618538,1086734.4949958874,1676.1570764561977,328.84459869922574,108138.77009365482,4640.845223261705,1344.8475233599158,1808614.8610872997,20.288831004743017,8.656242757030002,74.93053866863438,0.100835204,0.10812087,0.011690124,162.96844919174774,114.92614693552825,76.00520839822768,1388.867299316009,1312.8620909177812,142.65235101161107,9.032072715331447,0.07203747582667328,1.3038986580514598,1532,0.5876971275537222,0.1789869451697124,0.16770512894194967,1.2480000000000473,274.2079999999994,-1.1488612e-05,-3.7704535e-06,5890,108.572624,9436.383,0.020878991134616838,0.12463440791482552,4.539335726471427,4087,0
366,478.8799999999976,302.74206250000236,1.5818086012352026,0.3873253801609552,0.0082709985,0.008811382,0.00012298701,0.14364967,0.14352667,0.0060113054,7.764045e-05,0.2999663684444854,0.1468775834627488,0.021573024523856735,-397.4939,94.05071,8845.537,0.0038373598,17.092144,292.14142,23.29684,58.21409,3388.8801,-0.0004602673,11.376926,129.43445,-43.825886,41.447453,1717.8915,0.0009119875,8.170493,66.75695,5.052416,29.29859,858.4074,0.00058288075,5.5982428,31.340324,-16.507427,20.785938,432.05524,0.00035527456,3.9325194,15.464709,-16.397787,19.897516,395.91113,0.00027785602,3.861494,14.911136,-18.383543,16.529482,273.2238,-0.00081545423,2.9088626,8.461482,-8.994762,14.09244,198.59686,-8.353634e-05,2.600197,6.7610254,-17.41627,11.804239,139.34007,-0.00058756315,2.142867,4.5918794,3.1902559,11.972348,143.33713,0.00056026294,2.179795,4.7515063,-16.33668,10.335218,106.816734,0.0003505972,1.8351892,3.3679197,0.8830468,8.718212,76.007225,-0.00034702357,1.5658582,2.451912,-10.633913,8.847695,78.281715,-0.0005557855,1.6208794,2.6272502,2771.526101804393,1074.21005833293,1153927.2494236368,1644.6256506803516,354.9201151471028,125968.28813603272,4489.377354048965,1486.9138345309625,2210912.7513195705,20.638062731349894,7.96741257284743,63.479663105967305,0.087924846,0.099029705,0.009806883,180.2973099115117,127.48127432750233,101.45478129445331,1488.5511143913498,1387.0963330968964,155.56349186104043,7.7222382080835965,0.1904118562109878,1.833366877358327,1433,0.3341800416369976,0.21120446615492153,0.2671940327654056,5.2479999999999905,302.65600000000256,-1.3991918e-05,-1.2696021e-06,3687,207.6039,33107.82,0.011386465137652135,0.0951744500883125,5.116104243234239,2450,0
367,729.8880000000006,257.3559999999994,2.836102508447053,0.26068125002532244,0.017833523,0.016137047,0.00066682533,0.20662832,0.2059615,0.0143733565,0.00026040428,0.27245656936746404,0.14119376217435023,0.019935678476946973,-318.5889,92.16447,8494.289,-0.0017420925,17.041605,290.4163,23.938147,49.785995,2478.6455,-0.0002316877,9.993248,99.865,-26.653162,32.398098,1049.6368,-5.2985615e-06,6.5601077,43.03501,3.681747,25.986761,675.31177,-0.00080664613,5.0894675,25.902681,-12.99055,19.151258,366.77072,-0.0010961404,3.7194052,13.833975,-11.780095,17.95461,322.36804,0.000231667,3.4948514,12.213986,-26.806324,14.445638,208.67644,0.0005861001,2.6845965,7.207058,-8.188512,11.695254,136.77898,0.00055274967,2.1885486,4.789745,-21.313229,13.846424,191.72345,-0.00019033348,2.5978043,6.7485867,-1.3184717,12.844192,164.97327,-0.00020908685,2.368192,5.6083326,-15.974003,10.337321,106.86021,-1.72083e-05,1.8610538,3.4635215,-4.3890486,8.161516,66.610344,0.00030375956,1.5394773,2.3699906,-12.812126,8.593127,73.84184,0.00046679887,1.5741535,2.4779594,2745.73343187376,963.6393848267327,928600.8639892439,1824.2059556057552,297.79527306589716,88682.02466039227,4818.0205598502525,1307.892740089398,1710583.4195785536,22.38695987086,9.13657067489098,83.47692369727781,0.093066685,0.109759,0.012047039,170.27355833458282,57.21437820972961,95.76056196257365,1413.1442720795428,1317.3837101169693,164.81377845643496,17.152312502908064,0.4482367431463686,1.1456134451057691,1131,0.6453474795355023,0.22733863837311974,0.19244672762131293,1.1200000000000045,257.1199999999984,-1.3221208e-05,-2.042896e-06,4892,595.67194,42345.414,0.010894308938597991,0.10833688882413385,4.099259064404398,2992,1
368,738.0750624999996,173.21600000000035,4.261009711799074,0.19007758018037224,0.022994343,0.020933637,0.0,0.19027986,0.19027986,0.017347135,0.0004382172,0.2634072107196784,0.10745527305040063,0.011546635706336156,-300.7101,98.36667,9676.001,0.00855941,16.512003,272.64627,20.213778,40.44132,1635.5004,0.0022654317,7.609635,57.906544,-49.55094,34.550148,1193.7128,-0.0013194602,6.714822,45.088833,17.047314,26.31514,692.4866,7.406565e-05,4.9591217,24.592886,-28.638878,22.906588,524.7118,-0.0006173853,4.3395743,18.831905,-10.188717,15.882807,252.26357,-7.459382e-05,2.9559543,8.737666,-35.496,18.35052,336.74155,-0.0009800307,3.2781978,10.746581,-13.9673,15.320831,234.72786,0.00030110765,2.8746455,8.263586,-7.896612,11.827431,139.8881,-0.00024937314,2.2132037,4.89827,-20.340038,14.534985,211.26578,-0.0011257522,2.6536655,7.041941,-4.6266346,12.234248,149.67683,0.0006359263,2.1942382,4.814681,-4.35785,10.375925,107.65983,-0.0010423168,1.8671075,3.4860904,-17.996084,11.502692,132.31194,-0.00045029173,2.0165176,4.0663433,2608.80566504908,757.8966422599544,574407.3203489133,1636.9949045688056,274.61959628244637,75415.92266233383,4415.71371980125,962.6774216996025,926747.8182501944,24.00201257610236,8.851845435030345,78.35516760566756,0.06663748,0.10844709,0.011760771,205.80237354271836,70.16652750021059,118.57804013471404,1558.9508336201548,1440.3727934854408,191.5211239251473,11.09875218064141,0.45438584168641105,0.9524948018460349,868,0.8503168913014778,0.19955760368663694,0.29148649319320663,7.2,173.21600000000086,-1.4277994e-05,-8.683885e-07,4233,811.65625,71607.16,0.009853710532559363,0.10542061669350646,4.682450573921134,3456,0
369,351.74399999999827,381.1519375000017,0.9228445784226196,0.5200628329311782,0.0102255335,0.012048133,0.0001509745,0.2325956,0.23244461,0.007024461,0.00014515751,0.2883344379693708,0.1530849919287906,0.02343501475383789,-396.01266,89.025475,7925.535,0.008476922,15.742271,247.8191,8.182133,40.228256,1618.3127,3.5132257e-06,7.748326,60.036556,-22.556381,35.864082,1286.2324,-0.0021711031,6.8603134,47.0639,7.6841626,28.831247,831.2408,0.0002631863,5.5229087,30.502522,-27.663376,24.354902,593.16125,-0.0016906474,4.666183,21.773262,-6.8942537,19.77184,390.92563,-0.0010084662,3.5359514,12.502952,-18.96388,15.376328,236.43147,-0.0004598733,2.8092213,7.891724,-2.8913004,13.152235,172.98128,0.00016976327,2.4533248,6.018802,-11.27291,12.736508,162.21864,0.00041508325,2.3515837,5.5299463,-5.344235,10.635548,113.11487,0.00074621843,1.8974737,3.6004064,-9.727964,9.937168,98.747314,-0.0007047548,1.810139,3.276603,-5.276996,10.549193,111.285484,-0.0006241645,1.9880589,3.9523783,-2.874189,9.480217,89.87451,-0.0012541689,1.7351357,3.010696,2892.8990587888125,1012.2786011506021,1024707.9663474197,1767.9369924851987,275.7166668113285,76019.68035754912,4921.449632690041,1097.453779656565,1204404.7984824807,22.43205542152597,7.638102398497649,58.340608249935535,0.07095987,0.09123079,0.008323057,310.3665234757934,110.43537413002595,104.42763330455712,2093.004522404789,1988.576889100232,283.6614678567074,7.402922660004142,0.5769113216357284,1.630517975138865,1195,0.2943464432683279,0.31825941422594134,0.38442761622766636,3.680000000000007,380.3199999999999,-1.455065e-05,-7.0775855e-07,3814,730.10175,31448.416,0.007618602642955191,0.07060570023711162,6.234647925764222,2193,0
370,602.6879999999987,187.32187500000123,3.2173925057209805,0.2371133335516866,0.018199164,0.017168302,0.00023386712,0.23921652,0.23898265,0.01346161,0.00029475061,0.28543241133723873,0.10996208660347942,0.012091660490191107,-298.3791,82.73679,6845.377,0.009374266,14.5621805,212.05711,24.935001,44.906326,2016.5781,-0.00088227406,8.782062,77.1246,-32.25982,32.013554,1024.8677,-0.0006482943,6.2722287,39.340855,17.81184,29.47648,868.8629,0.0019571963,5.5372744,30.66141,-26.8333,21.60265,466.6745,0.00032931424,4.1173587,16.952644,-13.9040575,17.062103,291.11536,-0.00047862282,3.2075262,10.288224,-20.802254,14.921662,222.656,-0.0024257689,2.810844,7.9008436,-18.449999,15.909919,253.1255,-3.1632877e-05,3.0069683,9.041859,-18.830355,11.284076,127.330376,0.0008913052,2.0853462,4.348669,10.1219015,18.628551,347.02292,1.2882792e-05,3.4838662,12.137323,-20.578873,11.126883,123.80751,2.7056645e-05,2.0081062,4.0324903,5.7610426,10.917999,119.2027,0.00035969928,2.0819821,4.33465,-12.718174,9.900215,98.01426,-0.0008740796,1.7985965,3.2349494,2788.56174396128,807.3737152040964,651852.3160024653,1732.1777737526309,281.5766001171386,79285.38173352696,4673.90565507534,1105.5642454268948,1222272.3007663393,22.694157607952018,9.027611167331033,81.49776338851999,0.06813059,0.071824715,0.00515879,161.5356603683684,98.02779187250574,65.7852866955572,1405.0051599877036,1339.2198732921463,147.682975305829,11.117309291397987,0.18373298767888313,1.4417541299721095,1139,0.5291378397461465,0.16443898156277395,0.1850035343829118,1.9839999999999804,187.29599999999954,-1.2225625e-05,-3.0309045e-06,4469,340.5138,24739.994,0.01398092903416162,0.11904293789452905,5.017521503663597,3024,0
371,232.86399999999998,20.395875000000018,11.417210028144893,0.08053338492724131,0.028781442,0.019636927,0.0005203047,0.17034715,0.16982685,0.025214752,0.0003856089,0.3059875064158244,0.1314819803466551,0.017287511155878198,-245.13597,89.39866,7992.1206,0.0015639459,16.720144,279.5632,38.937656,56.076603,3144.5852,0.0029573187,10.856666,117.867195,-7.178804,26.365456,695.13727,0.007046684,4.9782853,24.783325,-6.3179793,28.266369,798.9876,0.0045754598,5.1537833,26.561481,-23.273014,17.097654,292.3298,0.0034300943,3.2186098,10.359448,1.6049737,14.370782,206.51938,0.0013411877,2.577405,6.6430163,-39.623806,20.226048,409.09302,-0.0032156573,3.8552494,14.862948,1.0093888,12.956169,167.86232,0.00065156934,2.3230224,5.396433,-23.382889,12.460013,155.25192,-0.0011908995,2.3569355,5.555145,-3.0704155,13.714331,188.08287,0.0008777576,2.2997012,5.2886252,-15.6688,9.692566,93.94583,0.0010113044,1.7279232,2.9857185,-9.864972,9.036402,81.656555,-0.0013872219,1.6303793,2.6581366,-16.53634,8.482094,71.945915,-0.0034483431,1.5129852,2.2891243,2822.980926668181,957.4444123989442,916699.8028339596,1935.9574072486012,283.7394091949133,80508.05233027846,5157.356482943777,1110.7106692705406,1233678.190831412,22.140661952149046,10.30483343417088,106.189592106006,0.07876002,0.07737489,0.005986874,150.01789114253143,158.81375488460293,68.49972922973525,1437.8455988521675,1369.3458696224322,121.34967043801211,6.890345916910958,0.2606443461452123,0.5488433570458013,139,1.6752805634871901,0.14641726618705017,0.12960026530307345,0.73599999999999,20.351999999999972,-7.714142e-06,-7.5464686e-06,1300,723.2701,35194.55,0.01912906884529922,0.10167478572165375,3.3581833173010858,782,0
372,513.4719999999984,193.22793750000164,2.657338291688052,0.273422887489645,0.013508044,0.013613651,0.0,0.15399742,0.15399742,0.009420092,0.00018533148,0.287131572617161,0.14315916981603743,0.020494547902417042,-363.2399,112.65346,12690.802,0.0036701432,20.709764,428.89432,9.923005,43.04933,1853.2449,0.0029147244,8.155618,66.5141,-35.1102,41.98502,1762.7418,-0.00041521664,8.60495,74.04516,7.0445514,26.20682,686.7974,-0.0016382656,4.9514785,24.517138,-39.218185,25.823753,666.8663,-0.0005920005,5.0338993,25.340143,-15.970959,17.631481,310.8691,0.00051243266,3.1369643,9.840545,-29.068356,17.24749,297.4759,-0.0011380109,3.076891,9.4672575,-11.794068,17.107079,292.65216,-0.0010697129,3.0247114,9.148879,-8.659423,13.668661,186.8323,-7.206496e-05,2.4894567,6.197395,-12.5615835,12.743364,162.39333,8.518281e-05,2.3619077,5.578608,-12.201197,10.91008,119.029854,-3.8733644e-05,1.9861021,3.9446018,-8.188336,10.701835,114.529274,-0.0010382093,1.9811223,3.9248455,-5.566968,8.6325,74.52005,-0.00092006975,1.5550481,2.4181745,2893.7492007724773,949.4030325892893,901366.118289739,1749.8059199731235,307.6687014677614,94660.0298628585,4813.973355784469,1135.1860976093076,1288647.4762054484,21.775137889260066,7.814153691124171,61.060997908509506,0.08467475,0.11350979,0.012884472,332.7902771462835,174.60411550478162,126.35681904967383,2021.7091047947818,1895.352285745108,300.528856485967,7.097598404559051,0.25275073578208057,1.4815340209365733,1047,0.4904221580798244,0.18451193887296852,0.24859130450791578,3.9680000000000035,193.18399999999804,-1.4286203e-05,-8.866095e-07,3659,293.66153,15610.821,0.014844675085384592,0.09273801450035951,4.048906269475271,2079,1
374,483.61599999999737,277.26012500000263,1.7442681245841776,0.36439587981552535,0.010672655,0.009090597,0.00014788257,0.20176356,0.20161568,0.008620368,8.263895e-05,0.2884144975134578,0.14153409850150364,0.020031901038633334,-368.53503,93.73537,8786.318,0.0017219111,17.297787,299.21344,20.500425,43.87456,1924.977,0.0008651755,8.060489,64.97147,-42.944916,39.886513,1590.934,0.00017681454,7.8102427,60.999893,10.6122055,29.143805,849.3613,0.0014703355,5.5029097,30.282013,-28.148422,21.358332,456.17834,0.00083369634,4.1628523,17.32934,-20.000998,19.425503,377.35016,-0.00045149183,3.5674617,12.726784,-20.600348,15.602691,243.44395,-0.0012592003,2.902633,8.425279,-14.16224,16.738039,280.16196,-0.00023480691,3.0996146,9.607611,-12.880601,13.471323,181.47653,0.00010806061,2.4636183,6.0694156,-6.868809,13.586273,184.58682,0.000877384,2.455752,6.030718,-14.421516,11.382407,129.55919,0.00019546413,2.0998042,4.4091773,-2.0294948,10.028369,100.56819,-0.0010391594,1.8173429,3.302735,-13.425037,10.707613,114.65298,-0.0007594179,1.968021,3.8731067,2764.9439268677515,965.3433371208541,931887.758523627,1692.7465594286523,300.5525898772934,90331.85928194853,4542.841597274792,1284.1481017955646,1649036.3473451515,22.32935387145214,8.727111718324418,76.16247894411536,0.07764112,0.09274617,0.008601852,233.33868789577204,89.14364530266671,92.4986056779086,1429.5642175869746,1337.0656119090659,217.47308447763714,10.113105348840433,0.38687021614993394,1.7151280702887084,1305,0.3705869728960999,0.21235249042145482,0.29223432294187,4.576000000000022,277.1199999999985,-1.3561983e-05,-1.698099e-06,3415,558.41394,50771.465,0.011054527485928122,0.06493314538676133,4.693806656520902,2270,0
375,122.04799999999994,13.272187500000058,9.195770539274621,0.0980798781408728,0.009722261,0.008570103,0.00021224664,0.055393875,0.055181626,0.0073071076,7.344667e-05,0.29408155555391347,0.1310990952732337,0.017186972781460412,-368.68393,90.68571,8223.897,0.017717605,15.64325,244.71127,18.311684,51.40505,2642.479,0.006209976,10.087767,101.76304,-30.14266,33.704346,1135.983,-0.006396627,6.5912614,43.444725,12.278033,28.98513,840.13776,-0.00045278986,5.578614,31.120935,-22.357393,17.449993,304.50226,0.003219993,3.34268,11.17351,-15.788292,20.31555,412.72153,0.0030015074,4.058054,16.467804,-26.97793,17.083527,291.8469,-0.003523357,2.9364748,8.622884,-7.4519672,14.643489,214.43178,-0.0023401906,2.6796827,7.1806993,-22.958817,12.795981,163.73714,0.0024431446,2.3758242,5.6445403,1.6042846,12.374607,153.1309,0.007075356,2.3224604,5.3938227,-19.517532,10.47462,109.71767,0.0013597026,1.9316208,3.731159,-2.471374,9.557225,91.34055,-0.0029122746,1.8017411,3.2462711,-13.3049135,8.997731,80.959175,-0.007228184,1.6259313,2.6436524,2839.3620051716184,923.4924468705632,852838.29942698,1750.3385265999093,283.30418285527105,80261.26002329287,4760.0976885788605,1200.1209104150425,1440290.1996154308,21.62942916825707,8.333708485608668,69.45069712310591,0.08313415,0.08759715,0.0076732603,186.96062439796424,190.04760423416997,115.20235351026894,1462.9786972113066,1347.7763437010376,154.66751207845843,6.097108905833717,0.2541972096821477,0.6724791155052161,91,1.3411867984484962,0.1464888888888887,0.14158791885408883,0.8960000000000008,13.183999999999983,-1.3651556e-05,-1.6093543e-06,668,217.67647,8135.469,0.011506921958702841,0.11368199938887463,4.277005768222341,522,0
376,470.9759999999997,59.29606250000023,7.942786960891559,0.11182196214608277,0.025168492,0.019963779,0.0003320232,0.20147829,0.20114626,0.020024661,0.00039855242,0.26026215623491433,0.13018465475133742,0.01694804433272492,-291.6479,87.67009,7686.0444,0.0030556056,16.54213,273.64206,17.06933,48.835068,2384.864,0.0008131403,9.451533,89.33148,-23.52618,29.474693,868.7575,0.0033816907,5.7440658,32.99429,-16.497671,36.12268,1304.848,0.0025575291,6.928278,48.001038,-18.223177,18.589432,345.567,-0.0009608999,3.6301694,13.178129,-17.746258,23.535748,553.9314,-0.0023501643,4.4773865,20.046991,-26.74205,16.236017,263.60828,0.00022410932,3.0373657,9.22559,-0.82441294,13.991898,195.7732,0.00044203518,2.5902195,6.7092376,-25.378008,13.958244,194.83258,-0.0016087132,2.5741537,6.6262674,-5.365078,12.463931,155.34958,0.0018203596,2.3593204,5.566393,-23.916975,11.321019,128.16547,-0.0011096662,2.0873718,4.357121,-11.396735,10.675083,113.9574,-0.0009606937,2.0087883,4.03523,-12.193146,9.153536,83.787224,-0.00024471708,1.6484848,2.717502,2865.2480458118007,854.8898624416502,730836.6769055036,1965.1296543501996,299.9950196765842,89997.01183075416,5262.1694348901765,979.9719588039276,960345.0400420066,23.865760112442935,9.77931796398612,95.63505984074163,0.06086005,0.069535226,0.0048351474,276.29571917373863,117.66810383362828,111.27813843321147,1864.6550460723593,1753.3769076391477,257.13099468347406,9.690304197735102,0.4761042722377441,0.9655420984959019,512,0.9198749982033686,0.11574999999999937,0.12877087209458793,1.2800000000000864,59.263999999999676,-1.2510817e-05,-2.7484916e-06,2943,1544.0392,98400.89,0.013164984919122494,0.07563885118660739,3.5415817366490034,1668,1
377,604.4479999999994,199.32293750000053,3.0325059651877337,0.2479847531187958,0.0065162336,0.0067545725,0.0,0.06769781,0.06769781,0.004280759,4.5624252e-05,0.3152418242147066,0.14983174313381073,0.022449551250516238,-415.23083,82.01374,6726.254,0.0012509273,12.551548,157.54135,6.503315,47.112232,2219.5623,0.0033162425,9.337014,87.17984,-18.797836,33.888557,1148.4343,0.0017127253,6.516836,42.469154,-1.581856,24.630358,606.65454,0.0013929335,4.7198744,22.277212,-22.468815,17.409365,303.08597,0.00035382825,3.2883098,10.812981,-8.800795,17.079657,291.71466,-0.0017693792,3.112662,9.688665,-22.343063,12.831052,164.6359,-0.0012422549,2.3489065,5.5173616,-4.045841,12.312348,151.59393,0.0001008556,2.238144,5.009288,-12.335531,12.509435,156.48595,-0.00070165127,2.3609793,5.5742235,-9.341052,9.88493,97.71183,9.548889e-05,1.7985531,3.2347934,-15.213024,9.943278,98.86878,0.0008440835,1.7888241,3.1998918,-6.4846964,9.342258,87.27779,-0.0006754837,1.7638335,3.1111088,-13.890931,8.480216,71.91407,-0.0013786921,1.5236421,2.321485,3123.9005954787604,1069.0566686980123,1142882.160887692,1878.8296519515447,336.98162640795033,113556.61653654742,5235.943845051358,1101.0625131135257,1212338.657783873,21.286887300883564,8.688522843777957,75.4904292068514,0.10901684,0.12415355,0.015414103,253.6737680945445,118.09436169222879,95.76056196257365,2057.0479574677915,1961.287395505218,235.7901617579845,7.459578383345266,0.30125806193561355,1.046318000269822,841,0.7187253261370679,0.2372571428571438,0.3146482549669403,6.015999999999963,199.2960000000008,-1.4126811e-05,-1.0326911e-06,4006,331.68613,16974.578,0.010089903497379357,0.06849901851622109,3.9060431997458878,2361,1
379,539.0679999999999,72.89600000000019,7.395028432355274,0.11911811805923253,0.032394744,0.025632218,0.00029817692,0.22767057,0.2273724,0.027199518,0.0006570106,0.276227167923813,0.1173136146227874,0.013762484175863877,-245.47762,98.90213,9781.632,0.012167708,17.48949,305.8823,26.519892,55.62329,3093.9507,-0.00031058455,11.330285,128.37535,-26.487768,30.765568,946.5202,-0.00032452383,6.098351,37.189884,20.965961,28.225025,796.65204,0.0044818344,5.6744943,32.199886,-26.079752,19.229795,369.785,0.0008641177,3.7958522,14.408494,-6.9300003,15.329829,235.00366,-0.0011228586,2.9621847,8.774538,-26.363466,15.681005,245.8939,-0.0008018862,2.8557935,8.155557,-14.474052,15.407373,237.38716,-0.0017639584,2.981813,8.891209,-12.475699,11.977839,143.46863,-0.00034744808,2.2265365,4.9574647,-12.739978,13.401455,179.59898,-0.00068557647,2.5807288,6.6601605,-8.955685,13.0908575,171.37054,-6.309964e-05,2.4810946,6.1558304,-6.2446537,10.618242,112.74707,-0.0015559485,2.0280883,4.113142,-17.109793,11.386422,129.6506,-0.0027737813,2.0806828,4.3292403,2745.491180180087,890.8571108473544,793626.3919472955,1703.9045075470428,239.7585876388978,57484.18034659904,4609.464465462246,1045.4509716410425,1092967.7341051998,22.628795406122293,10.073753738582438,101.48051438560366,0.07439558,0.079809785,0.006369602,146.36328014698108,116.97482343789491,99.13755088719131,1396.9129257320158,1297.7753748448245,124.18608452867444,9.854612289504988,0.15613888307068924,0.707557960925806,433,1.2449607361548247,0.1683510392609688,0.13858761864482946,0.7360000000000007,72.89599999999949,-9.294894e-06,-5.967388e-06,3335,567.54565,54908.895,0.017545857036906195,0.12098368153616741,4.5170553622177545,2435,0
380,958.8479999999998,256.04093750000027,3.744901130332323,0.2107525466705472,0.021769771,0.019024529,0.000145372,0.20115602,0.20101064,0.017413057,0.0003619327,0.31009609646624614,0.14287937400467204,0.020414515515966954,-315.29517,110.94172,12308.065,0.0017720733,19.94711,397.88718,4.180372,55.14919,3041.433,-0.00021057986,10.58506,112.0435,-30.729515,39.4841,1558.9941,-0.00024767307,7.808508,60.972797,4.4887342,32.67143,1067.4224,0.00044260165,6.1188264,37.440037,-21.020077,23.29973,542.87744,0.0005059981,4.4016953,19.374922,-15.955264,19.9537,398.15012,-0.0006124787,3.6777058,13.525519,-19.267391,16.337029,266.89853,-0.0008793503,2.8627574,8.19538,-12.031846,14.678655,215.46289,0.00016024914,2.797236,7.8245296,-19.45332,13.546494,183.50748,0.0003340958,2.434849,5.9284897,1.6592168,13.533992,183.16895,0.00096312474,2.5009935,6.254968,-17.675247,11.876881,141.06029,-0.00030067354,1.996072,3.9843035,0.9332959,10.841499,117.53812,-6.160958e-05,2.0139527,4.0560055,-15.750481,11.118959,123.63126,-0.0003456421,1.9793628,3.9178772,3051.372710595434,1054.1395479450746,1111210.186541846,1779.1614879266147,289.3396449036483,83717.43011296932,5069.543925815203,1171.9327486857912,1373426.3674422342,23.068597908128073,9.295863449785845,86.4130772770644,0.07146253,0.077652946,0.0060299803,167.59166766784216,72.13951819236208,65.7852866955572,1680.5212228823332,1614.735936186776,153.77669275969214,13.188710502493542,0.29255123004023204,1.1638923990119878,1414,0.6781103248386772,0.1801867043847217,0.2152912811086137,2.7200000000000273,254.7839999999965,-1.3650299e-05,-1.6064702e-06,5510,346.229,35047.6,0.010113406208182244,0.1006851632029274,3.9662177946869583,3803,1
381,373.247999999999,90.12200000000098,4.1415858043364455,0.1944925221745063,0.006287275,0.0055645844,0.0003137161,0.059922013,0.059608296,0.0047366284,3.0964602e-05,0.30101249320229956,0.1337240150371328,0.01788211219765132,-398.82474,78.48175,6159.3857,0.0030535702,12.703084,161.36835,25.354479,50.300762,2530.1667,0.0035061643,9.789482,95.83397,-13.444693,24.543724,602.3944,0.0012553036,4.445265,19.760378,0.7271789,26.187378,685.7788,0.0015439169,4.890565,23.917624,-11.022266,17.40473,302.9246,0.0019689242,3.301805,10.9019165,-2.932988,13.901394,193.24876,2.9498508e-05,2.560457,6.55594,-34.49363,17.428904,303.7667,-0.0012054435,3.2427769,10.515602,-0.366758,12.093452,146.25159,-0.00072539214,2.2230027,4.9417405,-25.222113,12.617587,159.2035,3.8775247e-06,2.2396152,5.015877,-3.6625366,11.597759,134.50803,0.0008802393,2.1326888,4.5483613,-13.287967,10.373696,107.61357,0.0002762805,1.8230904,3.323659,-2.172593,8.722333,76.07909,-0.0013698287,1.643736,2.701868,-13.400115,7.522284,56.584755,-0.0022423922,1.3179905,1.7370992,2940.2509626238298,925.1243929589165,855855.1424476036,1944.2418072944529,262.1304941308482,68712.39595328266,5268.80858970375,946.0187300928468,894951.4376864826,21.090568091726833,8.066183641135874,65.06331853252797,0.09710491,0.08911744,0.0079419175,136.85304331281998,91.05212483251617,67.32294488175604,1413.1442720795428,1345.8213271977868,127.82501456536235,12.901141851383217,0.31082107587108476,0.984094783866025,456,0.8185263139944577,0.19515789473684167,0.18828308189771334,1.3120000000000118,88.9919999999998,-1.2426893e-05,-2.834069e-06,2476,126.10893,5141.813,0.012686072536797268,0.10683981061770703,4.316165123456801,1611,1
382,274.84800000000007,20.912187499999902,13.142957275849026,0.07070656695468826,0.026808137,0.018756459,0.0005053412,0.12920603,0.12870069,0.023501368,0.00035180472,0.24524312740046522,0.128792426608134,0.01658748915161158,-265.96982,84.90827,7209.4146,0.013618665,15.527964,241.11766,35.837723,55.54476,3085.2207,0.005846383,11.417876,130.36789,-34.384796,32.10002,1030.4114,-0.0048232973,6.175288,38.134182,9.9714575,27.583328,760.84,0.00041249846,5.271618,27.789953,-29.243526,22.613962,511.39127,-0.00018795731,4.4820805,20.089045,-4.478535,13.381199,179.05649,-0.0029586398,2.5307088,6.404487,-28.108917,15.464774,239.15923,-0.0048438106,2.8072095,7.8804245,-12.282539,12.477805,155.69562,0.0009274155,2.292293,5.2546077,-23.11213,11.2069435,125.59559,0.0020409226,2.1648235,4.686461,-5.616774,14.490066,209.962,0.005992009,2.644164,6.9916043,-10.800909,12.720805,161.81888,0.0019892303,2.3582108,5.561158,-10.392875,10.945089,119.79499,-0.0012397787,2.0752692,4.306742,-16.430807,8.844448,78.224266,-0.003368095,1.6176567,2.6168132,2514.744265000125,962.7759442022698,926937.5187345721,1687.2694455895,268.26037768927415,71963.63023799201,4428.619969165855,1233.8115078389235,1522290.836875758,22.781205913437898,9.484095661956765,89.94807052514713,0.06435207,0.07880969,0.0062109684,154.1392704660411,105.97045230971644,66.93519325188251,1488.5511143913498,1421.6159211394672,139.3941668115768,10.886484304206707,0.3769338958804572,0.5274543586093717,156,1.761846142552269,0.13481290322580802,0.1209401231266711,0.9920000000000186,20.896000000000242,-1.1343299e-05,-3.9132447e-06,1869,748.17804,40698.688,0.014452737102329555,0.1015675874398474,3.900337641168936,1072,0
383,518.0479999999982,373.8810625000018,1.3855957163232893,0.41918250925925155,0.010211852,0.011723854,0.0,0.18601678,0.18601678,0.0071370434,0.00013744875,0.32391123774575753,0.14445823311688663,0.02086818111525276,-363.61835,100.55172,10110.648,0.0072498587,16.964968,287.81015,10.62506,52.218323,2726.7534,-0.0010180618,10.506226,110.38078,-17.948637,27.535532,758.2055,0.00056021725,5.3564787,28.691862,11.411503,26.210634,686.9974,3.723617e-05,4.6678615,21.78893,-13.440604,16.113081,259.63138,0.00011938502,2.9619267,8.77301,-4.971119,13.7687025,189.57718,-3.0981224e-05,2.5254319,6.377806,-28.621197,15.811139,249.99211,-0.0012115565,2.8360062,8.042932,0.32726228,11.563703,133.71922,-0.000566831,2.0555537,4.2253013,-21.05724,12.452715,155.07011,1.28194315e-05,2.1666853,4.6945252,-3.3679721,11.770259,138.53899,0.0010656434,2.0903587,4.3696,-16.356407,9.257811,85.70706,-0.00046706805,1.6201185,2.624784,-4.1210165,8.539714,72.92672,-0.0002718582,1.5770723,2.4871569,-11.251551,8.541822,72.96272,-0.0016805145,1.4834126,2.200513,3066.317130032453,968.4202358978033,937837.753296357,1855.3516717117966,316.1186028204924,99930.97104918023,5276.645129246942,1037.9837353955215,1077410.2349456402,20.78963712106231,8.8348123304427,78.05390891414237,0.1274755,0.13811325,0.019075267,143.17594268348606,65.33444355208722,65.40639132514966,1429.5642175869746,1364.157826261825,135.4258854679408,16.84725120405841,0.2062928281775807,1.437334036864619,1282,0.4040936034289427,0.2916193447737898,0.3470393322943683,6.271999999999991,373.8559999999985,-1.1856104e-05,-3.237368e-06,2837,220.83324,9884.165,0.013079969631870617,0.09926823846239285,3.9996293779727115,2072,0
385,47.99999999999999,14.229937500000005,3.3731698840441213,0.2286670704112471,0.018901791,0.017531984,0.0005303201,0.14573693,0.14520662,0.014934896,0.00030737047,0.28718619456940875,0.1462837384606655,0.021398932138028386,-310.86447,110.28667,12163.148,-0.1311193,22.518301,507.07385,38.607204,58.7084,3446.6765,-0.010844292,11.846876,140.34846,-32.618633,29.374062,862.8355,0.021214709,5.719442,32.712013,-5.0871663,21.254475,451.75266,0.003434445,4.2023597,17.659826,-22.911184,16.697678,278.81247,-0.0030387132,3.277893,10.744582,-5.7458196,13.043468,170.13206,0.0038976527,2.480922,6.1549745,-20.026379,12.638637,159.73514,0.0029846176,2.4215393,5.863853,-6.7468247,11.732184,137.64415,0.0035454915,2.2290783,4.96879,-18.28856,9.710116,94.28636,0.00017211003,1.8377408,3.3772912,-5.7689004,10.063823,101.280525,0.0026993554,1.8777447,3.5259252,-13.855096,8.671778,75.19973,0.0069197146,1.7019968,2.8967931,3.6040647,8.457939,71.53673,-0.0050044954,1.6019078,2.5661087,-18.528555,8.897908,79.17277,0.0032593356,1.6515201,2.7275188,2646.3295080253893,1067.202461279704,1138921.0933614583,1754.89170792458,313.22607530959027,98110.5742538491,4552.671111825192,1524.0332514004615,2322677.351374262,20.9389581437225,8.95614012564261,80.21244595014565,0.118833065,0.12741025,0.01623337,182.9520188185413,219.92211683457063,111.9227661312955,1405.0051599877036,1293.082393856408,141.8307339283537,5.253140871426647,0.4123393314075376,1.0445133421514363,65,0.7384615271005918,0.21563076923076943,0.1063954263376116,0.5439999999999969,14.016000000000012,-1.1318438e-05,-3.9381616e-06,349,1448.7863,65381.652,0.01345375859441593,0.11143642525421524,3.4375000000000004,165,0
386,536.831999999999,113.78793750000102,4.717828682694644,0.1748915625568284,0.020546302,0.018779026,0.00025429507,0.18056178,0.1803075,0.015567179,0.0003526518,0.27816111436866764,0.16712635120907593,0.02793121726845939,-332.4019,91.492744,8370.923,0.01179217,16.692528,278.6405,15.1177025,54.23882,2941.8494,0.0009987077,10.55262,111.35779,-38.042614,44.003307,1936.2911,-0.003178992,8.846894,78.26754,-7.9575324,32.055878,1027.5792,1.848145e-05,6.221966,38.712856,-25.745989,21.30718,453.99597,0.00052059715,4.14853,17.210302,-20.599014,19.558016,382.516,-0.0028990144,3.7359061,13.956994,-21.800117,16.961077,287.6781,-0.0017976902,3.1928804,10.194486,-11.997066,14.714424,216.51428,0.00058254285,2.7275958,7.4397793,-15.391209,12.923528,167.01758,0.0001946233,2.4288495,5.899309,-7.1055784,12.148109,147.57655,0.0007241676,2.2078283,4.874506,-17.771406,10.2834635,105.74962,-0.0007737992,1.9484471,3.796446,-3.1250513,9.347385,87.37362,-0.00074316503,1.7894379,3.202088,-11.594828,8.377435,70.18142,-0.0018117183,1.5420007,2.377766,2801.2544003005933,1234.918078403929,1525022.6603688528,1717.2528194898123,348.1706935566323,121222.83185170635,4567.6481347137515,1553.277339269772,2412670.4926889823,23.397895966843297,9.144724258707042,83.62598176778505,0.059790168,0.07902553,0.006245034,261.1390638856799,81.80413969913442,101.45478129445331,1405.0051599877036,1303.5503786932502,246.94165062806206,10.163447956277457,0.5189356678871269,1.1343027741138043,738,0.7274146331606833,0.15414634146341494,0.1757783472577439,1.2800000000000011,113.76000000000023,-1.4228295e-05,-1.0240532e-06,3223,922.15717,60790.9,0.010871031105104467,0.08209855524775572,3.8391899141630974,2061,1
388,106.55999999999986,48.40000000000015,2.201652847073279,0.31233866804336696,0.021091955,0.021131856,0.0004376082,0.27736512,0.2769275,0.015965154,0.00044655538,0.31749069210716496,0.14607542499292864,0.021338029786864717,-284.63077,96.62484,9336.36,0.029780556,17.595192,309.59076,26.754934,55.05485,3031.0369,0.011652031,10.391453,107.98229,-20.82335,30.946898,957.7105,-0.005713633,5.649224,31.913729,3.4739585,25.66714,658.80206,0.0051388894,4.71289,22.211332,-11.650009,18.350828,336.7529,0.005403409,3.415878,11.668223,-12.940965,17.71384,313.78015,-0.0036234858,3.1637414,10.009259,-19.008518,14.180057,201.074,-0.0062302216,2.6762197,7.1621523,-9.358738,15.091233,227.74533,-0.00048329766,2.7046504,7.315134,-15.128945,11.871648,140.93602,0.0063643744,2.0814617,4.3324823,-3.2809951,11.953365,142.88293,0.0030631279,2.2404592,5.019657,-16.839516,9.716554,94.41141,-0.003575163,1.8147578,3.293346,-3.4223404,9.039007,81.70364,-0.0046893996,1.671933,2.7953603,-12.413274,8.722611,76.083954,-0.0008028031,1.5570652,2.424452,2919.9999684202367,1061.9492912202343,1127736.2971231581,1866.5354640062455,279.3522535655754,78037.68157216551,5025.742695643196,1330.2634264881135,1769600.7838518964,21.181394907282037,9.83761162131988,96.77860241192796,0.103458665,0.09347417,0.008737421,239.38063108387396,358.34642217051805,89.86534992826049,1437.8455988521675,1347.980248923907,126.35681904967383,2.877988056688464,0.0650423291214036,1.2454827052142488,193,0.5521243494708575,0.25052849740932676,0.25877621609590323,1.5680000000000014,48.35200000000007,-8.2951765e-06,-6.9658076e-06,764,196.2472,11618.99,0.022275096109919443,0.13940938801819203,4.082207207207213,435,1
389,169.66399999999976,55.48593750000023,3.0577837301967787,0.24643994182765533,0.012801663,0.012544385,0.000530158,0.102907605,0.102377445,0.009336302,0.00015736159,0.2978798767055145,0.16483523799046326,0.027170655683372662,-343.7039,104.34453,10887.78,-0.013052877,17.419586,303.44196,28.205345,55.301956,3058.3064,7.61134e-05,10.629962,112.996086,-12.346426,25.700724,660.5272,-0.0015921972,4.841304,23.438225,7.928887,21.916996,480.35468,0.00076141907,3.9850771,15.88084,-10.305325,16.100586,259.22888,-0.000927349,2.9977045,8.986232,-8.7951975,17.026865,289.91415,0.001953712,3.1773937,10.095831,-20.868265,12.296227,151.1972,-0.0014552393,2.1952994,4.8193398,-4.786864,13.399452,179.54532,-0.002142325,2.4277794,5.8941126,-17.538942,10.843542,117.5824,0.0022149475,1.9868587,3.9476075,-0.7573546,10.501297,110.27724,0.0039589726,1.9081434,3.6410112,-14.1628,10.077879,101.56365,0.002130649,1.790228,3.2049162,0.6013757,8.245109,67.98181,-0.0010592279,1.4954994,2.2365184,-15.454261,8.170714,66.760574,-0.0006307745,1.4742305,2.1733556,2896.66878716061,1038.962891238819,1079443.8893713262,1913.0844957264778,278.27435426308125,77436.61624053484,5071.521683129619,1328.639449651189,1765282.787169414,20.8412332456101,9.092427425073014,82.67223648021987,0.11978587,0.11958477,0.014300517,153.14587060910634,144.25994836950807,65.40639132514966,1396.9129257320158,1331.5065344068662,136.21039964151845,8.187033377880955,0.28638430922592606,0.8616480295491976,194,0.8745566965229024,0.2851958762886593,0.2350557134736417,1.5679999999999978,55.327999999999896,-9.69902e-06,-5.5602445e-06,916,549.40717,48318.77,0.01638254059337479,0.1154848184441938,3.218125235760095,546,1
390,417.6639999999994,215.10600000000056,1.9416659603094863,0.3399434233607797,0.023658028,0.026549399,0.0006880805,0.2814142,0.28072613,0.015531294,0.0007048706,0.2757619903603034,0.13740628983610484,0.01888048848652365,-284.4899,99.92785,9985.575,7.915164e-05,17.094273,292.21417,35.923878,47.920822,2296.405,-0.0002628364,9.357121,87.55572,-17.415,23.710033,562.1657,6.240748e-05,4.2746863,18.272942,-5.285507,27.609287,762.27277,-0.00074898,5.1269703,26.285826,-7.2341523,19.860178,394.42664,-0.00036609152,3.6152537,13.070059,0.9373916,12.767828,163.01744,0.00025098026,2.208565,4.8777595,-24.388256,15.194409,230.87009,0.00032636226,2.5082934,6.291536,-10.205746,14.631473,214.08,-0.00010175341,2.7317746,7.4625916,-9.322799,12.1821575,148.40495,3.637379e-05,2.2145011,4.9040155,-7.8150578,12.924806,167.0506,0.000105649175,2.3749812,5.640536,-17.520779,11.89857,141.57597,-4.386222e-05,2.074373,4.3030233,2.364062,11.024845,121.5472,0.00012644331,1.9440413,3.7792964,-22.112514,12.9672785,168.1503,0.0007233417,2.280396,5.2002053,2745.479757684431,873.4526942734311,762919.609133516,1965.1315022799865,253.6140865988746,64320.104921381455,5104.9111093552465,1116.7181831410644,1247059.50055788,22.204117379131244,9.808738319396452,96.21134741839634,0.09662751,0.10232161,0.010469711,139.08894431676777,99.05113233420609,65.40639132514966,1488.5511143913498,1423.1447230662002,133.87038650376502,11.347744692530803,0.25314791402006837,1.0272294830665172,650,0.6425599990114452,0.33058461538461636,0.28920604804335026,1.759999999999991,214.88000000000062,-1.0026026e-05,-5.2347636e-06,2616,605.97406,70372.23,0.017359403240604948,0.10101109417570148,3.2011377566656494,1337,0
391,188.06399999999985,24.656000000000148,7.627514291551121,0.11590823617901537,0.0377277,0.03176612,0.0004976572,0.26338053,0.26288286,0.029962754,0.0010090864,0.27058148068498045,0.15052604163809366,0.022658089211233107,-261.2608,94.15755,8865.644,0.029782904,17.630518,310.83517,1.3013253,44.9302,2018.7227,-0.00062681595,8.570411,73.45194,-29.639654,39.01076,1521.8396,-0.00655644,7.367757,54.283844,2.1116033,23.798454,566.36646,0.0038763948,4.362321,19.029844,-19.686195,17.736084,314.56866,-9.529743e-05,3.2869163,10.803818,-13.938366,18.789822,353.05737,0.00017316305,3.441767,11.845759,-23.788376,14.070749,197.98598,0.00017602106,2.611373,6.819269,-7.26962,13.052028,170.35544,0.0025562998,2.3394814,5.473173,-23.623026,15.240366,232.26875,-0.0011185745,2.7021465,7.3015957,-6.516812,10.377348,107.68935,-0.003307865,1.7600987,3.0979476,-24.345352,11.120185,123.65851,-0.0012416025,2.0085745,4.0343714,-9.469706,11.367214,129.21356,0.0018295296,1.987731,3.9510746,-15.684136,9.682333,93.747574,0.0006282324,1.676009,2.8090062,2946.267128360013,929.3546498293622,863700.0651594563,1893.7912389911048,266.7299767461791,71144.88049501723,5167.86533543923,1061.0419362414318,1125809.9904629667,24.303427482963507,9.768840083027081,95.43023656775654,0.06630761,0.0819684,0.006718818,300.8467138216999,121.75449771084963,109.99999999999999,1446.174953670991,1336.174953670991,275.58617649730814,6.610468853531099,0.5791215402257639,0.8226776983828507,175,1.0746514224305626,0.14080000000000037,0.1297706108044943,0.8640000000000043,24.640000000000065,-1.1196709e-05,-4.058664e-06,1074,4595.566,267241.16,0.009938347736190567,0.056680093438247696,2.9830270546197064,561,0
392,180.8319999999997,35.39800000000028,5.108537061174677,0.16370531378624742,0.034458663,0.03307634,0.00057159114,0.288188,0.28761643,0.023898438,0.0010940441,0.29201379094684077,0.1332035560569035,0.01774318734620464,-279.78143,94.05239,8845.853,0.033279926,18.346815,336.6056,2.9594047,48.44836,2347.2437,0.0059720143,9.417207,88.683784,-47.217464,43.978813,1934.1359,-0.007341114,8.79345,77.324776,6.62361,27.392065,750.3252,0.004247588,5.3393917,28.509106,-31.131752,21.010492,441.4408,-0.00095656863,4.139867,17.138498,-16.01923,17.349255,300.9966,-0.005638734,3.3857708,11.463444,-31.43397,16.12706,260.08206,-0.005688901,2.94409,8.6676655,-5.7008324,14.330416,205.36082,0.0013192988,2.7416313,7.516542,-20.281097,16.0838,258.68863,2.235998e-05,2.9523518,8.716381,-12.437025,11.822781,139.77814,0.0032929631,2.1864743,4.78067,-9.341251,11.225995,126.022964,-0.0018193614,2.135503,4.560373,-8.907416,11.776862,138.69449,-0.0037421435,2.2261646,4.955809,-4.4761195,8.500018,72.250305,-0.0047287038,1.559295,2.4314013,2840.894108791195,952.0421805358685,906384.3135194913,1652.9389067365794,296.3727887968917,87836.82993924699,4654.902060520864,1103.7738573943282,1218316.728267155,24.03292487918861,9.374614513660436,87.8833972797329,0.062014166,0.08446968,0.007135127,264.8694281163434,103.63476735599589,125.62905732418486,1429.5642175869746,1303.9351602627896,245.51937137864914,9.446239508374497,0.5568215447533558,1.2625445127873098,273,0.6623882759619466,0.1295238095238098,0.11243671553755095,0.73599999999999,35.36000000000007,-1.3627998e-05,-1.6282822e-06,1042,1755.0305,324602.44,0.009747823306855533,0.06871069308528531,3.6995664484162156,669,0
393,189.31012499999994,16.64000000000007,11.376809712932056,0.08079626074516862,0.026396569,0.021724628,0.0,0.1761502,0.1761502,0.02065841,0.0004719595,0.27766808224731976,0.13779072916646576,0.01898628504422632,-260.41162,88.090385,7759.9155,0.024316203,10.590343,112.155365,17.178902,49.469433,2447.2246,0.0109863775,9.911593,98.239685,-10.196197,21.451693,460.17514,0.0005938466,3.9979858,15.9838915,-1.7428911,21.625067,467.6435,0.0029248374,4.134155,17.091234,-17.035152,18.57415,344.99905,0.004507605,3.4893548,12.175597,-3.030626,11.652652,135.78429,-2.2622648e-05,2.090418,4.3698483,-38.79062,19.159039,367.06876,-0.012723279,3.4132125,11.650021,-2.7508745,12.036181,144.86967,-0.002008957,2.111399,4.4580054,-24.411257,11.515621,132.60953,0.00027851024,1.9652885,3.8623588,-10.054299,11.093606,123.06809,0.0009484642,2.0793316,4.3236203,-9.576776,12.387645,153.45375,0.0045653353,2.2341368,4.991367,-3.4819944,8.858075,78.4655,-0.002153374,1.6178594,2.6174688,-15.794599,8.205278,67.3266,-0.0012082135,1.3914264,1.9360675,2932.1995563876494,1004.0737409019787,1008164.0771688938,1934.815274813989,393.3663476270761,154737.0834454657,5281.092196239901,1157.6299077089557,1340107.0032222453,23.062799873271842,9.73499569237791,94.77014113061645,0.10602844,0.1670219,0.027896315,152.27335971975447,125.3671046028758,103.82617439498627,1446.174953670991,1342.3487792760047,135.4258854679408,9.559277832045314,0.41935985077387194,0.417576828370461,86,2.2012804976595284,0.1934883720930228,0.6209040809752879,5.791999999999987,16.63999999999996,-9.2901455e-06,-5.5404043e-06,865,1010.4162,70823.555,0.01236248116388773,0.10830314147235776,3.7134833649283165,703,0
395,383.27206249999995,47.648000000000025,8.043822499500026,0.11057271207928507,0.021935958,0.016031062,0.0,0.14938885,0.14938885,0.019223915,0.00025699494,0.3050808588238843,0.1384976252622267,0.019181592203276174,-290.89343,110.784584,12273.225,0.007062,13.353447,178.31454,4.7572026,43.267445,1872.0718,-0.0009792884,8.402592,70.603546,-35.273777,35.464645,1257.741,0.002982243,7.112328,50.585213,5.328495,25.59661,655.1864,0.004548967,4.9498925,24.501436,-32.510956,20.836472,434.15854,-0.0014257384,3.9298265,15.443536,-6.418382,16.343925,267.1239,-0.0014704907,2.9652069,8.792452,-27.390558,14.551927,211.75856,-0.0011291837,2.535513,6.4288254,-8.335317,12.88419,166.00233,-0.0018613952,2.309136,5.3321085,-18.133698,14.296463,204.38885,-0.0010612425,2.7168732,7.3814,-15.884155,10.296911,106.02639,0.0018804327,1.8251742,3.331261,-17.419155,9.561862,91.4292,0.0006669311,1.6328325,2.6661422,-9.604277,10.393122,108.016975,-0.0025177724,1.8892747,3.569359,-12.587119,8.213673,67.46442,-0.0012770481,1.4710722,2.1640534,2851.991384007632,1041.4929128481563,1084707.4875129373,1700.7505756014787,442.18621756183296,195528.65100164068,4728.176398789634,1369.583574573659,1875759.1677419615,23.040720485801508,9.95102686854264,99.02293573845752,0.113953255,0.1976773,0.039076313,240.10417700716323,83.75164267888881,96.87324609557632,1454.5525599514124,1357.679313855836,227.75828324510303,10.849993362569586,0.4061038092814952,0.4919705960545757,212,1.8078870787363814,0.22581990521327025,0.730295029508698,7.6159999999999854,47.648000000000025,-1.1951678e-05,-2.6674975e-06,2129,1192.4471,64370.055,0.01186122156857402,0.0978025095273942,3.070925630015102,1177,0
397,350.7519999999995,92.11787500000048,3.8076431549507035,0.20800212477762342,0.009117587,0.0093007805,0.00028862714,0.09048693,0.0901983,0.006384834,8.650452e-05,0.2638748433548591,0.12037688011078256,0.014490593265205718,-360.30063,86.39315,7463.7764,0.004260878,15.4594755,238.99538,37.03849,52.507896,2757.079,-0.00012992737,10.048751,100.97739,-29.57428,25.249727,637.5487,0.00023411712,4.6508465,21.630373,4.6863155,24.075024,579.60675,0.0025285687,4.4771857,20.04519,-15.630956,18.480438,341.5266,0.000594614,3.341705,11.166993,-1.5811284,12.629527,159.50494,-0.0015452085,2.380872,5.668552,-27.57999,15.641346,244.65172,-0.0009546853,2.862008,8.191091,-4.8832836,12.658257,160.23146,0.0016204761,2.237406,5.0059857,-26.250185,11.800337,139.24794,0.00075220247,2.1774719,4.7413836,-4.9306498,9.685944,93.8175,-0.0009716796,1.7596132,3.0962384,-16.007738,12.6984625,161.25095,-0.0016940291,2.158547,4.6593246,-0.70892674,8.657054,74.94459,0.00038874286,1.5421989,2.3783774,-16.402733,8.628,74.44238,-0.00093821605,1.5577203,2.4264925,2604.6370698140395,884.0603712166751,781562.7399557654,1784.0838213412064,246.8994496972675,60959.33826081352,4680.384641437861,1111.9083768548237,1236340.238519929,20.763331447351494,8.350091127668646,69.72402184037065,0.08545719,0.081085995,0.0065749385,143.548311232721,119.3216917390729,65.40639132514966,1437.8455988521675,1372.439207527018,129.31026969119696,10.031429950972738,0.21842485547554732,1.0725498093542714,475,0.7384252616033142,0.1938863157894741,0.1870079416329558,1.920000000000016,92.0960000000002,-1.1827952e-05,-3.4356422e-06,2431,165.94968,9037.226,0.01415540907119889,0.12178625183076457,4.66996624395585,1638,0
400,362.6239999999997,49.826000000000306,7.27780662148659,0.1208049460540679,0.015451639,0.012287549,0.00039194274,0.09160928,0.09121733,0.012813749,0.00015098385,0.2818564687984872,0.13799033641339067,0.019041332943480736,-309.66333,93.66665,8773.44,0.004320224,16.72139,279.60486,37.141014,55.959743,3131.493,0.0035529484,11.382976,129.57214,-21.56521,25.76196,663.6785,0.0017966949,5.034935,25.350573,3.1930566,25.231882,636.6479,0.0014151108,4.7504234,22.566525,-18.489092,20.577341,423.427,0.0011716549,3.9560595,15.650407,2.3427181,13.747657,188.99808,0.00066432316,2.6538177,7.042748,-33.38516,17.37647,301.9417,-0.0014173521,3.214765,10.334714,-4.992367,13.050527,170.31625,-0.00022120835,2.4572315,6.037987,-21.799128,12.533202,157.08116,0.00047101206,2.2881348,5.2355604,-4.5854316,11.665775,136.09032,0.00067077915,2.1647832,4.686286,-16.990215,10.517932,110.62689,0.00016243944,1.9196672,3.6851223,-2.7608068,8.863546,78.56245,-0.0013103278,1.648449,2.7173839,-18.555105,8.998727,80.97708,-0.0023006569,1.6613494,2.7600818,2720.182488389217,977.5959853106403,955693.9104954817,1818.036125009384,258.0902050692906,66610.55395270848,4872.499878782001,1115.5944644796796,1244551.009177703,21.19612432558634,9.385954403462867,88.09614006388396,0.08769296,0.088381805,0.0078113433,129.25075260222073,140.15022346396412,66.93519325188251,1454.5525599514124,1387.6173666995298,110.63722351746388,8.38455563503362,0.1948797517304205,0.6328039762395442,261,1.3893639793510946,0.1894252873563219,0.18423437714146354,1.2800000000000296,49.44000000000001,-8.753339e-06,-6.50374e-06,2248,217.45515,15506.4375,0.017055776999722785,0.09812983692614187,3.1823596893752235,1154,0
401,357.8879999999995,63.692062500000475,5.619036035784849,0.15107939906432477,0.020420654,0.016505012,0.0010235489,0.19167244,0.1906489,0.016481383,0.00027241543,0.28495274697580647,0.14233480459746775,0.02025919659979933,-291.477,72.190094,5211.4097,0.0054125674,12.699988,161.2897,11.233838,44.84355,2010.9441,-2.6921483e-05,8.842385,78.18778,-39.540665,35.740128,1277.3568,-0.001517893,6.975968,48.664127,-0.9008275,25.534784,652.0252,0.0037647758,4.7866526,22.91204,-26.06711,18.39216,338.27155,-0.00036253998,3.3958943,11.532099,-10.636198,18.478745,341.46402,-0.0027775767,3.2407184,10.502255,-20.96111,14.496593,210.15123,0.0004179608,2.6229506,6.8798695,-12.734301,14.157772,200.4425,0.00071678497,2.559658,6.551849,-19.664724,12.59266,158.57509,0.00047702948,2.2648962,5.1297545,-8.147593,11.401699,129.99875,0.00052609976,2.0023682,4.0094786,-18.777914,9.614934,92.44695,0.0004686807,1.7071832,2.9144747,-6.74696,8.665142,75.084694,-0.0012849906,1.6043656,2.573989,-12.326666,7.421444,55.07783,-0.001998206,1.3456147,1.8106787,2838.752790484448,964.1087745218614,929505.7291100454,1779.5725294254153,284.1578239871934,80745.6689331368,4789.657258064516,1166.3683410040085,1360415.1068964428,22.911395022625115,9.553605868749026,91.27138509539581,0.07636391,0.082369104,0.006784669,288.7008916840692,183.09955866729896,90.38593460443693,2021.7091047947818,1931.3231701903449,251.2581146483697,5.956074207189915,0.4085768500638651,0.8681624976038804,366,0.9778360629020859,0.173901639344263,0.1932485902861533,2.4320000000000164,63.64800000000026,-1.2760756e-05,-2.4956855e-06,2365,1308.0095,73269.555,0.011391137444080426,0.08567963829342264,3.2384433118741103,1159,0
402,248.06399999999897,199.53593750000104,1.2432046169968407,0.44579080733227544,0.0067199958,0.0069919797,0.00026365172,0.15188473,0.15162109,0.0053912164,4.888778e-05,0.2807192367453353,0.1374590224812862,0.018894982861510742,-413.36438,85.323494,7280.098,-0.0036802704,15.446712,238.6009,30.486113,45.064835,2030.8395,0.0019153098,8.782453,77.13147,-39.675518,31.691935,1004.3787,-0.0016779354,6.1071877,37.297745,2.0657473,26.956675,726.6623,-0.0012914209,5.028216,25.282957,-37.22603,20.968111,439.66165,-0.0009070501,3.970156,15.762138,6.576224,16.961613,287.69632,0.0029606107,3.0914135,9.556837,-31.496815,15.443327,238.49635,-0.00063351804,2.8667684,8.218361,-0.02565941,14.672939,215.29514,-0.0025417206,2.7390718,7.5025144,-17.7475,13.646533,186.22787,0.0009532227,2.5390587,6.4468193,1.5991015,10.540715,111.10668,0.0023522077,1.9815735,3.9266336,-21.543036,10.389605,107.94388,0.0008250528,1.9215837,3.692484,-3.5222843,10.214921,104.34462,0.00015169762,1.9576309,3.8323185,-14.865708,8.62083,74.318695,-9.947243e-05,1.6258365,2.6433444,2702.3538137847772,929.612968866022,864180.2718838996,1689.1056759994508,279.1991182548997,77952.14763431346,4622.7681762939665,1076.5631292991861,1158988.1713664562,21.026423147529606,8.3482546765321,69.69335614424008,0.07194817,0.094664015,0.008961275,245.726979078478,44.70621016730455,78.23233100085048,659.2551138257398,581.0227828248894,242.6993408760242,0.6705656875197535,0.37024592505217,1.726988623630002,773,0.3209107369716536,0.25732470892626114,0.25539560034458014,1.8239999999999554,198.91199999999986,-1.390605e-05,-1.3504114e-06,2076,396.52206,14657.726,0.01072028975407106,0.07289515441061803,4.478682920536654,1111,1
403,418.9759999999999,24.07900000000012,17.400057419325567,0.054347654354425796,0.034455903,0.024482623,0.00024424584,0.18902765,0.1887834,0.029021643,0.00059939886,0.25279268239699193,0.1307568401563752,0.017097351247679856,-264.08517,74.58867,5563.469,0.0033420385,13.472302,181.50293,-7.160716,40.83906,1667.8291,0.00068791147,7.6203766,58.070137,-44.833397,39.46904,1557.805,-0.0017215109,7.8258395,61.243763,8.025544,28.257471,798.4847,0.0015670247,5.320494,28.30766,-32.363396,24.310062,590.9791,0.0014417137,4.7416825,22.483551,-17.020008,17.061972,291.11087,-0.0011373223,3.234925,10.46474,-29.332294,17.699371,313.26776,0.0002838343,3.28553,10.794708,-6.3995852,12.248047,150.01466,0.00167291,2.268763,5.147286,-21.799446,14.968716,224.06245,-0.0020435487,2.8205724,7.955628,-9.730932,11.174067,124.859764,-0.0018928221,2.0426981,4.172616,-11.9279785,12.149262,147.60457,-6.642776e-05,2.3541453,5.542,-12.478267,11.691659,136.6949,-0.00040763902,2.1774259,4.7411838,-7.197887,10.626756,112.92794,-4.0812658e-05,1.9952478,3.9810138,2890.40303192369,835.4771573587713,698022.080468293,1757.1591741803054,286.80061642638464,82254.5935825542,4844.2408908710095,1105.6853895412505,1222540.180644987,25.608837481430207,9.313406534981286,86.73954128583213,0.05800492,0.07066712,0.004993842,271.74001517717807,69.00455236529486,67.7129427339704,1388.867299316009,1321.1543565820386,260.1187129259726,10.85353615831961,0.7443304925072707,0.4198124386362867,186,2.2525591276744126,0.12593548387096726,0.15915866205970997,1.056,23.42399999999991,-1.3753835e-05,-1.5022455e-06,2228,2360.3218,150396.73,0.007917235362970019,0.0787513772087011,3.365347895822196,1410,0
404,343.5519999999995,136.5379375000005,2.516165131642135,0.2844007483493663,0.019882437,0.021281786,0.0006116562,0.18902993,0.18841827,0.0131835025,0.0004529144,0.32110033071510696,0.1413029726371333,0.01996653007609044,-306.77704,104.60066,10941.298,-0.031798728,18.692,349.3908,14.483836,49.4812,2448.3894,-0.0047362135,9.792088,95.88498,-23.616108,27.689316,766.69824,0.003558439,5.3867335,29.016897,7.9534283,25.038359,626.91943,-0.0044604507,4.622711,21.36946,-25.40226,20.919882,437.64142,0.0035413941,4.065701,16.529924,-0.9652081,14.259902,203.34482,0.00095772237,2.613184,6.82873,-24.157507,14.625806,213.9142,0.00061664125,2.7116947,7.3532877,-4.5141745,12.410266,154.0147,0.004578599,2.3282814,5.420894,-16.816252,10.825603,117.19367,0.0025162362,2.0289712,4.116724,-5.4846,12.8973,166.34035,0.0012060183,2.3151522,5.3599296,-15.846183,9.582774,91.82957,-0.00010073186,1.7713206,3.1375766,-6.3939347,8.358214,69.85974,0.001829227,1.5512494,2.4063747,-13.273235,8.049321,64.79157,0.0017271596,1.5133748,2.2903035,3008.534854679671,910.796310407458,829549.9190518387,1819.352051874003,273.67447083392364,74897.71598622813,5079.545549223489,1030.2525302233555,1061420.2760316262,21.694253092680324,9.318433144111882,86.83319626128286,0.11287074,0.11084895,0.01228749,143.90450260042178,20.22474405546822,65.40639132514966,255.6500291307247,190.24363780557505,139.3941668115768,0.990163926487584,0.2908751582822852,1.08729627352375,522,0.6581455926089156,0.261650671785029,0.21849559095620985,1.5679999999999836,136.3200000000001,-1.1297348e-05,-3.963403e-06,1849,420.02863,40205.25,0.011633087685057171,0.10271784997519895,3.070859724292106,1055,0
406,277.91999999999985,27.140000000000157,10.240235436984628,0.0889661050285195,0.019040195,0.014564153,0.00041779917,0.14190473,0.14148693,0.015515449,0.00021211454,0.2601930631489931,0.13684395840937075,0.018726268953145588,-308.36115,79.29332,6287.43,0.008875104,14.280729,203.93924,21.307173,42.25732,1785.6812,-0.0004714516,8.038978,64.62517,-44.855682,36.214436,1311.4855,-0.0005029855,7.275895,52.938652,2.2106657,26.358747,694.78357,0.004524625,5.054555,25.548525,-27.716452,19.502357,380.34192,0.0018254006,3.6826274,13.561746,-14.267844,17.506344,306.4721,-0.0029151635,3.1923828,10.191308,-17.531303,13.924702,193.89731,-0.0031057966,2.6402802,6.9710803,-17.44023,16.738852,280.18915,0.00047336295,3.1775477,10.096809,-15.49899,12.583231,158.33769,0.0023049712,2.3645608,5.5911474,-5.8267517,11.684179,136.52005,0.0010888783,2.249968,5.0623565,-22.516933,10.463291,109.48047,0.0007150618,1.9481382,3.7952428,-1.3789226,8.817129,77.74177,-0.003075029,1.6030991,2.5699267,-17.732244,9.578766,91.75276,-0.0021437325,1.7218379,2.9647257,2619.469379907766,897.6115785751193,805706.5459921176,1746.1686666793194,290.67569731907867,84492.36101193265,4464.575794524859,1248.7252049901822,1559314.6375777724,23.585533194529013,9.261561783645782,85.77652667228801,0.06557673,0.08217202,0.0067522405,283.8162619211375,112.92512863339257,108.1102658399776,1413.1442720795428,1305.0340062395653,258.62053938239393,6.66954437190465,0.6013215858400124,0.6785550383531108,207,1.3426086891661408,0.13157281553397998,0.16192138821055632,1.3119999999999976,27.103999999999875,-1.2660821e-05,-2.6004511e-06,1753,1272.9775,53296.566,0.010108622849757238,0.07193494563761008,3.4434369602763404,957,0
409,478.2079999999984,100.15200000000164,4.7748222224735235,0.17316550245522103,0.0235463,0.020362854,0.00027165326,0.19706637,0.19679472,0.018137157,0.0004146458,0.3079301370407768,0.11731402002409377,0.013762579294213475,-282.52597,102.48789,10503.768,-0.016439468,19.763618,390.6006,24.446196,51.373585,2639.245,-0.0012286819,9.969478,99.39049,-39.59289,35.325706,1247.9055,0.0015110972,7.0839972,50.183018,10.359964,30.58327,935.33636,-0.0020396963,5.8155274,33.82036,-39.290882,27.328533,746.8487,0.00405661,5.3705535,28.842844,1.5678365,12.543351,157.33566,0.0017718134,2.3491318,5.51842,-28.218636,16.584286,275.0385,0.0021522606,3.028512,9.171885,-10.060443,15.575576,242.59857,0.0005947629,2.952,8.714304,-13.77828,12.038071,144.91515,0.0016123896,2.2053673,4.863645,-7.194061,12.490419,156.01057,0.0017216627,2.3326416,5.4412165,-10.896558,10.545285,111.20305,-5.974959e-05,2.0175083,4.0703397,-3.5300093,9.793788,95.918274,0.00015392591,1.8344961,3.3653762,-15.393018,10.402482,108.21164,-0.000345359,1.9517375,3.8092792,2805.85569132636,875.545742465064,766580.3471487002,1652.392107032464,255.41329155498994,65235.949502954296,4617.768445003873,1047.433054807951,1097116.0043043161,21.81053380565878,9.244950684822939,85.46911316480812,0.077600494,0.07807555,0.0060957912,154.73452610642408,96.09613897217699,67.7129427339704,1413.1442720795428,1345.4313293455725,138.59131548843604,11.599020616340393,0.040666150268857684,1.2137768863683518,702,0.6812079762375932,0.14260770328102693,0.14380039025460964,1.568,99.96799999999988,-1.1794466e-05,-3.4653858e-06,3071,198.81677,10286.673,0.02122273249518071,0.12041353996553048,4.905815042826569,2346,0
412,263.1679999999997,67.55193750000029,3.8957875353939486,0.2042572274615294,0.019683225,0.01851945,0.00041499134,0.17020491,0.16978991,0.014587613,0.00034297002,0.33436573990082247,0.13863627097443146,0.019220015629695983,-300.59024,98.7791,9757.311,0.00014997463,18.428192,339.5983,17.586012,49.964146,2496.4158,-0.0024048546,9.945406,98.9111,-11.027807,24.68413,609.3062,0.00021688224,4.569447,20.879845,-9.962485,27.402765,750.9115,-0.0014551077,5.2057347,27.099676,-22.391521,17.847443,318.53122,-0.00024416915,3.2348108,10.464002,-6.548464,15.427656,238.01257,0.00042125137,2.911018,8.474025,-29.720749,21.755533,473.30325,0.0011920414,4.0353003,16.283648,4.6022944,13.214158,174.61397,0.00052901474,2.4173565,5.843612,-25.998936,14.264858,203.48619,-0.0008808859,2.629151,6.9124355,3.2228706,12.916845,166.8449,-0.001753676,2.3934383,5.7285466,-14.3681965,8.988324,80.78997,-0.00077405927,1.6707176,2.7912974,-8.701673,9.793847,95.91943,0.00049887813,1.8267355,3.3369625,-9.17459,7.974062,63.585667,0.00080145645,1.4861679,2.2086952,3125.7582192123855,867.9475967666449,753333.0307329943,2000.973331664581,265.2156824392323,70339.35821170772,5557.176765844219,713.8458998595404,509575.96874627704,21.94672644605344,9.95245636974918,99.05138779176104,0.10364438,0.09833756,0.009670275,183.96658685373689,110.19487171617254,101.45478129445331,1437.8455988521675,1336.3908175577142,165.76853496220332,9.965784779014562,0.25418480887719547,0.9706097625275464,321,0.8198380036765163,0.20974454828660338,0.1618070757414477,0.8959999999999866,67.32799999999969,-1.144462e-05,-3.8093774e-06,1537,558.7396,56235.953,0.013930520411418514,0.1114726133016426,3.2336758268482524,851,1
413,487.55199999999996,30.998125000000016,15.728434680212594,0.059778454397248514,0.03795097,0.02601758,0.0,0.1957065,0.1957065,0.032675847,0.0006769145,0.2712238277634218,0.14374858922365233,0.020663656903790333,-243.92725,86.007614,7397.3096,0.0021864786,14.215279,202.07416,15.936217,49.732395,2473.3113,-0.0023899332,9.818383,96.40066,-33.95057,35.050125,1228.5112,0.0017487574,6.953414,48.349968,3.1177862,33.080193,1094.2991,0.00060583244,6.5258837,42.58716,-24.662672,18.23184,332.4,0.00043291118,3.4899218,12.179554,-21.388521,18.7201,350.44214,-0.0010103582,3.558542,12.663221,-31.736149,16.17903,261.761,-0.00072799454,2.9809139,8.885848,-12.166403,12.357124,152.69852,0.00026478636,2.40617,5.7896533,-20.61602,12.989795,168.73477,0.0002202887,2.4976025,6.2380185,-12.571256,12.862179,165.43564,0.0011311,2.4462378,5.98408,-12.454375,11.29732,127.62945,0.0005010544,2.1203928,4.4960656,-9.876557,10.415061,108.47349,0.00024234403,2.0018413,4.0073686,-12.266243,8.862082,78.53649,-0.001258612,1.6630703,2.7658029,2699.262680990508,1034.26344890234,1069700.8817353635,1751.8512873249545,327.1851618688529,107050.13014714746,4624.269612002468,1271.4389587069059,1616557.0257177008,23.887736593573074,10.083035352472354,101.6676019192073,0.071882665,0.12967983,0.016816858,242.16742631862027,87.3347093803354,93.57338770459413,1413.1442720795428,1319.5708843749487,218.73289323986043,7.830399694306525,0.4948472693307715,0.3644777831265589,189,2.5796401979913215,0.163555555555555,0.49315952894337717,6.751999999999995,30.911999999999896,-1.14251525e-05,-3.6366184e-06,2791,2056.579,338653.66,0.013402247155197779,0.07810348304148379,3.4088671567340514,1662,1
414,432.6719999999995,90.35806250000047,4.788416033285145,0.17275883162069766,0.017878639,0.015341602,0.0,0.15650876,0.15650876,0.014807435,0.00023536477,0.2745307481263383,0.16998200166613192,0.028893880890424876,-341.2737,105.0767,11041.112,-0.0016781205,18.346687,336.60095,14.31387,46.13811,2128.7253,-0.00029517262,8.96002,80.28196,-31.21034,36.057915,1300.1733,0.0005147995,7.21757,52.093315,0.35708717,27.156324,737.466,-0.0021742221,5.2442884,27.502563,-31.40824,22.813906,520.4743,-0.0003396936,4.5011234,20.26011,-11.530551,15.499944,240.24826,0.00032396955,2.868237,8.226784,-31.212715,16.762016,280.96518,0.0005832271,3.1230211,9.753262,-7.991586,12.9986,168.9636,0.00013352036,2.4398766,5.952997,-19.41725,12.485228,155.8809,0.0003881994,2.3160415,5.3640485,-7.6199083,10.754929,115.668495,-0.00038168,2.035601,4.143671,-17.847752,10.082964,101.66617,-0.0001146652,1.8648704,3.4777417,-6.9829516,10.292471,105.93495,0.00086256803,1.9934965,3.9740286,-7.417029,7.913072,62.61671,0.0005531535,1.472948,2.1695757,2793.7366519697875,1147.8985479105138,1317671.076295066,1761.9737551935139,355.432405831911,126332.19511546029,4800.389071581523,1353.5762167919513,1832168.5746648114,21.61610104107539,7.897037835147145,62.36320656974551,0.08936633,0.13931948,0.019409915,316.98588174104316,141.77415361335687,87.30705785825097,2080.94970340778,1993.6426455495289,298.79793764201077,8.497862915877251,0.49556439275034786,0.892874107021334,467,0.926492503369394,0.19289079229122022,0.29871713371545283,5.951999999999998,90.07999999999984,-1.2601877e-05,-2.4899118e-06,2598,2469.7505,72022.1,0.011037446209238586,0.07387195046759738,3.3050440056208896,1430,1
415,231.80799999999942,119.27400000000057,1.943491440351685,0.3397325980825009,0.011202346,0.010907674,0.00022315673,0.18532647,0.18510331,0.008118443,0.00011897735,0.28375847149277705,0.14568738540018294,0.021224814264741442,-363.24527,89.79564,8063.2563,0.0117580155,16.577751,274.8218,14.074173,46.36828,2150.0173,-0.00017679481,9.198407,84.61069,-25.172153,34.107067,1163.2921,-0.0018604356,6.724057,45.212944,3.2410247,29.542742,872.7736,0.0065591848,5.5428205,30.722857,-17.01294,18.430931,339.69925,-0.0010763177,3.5932322,12.911318,-18.042532,19.300692,372.51672,-0.0037701065,3.5245903,12.422736,-24.076433,16.217232,262.99863,-0.002935235,2.9780056,8.868518,-12.655447,13.920979,193.79366,0.00045174226,2.6386602,6.962528,-18.749693,12.698534,161.25278,-0.0004149003,2.3416996,5.483557,-12.6814,12.471059,155.5273,2.0920079e-05,2.3303092,5.4303403,-14.258734,9.662009,93.35442,0.0025457453,1.8164957,3.2996566,-3.579409,9.41053,88.55808,-0.0022822092,1.7125243,2.9327395,-15.2330475,9.3475275,87.376274,-0.0021843435,1.7027304,2.8992908,2886.8679718125436,981.6734390053821,963682.7408486536,1898.6650760985237,266.3842990906273,70960.59480200478,5062.796208530805,1168.0649576744433,1364375.7453469993,22.32232569616935,8.977491809735085,80.59535919386052,0.078151554,0.08701384,0.0075714085,278.3023655967628,107.89774924020047,104.42763330455712,1413.1442720795428,1308.7166387749858,252.71363809934766,7.4959248753370105,0.3721290557444286,1.680519081012413,590,0.3928949145883127,0.2020338983050855,0.20559756363570683,1.504000000000019,119.20000000000044,-1.3977228e-05,-1.2818147e-06,1978,631.3127,21508.955,0.012055256876709778,0.09390854301126454,5.017083103257881,1163,0
416,384.8640000000001,47.69599999999991,8.069104158229132,0.11026447198076547,0.01679707,0.014255583,0.0,0.12521225,0.12521225,0.013099521,0.00020322164,0.2657681106903758,0.12563078332599623,0.015783093719103414,-315.43005,88.48801,7830.1274,0.0053321207,12.282493,150.85962,34.913017,58.35167,3404.9172,0.0035965363,11.58682,134.2544,-46.638622,38.986317,1519.9329,-0.0006746455,7.6179953,58.03385,7.1758165,28.701273,823.7631,0.002699849,5.3595295,28.724554,-16.395517,19.359497,374.79016,0.0017550437,3.4979744,12.235825,-18.060884,20.59136,424.00412,-0.00208169,3.9398954,15.522777,-22.58602,15.083038,227.49805,-0.002978725,2.7187607,7.39166,-9.802823,14.614483,213.5831,-0.00041830097,2.7366707,7.4893665,-22.376795,12.119712,146.8874,0.0017561798,2.1557672,4.6473327,3.4684443,11.241346,126.367874,0.0018070394,2.1217172,4.5016837,-13.32911,11.9536295,142.88925,0.001286991,2.0133643,4.053636,-3.693463,9.3317,87.080635,-0.00031657083,1.7601755,3.0982177,-16.903006,9.493932,90.13474,-0.0018934017,1.5813613,2.5007036,2509.2163968983828,1042.5362422738124,1086881.816454401,1542.1716326103601,396.02205895328564,156833.47117759965,4032.229596648913,1535.2734570793518,2357064.5880123843,22.04886574209436,8.841774250008442,78.17697188811235,0.08165716,0.14815523,0.02194997,146.50176331739814,110.42258871006739,83.3644111580719,1446.174953670991,1362.8105425129193,129.31026969119696,10.143914011809782,0.2928687675475019,0.7004808581468467,303,1.2701782136297752,0.1577748344370856,0.518454480777452,8.927999999999997,47.64799999999985,-1.14845e-05,-3.4785776e-06,1933,308.63177,21808.613,0.012367425551955115,0.10142314203990348,3.645443585266483,1403,0
417,356.1599999999993,83.24000000000069,4.278712106214371,0.189440145653165,0.018017685,0.014003748,0.0005362983,0.20658441,0.20604812,0.015476352,0.00019610496,0.2946709783716866,0.1410906391553704,0.019906568457270936,-311.27127,83.30515,6939.7485,-0.0011283314,15.916242,253.32675,10.116894,43.18583,1865.0157,0.0014188876,8.30938,69.045784,-41.394543,36.66556,1344.3633,-5.127562e-05,7.246056,52.50533,8.794623,27.456076,753.8361,0.0006888229,5.2501416,27.563988,-31.386745,22.45504,504.22882,0.001993602,4.3818207,19.200354,-15.587248,16.2064,262.64737,0.00061527867,2.9817278,8.8907,-28.155394,14.092171,198.58926,0.000100641395,2.5879889,6.697686,-13.221344,14.719415,216.66116,0.00041435822,2.7483754,7.5535674,-14.166896,13.339708,177.94783,-0.0009921932,2.4353516,5.930938,-11.048592,11.568347,133.82666,-0.00028415106,2.143757,4.5956945,-15.233597,8.630751,74.48986,-0.00071743364,1.5626215,2.441786,-5.0805807,9.091626,82.65766,0.00016245508,1.6718932,2.7952268,-10.355589,7.912241,62.603554,0.0005652858,1.4735194,2.1712596,2867.0264640501264,916.2790890912947,839567.3691059729,1737.3538720165589,309.5877836023646,95844.59575582451,4744.182156641422,1146.4415091404665,1314328.1338802702,23.046035409809893,9.330273697471476,87.05400726972805,0.08094428,0.097743794,0.009553849,247.83697074998418,96.84896104372221,80.5247132770094,1479.9776908465376,1399.4529775695282,226.44649206156825,8.579641812399176,0.43467812405806305,1.0923987255348202,480,0.7419999984541652,0.1730666666666677,0.1411115240588887,1.024000000000001,83.0720000000005,-1.31935e-05,-2.0652571e-06,2081,1047.027,60039.22,0.010818224880912474,0.07018230162972466,3.22888589398024,1150,0
418,456.89599999999933,130.14406250000064,3.510694131661235,0.2216953676819981,0.02018905,0.019354215,0.0,0.1662961,0.1662961,0.0153916115,0.00037458565,0.21407843181926578,0.13589077024114146,0.018466301436730694,-335.4145,102.76622,10560.896,-0.01513006,16.645761,277.0814,31.967325,42.597107,1814.5137,-0.0047592036,8.181884,66.94323,-38.06336,32.6922,1068.7799,0.0028527502,6.3673086,40.542618,-2.4061692,21.618868,467.37546,0.00020148301,4.139595,17.136246,-11.016878,17.680017,312.583,5.821385e-05,3.3492732,11.21763,-18.2571,18.305439,335.0891,0.003327263,3.4113789,11.6375065,-26.633184,16.777245,281.47595,0.0013233874,3.0530832,9.321317,-11.212125,12.717258,161.72865,-0.0002573633,2.3010082,5.2946386,-20.591665,14.646429,214.51788,0.002813398,2.7232454,7.4160657,-10.111001,11.789233,138.98602,0.00040749725,2.2502887,5.063799,-11.6638975,10.424263,108.66527,0.00029666626,1.8809869,3.5381117,-8.375066,9.849124,97.00525,0.00017645901,1.8289764,3.3451545,-11.148067,8.247925,68.02827,0.0009895518,1.4947042,2.2341406,2377.9278578840367,998.144255133396,996291.954055802,1732.1918827179907,418.17155322667344,174867.4479280086,4211.84539545405,1584.0425936546594,2509190.9385121805,23.42604215038835,9.145230647829727,83.63524360200414,0.094898224,0.17422993,0.030356068,257.55230447661245,67.4451031868186,102.04250286354403,1413.1442720795428,1311.1017692159987,242.6993408760242,9.005448946557868,0.6381772593133012,0.8483237036313855,498,0.9174618455472641,0.2614084507042267,0.521184825086472,10.463999999999999,129.92000000000067,-1.315568e-05,-1.7203281e-06,2694,1420.3026,86264.58,0.009336624055886273,0.07241304720943845,3.4865702479338894,1593,1
419,502.64599999999916,58.46400000000085,8.597529956938661,0.10419347365044439,0.023873724,0.019285623,0.0004778175,0.17115703,0.17067921,0.019043947,0.00037193528,0.2645750073513687,0.123087121848648,0.01515043956498392,-301.52103,81.11463,6579.583,0.009216573,15.6425,244.68779,13.714075,38.266033,1464.2892,0.0006475223,6.8172565,46.474987,-49.086876,40.942837,1676.3159,-0.002244148,8.060401,64.97007,14.380343,26.942347,725.8901,0.0023410127,4.895474,23.965664,-38.777,22.043985,485.93726,-0.0013990772,4.3691626,19.089582,-13.84166,18.52859,343.30865,-0.0026712408,3.2736325,10.71667,-26.97033,15.271781,233.2273,-0.0011571952,2.7943437,7.8083563,-19.336945,14.835512,220.0924,-4.304397e-05,2.7532177,7.5802083,-13.3964615,15.280269,233.4866,-0.00010048546,2.873733,8.258342,-16.218096,12.31174,151.57895,-0.000593772,2.397302,5.7470565,-12.158672,11.19958,125.430595,0.0006349319,2.0310776,4.125276,-12.410995,10.797256,116.58076,-0.00090533646,2.0452125,4.182894,-6.848103,8.687217,75.46774,-0.0010916421,1.6080827,2.5859299,2665.424006791314,805.2413887855387,648413.694213263,1679.858030545827,305.0119291182925,93032.27690446231,4514.137350299401,1051.963246168413,1106626.671289185,24.503774848321633,8.7693073980251,76.90075224105776,0.05650825,0.08062789,0.006500857,263.5597643365303,70.83490742842383,106.252996181733,1396.9129257320158,1290.6599295502829,248.37216905734888,8.70294995108196,0.6575990875017051,0.9730712338044234,546,0.9205970679109928,0.10707692307692372,0.09394206352299106,0.6080000000000609,58.464000000000354,-1.3599533e-05,-1.6629516e-06,2809,1857.9156,127243.56,0.008623479573326733,0.06812856686057488,3.207028405677162,1612,0
420,181.9519999999991,201.87793750000094,0.901297097404223,0.5259567266036952,0.009644071,0.010839883,0.0003835763,0.23593318,0.23554961,0.007030858,0.00011750306,0.2871943713526469,0.12091960277360812,0.014621550334927177,-351.5784,80.93162,6549.9263,0.021826752,14.635744,214.205,33.766933,47.45628,2252.0986,0.003530699,9.140743,83.55319,-20.385916,25.794075,665.33435,-0.0052499487,4.7997293,23.037403,-9.568508,30.20449,912.3112,-0.0022382606,5.540649,30.698792,-10.953749,17.17029,294.81885,-0.0002387242,3.0664191,9.402926,-6.0867314,15.232364,232.0249,-0.00056910195,2.8717883,8.247168,-19.468657,13.626236,185.67432,-0.00237286,2.4583619,6.043543,6.2747765,13.0152,169.39543,0.00041465744,2.356492,5.5530553,-21.452536,12.709,161.51868,0.00043822746,2.3341591,5.4482994,3.9028955,12.848257,165.0777,0.0038761434,2.3528726,5.53601,-11.926933,9.418735,88.712555,-0.0008610808,1.6468794,2.7122118,-2.5734622,8.5347595,72.842125,-0.001879865,1.5231386,2.3199513,-9.349094,8.668039,75.1349,-0.0015684029,1.5573696,2.4254,2778.3489108377557,832.7658800794637,693499.0110245238,1926.859642335885,245.40135485555967,60221.82496494432,5152.505601292205,933.4209394334434,871274.6501728122,21.503389824381852,8.662098772543532,75.03195514530016,0.09134904,0.08912568,0.007943386,159.007021030676,122.26108197685642,71.32617550580554,1462.9786972113066,1391.652521705501,141.01384901128017,8.281097216936102,0.3545644018045382,1.6647997917046269,639,0.2847449134824009,0.31584350547730816,0.32975726917480885,3.2319999999999993,201.8239999999999,-1.1429165e-05,-3.8220237e-06,1956,259.5492,13679.775,0.01185241975392006,0.11609082163368348,5.572898346816771,1014,0
422,584.0959999999991,166.37893750000092,3.5106366542902054,0.22169819295264728,0.014270881,0.012549165,0.0,0.16932777,0.16932777,0.011139521,0.00015748154,0.29457735284398584,0.14707312020160407,0.02163050268583548,-340.72778,87.11481,7588.9893,0.00020422302,15.608604,243.62854,5.4457293,43.834644,1921.476,0.0009853342,8.286022,68.65816,-32.67099,39.227596,1538.8044,0.001013317,7.741358,59.928623,3.6194956,26.57686,706.3295,0.003113246,4.9632297,24.633648,-36.74674,25.005188,625.2594,-0.002030629,4.739345,22.461391,-12.738218,18.260069,333.43008,0.00031056796,3.3167922,11.00111,-28.410784,15.041649,226.2512,0.00031349369,2.7946813,7.810244,-3.5926607,13.397012,179.47992,-0.00055130344,2.4639678,6.071137,-20.84263,12.758245,162.77283,-5.573292e-05,2.268665,5.146841,-6.1685123,9.426633,88.861404,0.0003701458,1.7246464,2.9744055,-17.159788,9.470282,89.68624,7.223299e-05,1.7439225,3.0412657,-1.1765721,8.607295,74.08553,-0.0010213064,1.5919657,2.5343547,-10.44492,9.575143,91.68336,-0.0008155442,1.8294063,3.3467274,2968.617784376326,964.1869929755089,929656.557423154,1781.0434458883656,288.8564661914514,83438.0580606131,4979.611150492475,1150.2887369078298,1323164.1782570104,21.891849350956836,7.973519049174045,63.57700602754136,0.082084656,0.097293586,0.009466042,328.9096861254961,190.92099323943214,66.16637698451642,2080.94970340778,2014.7833264232636,298.79793764201077,6.046691827878024,0.4049375346264897,1.141943530925708,857,0.6815589256924622,0.1940910151691966,0.22524300089576232,2.015999999999991,166.3360000000015,-1.4020828e-05,-1.2040025e-06,3873,673.9958,32979.047,0.01257981542744831,0.08503317472188475,3.987358242480694,2329,1
423,369.47199999999947,63.61806250000052,5.807658700582681,0.14689337855679965,0.025282413,0.020685572,0.000481859,0.23775113,0.23726927,0.019928634,0.00042789287,0.3290008398365349,0.12975461791275605,0.016836260869685312,-281.9086,81.228325,6598.0405,0.00842122,14.412446,207.71861,-1.4240975,46.465908,2159.0806,0.0015919065,8.58394,73.68402,-30.327879,43.53844,1895.5957,0.0038586082,8.140094,66.26113,3.1218557,28.997993,840.8836,0.0031073699,5.000258,25.00258,-34.380558,20.937368,438.3734,-0.0009689101,3.911176,15.2972975,-10.364793,20.937948,438.3977,-0.003519548,3.6326814,13.196374,-29.058113,15.695327,246.34329,0.002110986,2.8598788,8.178906,-11.116754,15.397754,237.0908,-0.001917881,2.88957,8.349614,-15.184025,13.187019,173.89749,-0.0015860961,2.457134,6.037508,-9.0088415,11.986914,143.6861,0.00021567632,2.2451217,5.0405717,-14.991541,10.908646,118.99856,-0.00061472517,2.0087416,4.0350432,-0.36957473,10.396139,108.079704,0.00044646065,1.973927,3.8963878,-8.787855,9.095663,82.731094,-0.0005352121,1.656871,2.7452214,3082.5804791796154,885.2520060188481,783671.1141603946,1800.7875515681249,273.5668215719296,74838.80586496796,5060.246005725896,1050.3722171567315,1103281.794574748,24.3482693170758,9.537193815681205,90.95806587786782,0.065309875,0.064614706,0.00417506,245.64611951865638,104.76604258902651,68.89654412432702,1421.3305335680736,1352.4339894437467,235.7901617579845,9.1342607076544,0.392981159926636,0.8450898131609751,366,1.0094863360396533,0.17355191256830613,0.17847721467331343,1.184,63.520000000000046,-1.3097765e-05,-2.1594071e-06,2221,850.20715,70551.56,0.010477608464614386,0.0807656591162423,2.6551403083318936,981,0
425,507.3279999999998,106.1620000000002,4.7788096985850785,0.17304601541997458,0.023935407,0.02046884,0.00097205053,0.24781631,0.24684426,0.018667951,0.00041897342,0.26050831066301117,0.14665764897440375,0.02150846600269943,-293.11462,75.628654,5719.6934,0.01076561,13.40761,179.764,18.323032,43.460274,1888.7955,-0.00037322988,8.35729,69.8443,-43.308537,34.96032,1222.224,-0.0024017396,6.9130173,47.789806,4.3046227,25.220568,636.077,0.0031783262,4.6655364,21.76723,-23.11606,18.391075,338.23166,-0.00037533167,3.4000294,11.5602,-15.462723,15.625052,244.14226,-0.0015310625,2.8455737,8.09729,-24.424356,14.484445,209.79915,-0.0014740548,2.5808954,6.6610217,-2.366426,11.036137,121.7963,0.0003478543,2.064867,4.263676,-17.945475,11.65423,135.82109,-0.00026588741,2.2174437,4.9170566,-10.042346,9.921829,98.44269,0.0012137516,1.7926873,3.213728,-17.715145,10.874398,118.25254,0.00049377733,1.9418715,3.770865,-9.698622,9.905055,98.11012,-0.001019262,1.8421057,3.3933537,-16.370173,8.98938,80.808945,-0.0017750603,1.610118,2.59248,2617.6653626232956,930.0520079588415,864996.7375082729,1725.0134125882419,308.2282027667471,95004.62498081895,4506.454725641561,1277.796759481859,1632764.5585423396,23.405177125868786,9.398399936413059,88.32992136476899,0.069980875,0.09264275,0.008582679,272.3358572288274,104.48346315089186,83.3644111580719,1632.6800458167045,1549.3156346586325,260.1187129259726,7.364996374725531,0.5681723346250692,0.9714909778480497,596,0.8512214750818429,0.1783932773109234,0.19641937629311584,1.5680000000000405,106.14399999999941,-1.3232082e-05,-2.0298378e-06,2982,2631.37,145203.72,0.009479213217304217,0.07648250527092816,3.2976693578907543,1673,0
426,292.91812499999975,47.71200000000027,6.139296589132744,0.14006981913299732,0.02170551,0.016439281,0.00078312866,0.21577094,0.21498781,0.018221399,0.00027025,0.28649664968882105,0.1246376928764267,0.01553455448555847,-269.7449,79.55902,6329.6377,0.02117707,15.0098095,225.29439,29.890547,55.410816,3070.3586,0.01163443,11.067776,122.49566,-16.822165,26.168095,684.76917,-0.0043147127,5.0824423,25.83122,-2.0554037,26.224566,687.72784,-0.0007536466,4.9332137,24.336596,-18.1823,15.746804,247.96184,0.00042821688,3.0396798,9.239653,-11.474157,16.51357,272.69803,-0.002662428,3.2094662,10.3006735,-22.352812,15.248325,232.51141,-0.00015118995,2.7325659,7.466916,-8.516241,15.227351,231.87222,-0.0014711877,2.8599877,8.17953,-25.049671,14.369274,206.47603,0.0015827949,2.77807,7.7176733,3.6013474,12.242147,149.87018,0.0038921034,2.3443315,5.49589,-23.47936,10.313476,106.367775,0.0008105527,1.9114795,3.653754,-6.7801504,8.635769,74.5765,-0.0019044576,1.5826638,2.5048246,-22.026789,10.034039,100.68193,-0.0034333272,1.8408694,3.3888004,2847.991317227494,922.7502780623299,851468.0756641071,1968.0432741916381,296.240071747265,87758.18010882472,5235.284317754815,1185.2929490424553,1404919.3750497606,22.217785419905127,10.098333938451338,101.97634833247811,0.08516901,0.08099745,0.006560588,177.3047379062602,139.58277359928306,65.7852866955572,1462.9786972113066,1397.1934105157493,159.19961611844158,8.371864722702846,0.2195396899746792,0.9599855561806225,327,0.8957740798294364,0.14635582822085924,0.12701131204061047,0.8320000000000007,47.71200000000012,-1.0258359e-05,-4.9895416e-06,2033,858.0077,52851.332,0.01971606019278601,0.11141900979608196,3.9328395946819645,1152,1
427,278.3679999999999,44.03206250000011,6.321938557342406,0.13657584976429746,0.015190847,0.012725217,0.0008948136,0.15400535,0.15311053,0.012453111,0.00016193117,0.29544175205934897,0.13388265237212782,0.017924564606196024,-307.7141,67.36662,4538.262,0.008583249,12.42591,154.40323,15.582663,43.559605,1897.4392,0.0055361064,8.4718895,71.77292,-32.711018,27.403278,750.9397,-0.00443434,5.216937,27.21643,-4.0582104,24.67395,608.80383,-0.0018463775,4.832029,23.348501,-22.431599,14.987746,224.63254,0.0011896533,2.935651,8.618048,-17.492645,17.207464,296.0968,-0.0017278591,3.2056653,10.276291,-23.570356,13.802646,190.51302,-0.00078222185,2.5884378,6.7000103,-5.564553,12.439124,154.73181,0.001970083,2.3896103,5.7102375,-16.641922,11.154027,124.41231,0.0011869782,1.9810554,3.9245806,-1.905213,10.338631,106.88728,-0.002077326,1.9565544,3.8281052,-20.531958,8.065899,65.05873,-0.001858085,1.4786396,2.186375,-0.6460174,7.9286313,62.863197,0.000493943,1.4461498,2.0913494,-11.605686,6.1787524,38.176983,-0.00021562281,1.1396979,1.2989113,2853.384158552945,922.4598931004123,850932.254378824,1863.7968790890056,240.2570903419595,57723.46945958449,4961.7500744343,1144.763590140689,1310483.6773117995,22.799753882314047,9.864368375897055,97.30576345539788,0.08823815,0.08726836,0.0076157665,227.70349706280115,87.92469141632249,96.87324609557632,1405.0051599877036,1308.1319138921272,216.22053167995523,11.293908162585163,0.4614926557699987,0.9522330660218157,307,0.9067361533982532,0.14342671009771904,0.17086401531500658,2.2399999999999523,44.03199999999975,-1.2666775e-05,-2.5946401e-06,1518,747.53955,35743.55,0.010823809982545209,0.08474281080397131,3.577997470973677,996,0
428,67.71199999999973,181.72806250000028,0.3726006798063945,0.7285440064384215,0.0052947863,0.008508968,0.00012614483,0.19965802,0.19953188,0.003946112,7.240254e-05,0.27543446759556184,0.12182162714023184,0.01484050883909367,-438.50745,96.03613,9222.938,0.007037682,16.760553,280.91617,26.562464,48.664703,2368.2534,0.0075583896,9.033928,81.61186,-31.563635,32.72499,1070.9249,0.003710006,6.43909,41.46188,8.0830965,31.171429,971.658,0.0031717299,5.942205,35.3098,-17.493872,19.190899,368.2906,0.0031540177,3.5025504,12.2678585,-15.185234,16.275604,264.8953,-0.0003119873,3.0140555,9.084531,-22.271313,16.717384,279.47092,-0.0019415369,2.9645317,8.788448,-3.14539,12.695351,161.17192,-0.00020874813,2.3987885,5.7541857,-18.496424,12.271312,150.58508,0.0018707305,2.207315,4.8722396,-7.120792,12.195234,148.72374,0.0008494774,2.3530676,5.536927,-14.15813,9.556012,91.31736,-0.000497039,1.7357333,3.0127702,-3.4103909,10.123121,102.477585,-0.0011332468,1.8613738,3.4647124,-15.349605,10.397735,108.112885,-0.00116196,1.9490067,3.798627,2684.468832109868,901.376823572109,812480.1780729447,1764.7917816314412,289.348587261,83722.60494993653,4638.876306759877,1275.5464519943287,1627018.7511953204,21.204049432081547,7.568864757176581,57.2877137124297,0.08506378,0.10062918,0.010126232,180.40638637936416,104.90279354705716,127.82501456536235,1454.5525599514124,1326.72754538605,166.7288223161438,10.88626304836224,0.42842483319286495,1.4312055426140697,357,0.1896694672558271,0.5075182072829139,0.587251446037366,3.4240000000000066,181.18400000000025,-1.4928378e-05,-3.261985e-07,1395,118.9468,3512.9312,0.00984813565937401,0.09034007518031753,13.616493383742965,922,0
429,308.0959999999998,102.76400000000024,2.9980926881194425,0.2501192620357305,0.008032393,0.007678615,0.0,0.080509454,0.080509454,0.006052697,5.8961126e-05,0.3144795925817757,0.1643888818637039,0.0270237044803988,-403.0426,117.79098,13874.714,0.0063551194,15.983564,255.47432,3.3602505,54.159805,2933.2844,0.0021891017,10.631069,113.01962,-18.803226,32.504025,1056.5117,0.00016373058,6.2103066,38.56791,-7.0828133,26.866709,721.82007,0.0026445983,5.0481057,25.483372,-19.884825,19.327547,373.55405,0.0022074317,3.4320705,11.779108,-7.375667,17.351816,301.08554,-0.0018036638,3.1358879,9.833793,-25.792736,16.485018,271.7558,-0.0016939661,2.7791576,7.723717,1.3094549,11.426686,130.56917,0.0010384914,2.0699177,4.284559,-23.028744,14.884348,221.54381,-0.00047668986,2.5633967,6.5710025,0.25053036,10.62277,112.84325,0.00017063147,1.9505787,3.8047574,-17.466278,10.307379,106.242065,-0.00046475648,1.7175783,2.9500754,-7.3416886,10.044671,100.895424,-0.0008491614,1.8004777,3.2417202,-16.488123,9.474737,89.770645,-0.00076683774,1.5775814,2.488763,3051.2414186052283,1215.081975070456,1476424.2061411208,1815.5402110164405,515.9673038671085,266222.2586598931,5217.3828125,1559.6182199178802,2432408.9918998173,20.68450462858602,8.654801577417302,74.90559034446504,0.15014109,0.21799462,0.04752165,293.7378040201399,375.6079975811603,127.08879665595002,2057.0479574677915,1929.9591608118415,188.23090565017245,3.514890045252141,0.1624610591773784,1.000340748673514,411,0.7496253023123467,0.24984914841849173,0.6318583156175834,10.463999999999999,102.6880000000001,-1.3769405e-05,-6.775427e-07,2073,185.00966,8541.596,0.013857341950322295,0.11650441285897065,3.619001869547157,1115,0
430,350.78506250000004,49.91999999999996,7.026944220213464,0.12458040756597619,0.024951067,0.02189463,0.0010067199,0.19692166,0.19591494,0.019015532,0.00047937484,0.30270205166244113,0.128745451085221,0.01657539117513704,-257.06873,79.91164,6385.869,0.01960196,13.854102,191.93616,20.021353,53.29677,2840.5457,-0.008188492,10.738127,115.30737,-25.495567,25.360538,643.1569,-0.0007023781,4.824903,23.279688,-6.836881,23.085182,532.9256,0.002844795,4.4784594,20.056597,-16.135597,21.108217,445.55682,0.0026139407,4.067921,16.547981,-12.153102,17.241455,297.26776,-0.0011843413,3.4312794,11.773679,-20.941841,12.877753,165.83652,-0.0039556287,2.3668797,5.6021194,-7.5336404,13.71219,188.02414,-0.0006247218,2.5191424,6.346079,-28.734882,13.596573,184.8668,0.00036383828,2.5116277,6.308274,2.5887325,12.741424,162.34387,0.0008377521,2.4048586,5.7833447,-14.638024,10.677661,114.01244,-0.00014169874,1.9222324,3.6949775,-0.7432518,9.2842,86.19636,-0.0019664785,1.7473971,3.0533967,-16.242117,9.107487,82.94632,-0.0018207578,1.6663167,2.7766116,2961.716276622504,927.6736024244125,860578.3126350868,1915.5629696737685,247.1487832494475,61082.521061682375,5275.8056426175835,1114.9824679758312,1243185.9038934757,22.115849657658114,9.758280392914843,95.22403622674628,0.09896746,0.085541256,0.0073173065,179.7449981564239,183.24942421328933,94.6606580968763,1670.8421328729137,1576.1814747760375,145.9866916572425,6.331974068975011,0.08584205061999185,0.7811231484004523,313,1.1207190459401948,0.1594888178913731,0.16004007296559383,1.2799999999999727,49.919999999999774,-9.900704e-06,-5.362085e-06,2170,461.9636,108901.414,0.017568135506756257,0.136980548886466,3.9739434457817024,1394,0
433,272.38399999999973,23.76587500000028,11.461138651064093,0.080249485163552,0.03205128,0.021565152,0.0014562712,0.20861757,0.20716129,0.028118275,0.0004650558,0.2964346235987304,0.1136434878168126,0.012914842323170033,-231.63957,75.36603,5680.0386,0.024526164,13.390766,179.3126,26.83777,46.915417,2201.0562,0.010889317,9.225638,85.1124,-36.722717,26.91635,724.48987,-0.005298859,5.289493,27.978735,16.748274,30.270103,916.2791,0.0007899618,5.6888194,32.362667,-32.86778,22.243238,494.7617,-0.00041291284,4.3222785,18.68209,-0.9555501,13.355312,178.36436,-0.0014847431,2.568606,6.597737,-29.769735,15.77681,248.90773,-0.0040254393,2.8909934,8.357842,-12.403144,14.2901325,204.20789,-0.001486487,2.7936265,7.80435,-12.744533,11.6253,135.14761,0.0032677623,2.2216678,4.9358077,-15.547708,14.093992,198.64062,0.0022610878,2.6853232,7.2109604,-8.469879,11.998616,143.96678,0.0026737934,2.3334277,5.4448843,-3.0577183,9.671182,93.53176,-0.0007580876,1.8750644,3.5158663,-18.83025,8.462226,71.60927,-0.0043424075,1.5509204,2.405354,2736.363737242981,805.6133966272389,649012.944825277,1684.8747798016245,242.51685636229382,58814.42561984945,4601.1201715289035,974.595951229582,949837.2681530939,23.198678686905865,9.541915829419901,91.04815769573408,0.078321666,0.087307975,0.007622682,130.26515639472217,91.89733364345477,84.33305895682803,1690.2563832897672,1605.9233243329393,122.75968568932456,13.727413778433478,0.45931928682233175,0.47948694896460786,142,1.918197169590159,0.16839716312056702,0.18192558994171232,1.343999999999994,23.74399999999995,-9.29154e-06,-5.971253e-06,1226,692.2596,41470.7,0.01057025688607715,0.10815498875053212,3.329857847744364,907,1
434,600.9599999999996,212.9668750000004,2.821847281076699,0.26165357299450326,0.01764319,0.01732035,0.0,0.19544722,0.19544722,0.012308037,0.0002999945,0.26864132114055866,0.12746015004472283,0.016246089849423256,-326.82144,98.007904,9605.549,0.0063923104,17.618729,310.41962,24.602282,47.304764,2237.7407,0.0014358213,9.069274,82.25173,-46.305107,41.033806,1683.7731,-0.00042968703,8.243096,67.94864,12.607082,29.236544,854.7755,0.0002712519,5.525877,30.535316,-25.760517,22.637726,512.4666,0.0006618863,4.470969,19.989565,-12.446635,15.901428,252.85542,-0.0007363294,3.0156066,9.0938835,-19.64963,17.200438,295.85504,-0.0017662111,3.21646,10.345615,-11.575133,14.546331,211.59576,-0.00043898894,2.7607658,7.621827,-11.280528,11.511908,132.52402,0.0010624237,2.0930002,4.3806496,-8.035202,14.09749,198.73924,0.0006096005,2.6614645,7.083393,-6.3111386,10.595539,112.26546,0.00048585812,1.9624654,3.8512707,-1.5979241,8.956559,80.21995,-0.0011474795,1.6993265,2.8877106,-16.616232,10.620092,112.786354,-0.0012876961,1.9227524,3.696977,2642.8860994587526,911.0629871686959,830035.7665887475,1630.1721034749223,358.17028023067155,128285.94964051779,4416.3759042302245,1309.8014112044787,1715579.736793244,22.67718378694633,8.522314295859827,72.62984095741679,0.08331649,0.118306495,0.013996426,162.3118250710938,71.22187190933612,97.99885899543732,1405.0051599877036,1307.0063009922662,152.89100418265707,13.568339195883912,0.32603396759215153,1.407988893351138,1146,0.524397905301572,0.18580104712041856,0.26060259515064826,5.823999999999955,212.92799999999966,-1.3353161e-05,-1.8000433e-06,4291,335.0524,37292.543,0.009963743462841906,0.10068755881749866,4.246538871139513,2552,0
436,297.17093749999975,32.224000000000274,9.222037247950595,0.09782785444296718,0.021919876,0.017350541,0.0017530588,0.19345461,0.19170155,0.017397694,0.0003010413,0.29333403598273267,0.09938916998791957,0.009878207110887572,-262.28864,61.948982,3837.6763,0.007992093,10.747023,115.4985,22.867363,36.020706,1297.4913,-0.00013279419,6.9110813,47.763042,-46.57186,32.823475,1077.3806,-0.0065401876,6.1467686,37.782764,15.772272,26.095488,680.9745,-0.0002516744,4.7775593,22.825073,-31.438623,19.028143,362.07022,0.0013310369,3.560448,12.67679,-12.399849,14.76796,218.09262,-0.0008246909,2.7422032,7.5196786,-22.504368,13.722582,188.30927,-0.001991289,2.5664582,6.5867076,-25.393944,14.433796,208.33447,-0.0014933284,2.6889153,7.2302647,-15.891466,10.569844,111.72161,0.0018038889,1.9567583,3.828903,1.8176118,11.901353,141.6422,0.0034192186,2.2297933,4.9719787,-19.699753,8.2085495,67.38028,0.0012607862,1.5330621,2.3502796,-1.4745297,7.8965883,62.356106,-0.0011991959,1.439396,2.0718608,-15.68136,8.396393,70.499405,-0.0030222721,1.5391449,2.368967,2711.053609099582,689.7957206894002,475818.13628140907,1665.9544134904104,309.404064126459,95730.87489796993,4430.361436273557,1094.487263414902,1197902.369777441,22.161891503666055,8.96985711205067,80.45833661060598,0.08799775,0.087306745,0.007622468,178.38371422413886,169.6908047093217,70.10083450255941,1405.0051599877036,1334.9043254851442,152.89100418265707,6.84332127773839,0.12210996695918885,0.8409358143216757,277,1.072819265080074,0.11633212996389826,0.12139147288704892,0.8319999999999936,32.22399999999982,-1.1848695e-05,-3.410366e-06,2268,421.6432,20640.021,0.01639528207063515,0.11882396707969103,4.687537791275438,1393,0
437,401.78993749999944,39.20000000000056,10.249743042098233,0.08889091715386489,0.011664542,0.008496758,0.0008391145,0.09892348,0.09808437,0.009731319,7.219488e-05,0.2639034905962013,0.14648072623133,0.021456603157257847,-336.60406,63.681934,4055.3887,0.00983407,11.738903,137.80183,28.21283,47.976627,2301.7566,0.0027862117,9.580073,91.77781,-15.928316,23.674036,560.45996,-0.0017963808,4.4451184,19.759077,-2.2071626,23.156355,536.2168,0.0029213976,4.382514,19.20643,-15.256245,17.227715,296.79416,0.002352389,3.2542882,10.590392,-11.357644,14.241371,202.81665,-0.0032046016,2.7474022,7.5482187,-25.167665,14.941259,223.24123,-0.004203562,2.6674328,7.115197,-1.785546,12.184351,148.4584,-0.00013328154,2.269735,5.151697,-29.915062,11.698608,136.85744,0.0003168935,2.1725152,4.7198224,-5.2670217,11.457272,131.26907,0.0010592289,2.1553938,4.6457224,-15.585356,9.529415,90.80975,4.9108243e-05,1.7087613,2.9198654,-2.1515172,8.271576,68.418976,0.00018517199,1.5090297,2.2771707,-18.605385,8.46864,71.717865,-0.0012417773,1.570776,2.4673374,2762.4618448373,920.8531908474628,847970.5990939536,1982.8791456492515,244.19750237688385,59632.42016710819,5231.427667622088,989.3376636351226,978789.012687003,22.503926521006047,9.163036872988782,83.96124473575203,0.08401278,0.09236028,0.008530421,166.7157725748698,78.5542538158183,65.40639132514966,1413.1442720795428,1347.7378807543932,152.89100418265707,12.17404621563076,0.5175966910588784,0.7415135180947298,327,1.2287154014412356,0.12024539877300638,0.11287101558775164,0.7680000000000007,39.20000000000008,-1.2643301e-05,-2.6217067e-06,2419,805.2859,39030.234,0.011030822236266951,0.08552999157241947,2.9069916665098203,1168,0
439,725.9199999999994,186.78487500000062,3.886396027053052,0.2046498053382268,0.018505491,0.016755799,0.0003989067,0.21857253,0.21817362,0.014049524,0.0002807568,0.26193384847864004,0.14147498414396156,0.020015171138534175,-312.33987,81.50697,6643.386,0.004347499,14.475177,209.53073,18.316027,47.89624,2294.0498,0.00043557215,9.237229,85.3264,-32.65918,37.18921,1383.0374,0.00026103694,7.17724,51.51277,-1.3031367,27.15526,737.40814,0.002361202,5.0846443,25.85361,-25.333654,20.85287,434.84222,-0.00011631306,3.8496523,14.819823,-18.217314,18.503342,342.37366,-0.001119591,3.4087014,11.619246,-25.958029,16.955027,287.47293,-0.0016841922,3.0809503,9.492254,-13.50534,14.573399,212.38394,-0.00010781512,2.660273,7.077053,-17.724619,13.25046,175.57469,-9.077142e-06,2.4184318,5.8488116,-9.867388,11.087028,122.92219,2.7509039e-05,2.0321064,4.129456,-15.61735,10.171406,103.45749,0.00019090233,1.8615224,3.4652658,-8.4777155,10.92782,119.41726,-0.001102391,2.0465796,4.188488,-11.733031,9.333762,87.11912,-0.00092066795,1.7036021,2.90226,2752.271515001078,991.493598541948,983059.5559496615,1817.4872607877523,293.537139481663,86164.0522550773,4771.000048206711,1235.8995895159926,1527447.795365799,23.187792248932997,9.247194137302857,85.51059941296835,0.063566536,0.07171163,0.005142558,270.17971094511114,104.62912532141634,74.26924703925044,1388.867299316009,1314.5980522767586,252.71363809934766,6.594695212554052,0.40048382006098643,1.2227391685620173,1116,0.6504659492379331,0.1673405017921155,0.18926432420546754,1.7279999999999518,186.7520000000009,-1.41764485e-05,-1.0850649e-06,4778,815.03925,60761.434,0.014394711635750313,0.09536767994129758,4.077584306810671,2960,0
440,456.1599999999983,187.82018750000174,2.428705900271174,0.29165522658257514,0.010202576,0.009410525,0.0003680522,0.1468735,0.14650545,0.00764981,8.855797e-05,0.2978545467779503,0.13545324181132157,0.018347580717196357,-368.31094,77.92902,6072.933,0.0020005163,14.054246,197.52182,9.399083,47.727276,2277.8928,-0.0021080882,9.373826,87.86862,-33.140095,37.82598,1430.8049,0.0012856214,7.4962006,56.193024,-1.3968669,27.523798,757.55945,0.0016535592,5.008796,25.088041,-30.285944,19.09587,364.65222,-0.0018815965,3.6215858,13.115884,-14.337983,18.785208,352.884,-0.00039396592,3.2606366,10.631751,-22.229677,14.148494,200.17987,0.0004695861,2.5467875,6.4861264,-9.647048,14.764425,217.98825,0.00032592844,2.653439,7.040739,-11.739068,11.911072,141.87364,0.0001836772,2.0951402,4.389612,-2.1659536,9.813074,96.296425,0.0008319959,1.748613,3.0576475,-18.573559,9.933453,98.67348,0.0007163111,1.8057842,3.2608569,1.4863547,10.776917,116.14196,-0.0002156438,1.9201674,3.6870432,-11.138572,8.249354,68.05185,-0.00012527413,1.445717,2.0900977,2909.6857531310557,971.8742641427374,944539.5853029874,1778.4394971883053,295.342750464659,87227.34025202983,4869.902562111802,1170.0057158984691,1368913.3752350893,22.40961717336574,8.721500791657984,76.06457605889084,0.0775536,0.082089424,0.0067386734,241.73428613863686,72.10573843827432,99.71184887709214,1396.9129257320158,1297.2010768549237,230.40470702053787,11.739434095254822,0.408049689420718,1.5357615330362937,989,0.4612335687955154,0.1897997977755297,0.224794372637807,2.3999999999999773,187.71199999999885,-1.4134669e-05,-1.1211367e-06,3127,526.2363,27013.184,0.009781055159937851,0.09247777062656792,3.8867941073307755,1773,1
441,266.08000000000004,18.82993749999997,14.130688743354124,0.0660908414259856,0.016689884,0.01190047,0.0011770688,0.12081789,0.11964083,0.013964237,0.00014162117,0.36429729615902967,0.12321171090414787,0.015181125703927312,-284.6887,69.832726,4876.6094,0.014868915,12.817386,164.28539,4.6201077,43.425213,1885.7491,0.00054915465,8.443282,71.28901,-18.855886,26.849277,720.8837,0.0030185436,5.300716,28.097588,0.98286057,24.321026,591.5123,0.0037244016,4.792177,22.964964,-23.562254,17.394884,302.58197,-0.00015184918,3.3340735,11.116047,-8.852871,14.754593,217.69801,-0.0017404403,2.7861242,7.7624884,-34.30767,15.5656395,242.28914,-0.0035555924,2.8311687,8.015515,-3.241703,13.533088,183.14445,-0.00039239263,2.5143497,6.3219543,-24.387846,12.211937,149.1314,0.00088148564,2.2801237,5.1989636,-10.708667,10.379734,107.73888,0.0011355594,1.8974117,3.600171,-17.715462,9.061151,82.10445,-0.00047537131,1.6684679,2.7837849,-6.5363293,8.690551,75.525665,-0.00036956937,1.6100878,2.5923824,-14.948931,8.24001,67.897766,-0.001976966,1.5653563,2.45034,3221.377522953271,833.7007401751074,695056.924168522,1951.314133057342,226.9545728845535,51508.37815321011,5513.781551830638,817.9884596848773,669105.120177638,22.141425948731698,9.83434992225232,96.7144383933042,0.11032606,0.08114626,0.006584716,202.7152762698353,175.00978620438354,110.63722351746388,1454.5525599514124,1343.9153364339486,175.62564499846297,6.5648978549015835,0.13847708893323482,0.5861501408668836,167,1.593293403632974,0.11334939759036197,0.13382423589953882,1.2480000000000189,18.816000000000088,-1.1836875e-05,-3.4199888e-06,1769,501.967,32217.764,0.014543119434058017,0.10695046120922806,3.4876728803367403,928,1
443,160.4159999999998,41.48893750000019,3.8664763621271985,0.20548748343512002,0.0322053,0.031725615,0.0007267502,0.30336562,0.30263886,0.022613944,0.0010065146,0.2417835652733756,0.14542047323886453,0.021147114037015316,-264.01755,81.98575,6721.6626,0.015148694,13.283951,176.46335,41.951065,54.4033,2959.7192,-4.768916e-05,10.367941,107.494194,-23.111639,29.066795,844.8786,0.00045103204,5.08157,25.822355,1.1410284,24.081833,579.9347,0.008303555,4.2242184,17.84402,-21.57878,17.39248,302.49838,0.0007404732,3.1985106,10.23047,-13.095991,16.110304,259.54187,-0.003527189,2.937253,8.627456,-27.922125,14.443461,208.61359,8.609971e-06,2.4991906,6.245953,-12.474308,13.78694,190.0797,-0.0033433833,2.5658042,6.583351,-25.126595,14.101827,198.86153,0.00605506,2.424899,5.8801355,0.28170452,13.515228,182.6614,0.0023369761,2.3350286,5.452359,-16.1841,12.951934,167.7526,-0.0019382116,2.2383623,5.010266,5.061372,10.003552,100.07107,-0.00094380946,1.7480711,3.0557523,-16.087374,9.947898,98.96067,-0.000955913,1.6924382,2.8643472,2524.2772153692026,967.2174853853968,935509.6640352503,1811.4921965194956,286.76032919272876,82231.48639872216,4644.796206418384,1317.4356599085054,1735636.7179985594,23.02790214727436,9.487090513141359,90.00488640453678,0.067570195,0.08380919,0.00702398,155.55788622107715,148.44148038071012,71.73936383710603,1446.174953670991,1374.435589833885,127.08879665595002,6.184111884360212,0.46782884303203975,1.0995273456351211,222,0.7225945913396631,0.18681081081081097,0.225561222528057,1.343999999999994,41.47200000000004,-1.0710503e-05,-4.5558895e-06,937,1421.4218,235274.25,0.01150985728882815,0.0810561259445871,2.929882306004392,470,0
444,718.3369999999998,122.97600000000023,5.8412779254384635,0.14617151999315384,0.014959015,0.012129465,0.00026493185,0.13404384,0.13377891,0.0120575465,0.00014712392,0.2915101276944983,0.14248069165373195,0.020300747494125842,-333.4861,89.22784,7961.6074,0.016534045,16.827337,283.1593,11.680449,50.25734,2525.8003,-0.00049400085,9.838129,96.78879,-40.396656,36.09942,1303.1681,-0.0034810335,7.139925,50.97853,-2.1675305,27.70086,767.3376,0.00095256045,5.305412,28.147394,-23.392288,16.578138,274.83466,-0.0017963882,3.1729043,10.067321,-21.190037,18.235632,332.53824,-0.0020360986,3.3769016,11.403465,-27.739622,15.417892,237.7114,-0.0012302041,2.9117951,8.478551,-9.349069,12.539604,157.24167,-0.0006446807,2.3226047,5.394492,-15.913425,13.575384,184.29105,0.00024781073,2.5906963,6.711708,-10.532591,10.924478,119.34421,0.00014547088,2.0302317,4.121841,-11.473118,10.4412,109.018654,0.0015373699,1.9822483,3.9293084,-9.4970045,10.476069,109.74803,-0.000948429,1.9394913,3.7616262,-10.924269,8.700181,75.69315,4.76975e-05,1.5823287,2.503764,2833.8373686641553,1030.982570412679,1062925.0604947347,1769.4218256707197,269.6662302814242,72719.8757541941,4745.551165753842,1253.7214104382535,1571817.3749912835,22.907351387544427,9.14208753042882,83.5777644140221,0.0717079,0.07844307,0.0061533162,250.81733884728817,70.44786924094315,93.57338770459413,1405.0051599877036,1311.4317722831095,237.15608026942812,10.019402316175336,0.42929408183366446,1.0768881498324643,906,0.792866445040986,0.1357350993377482,0.12434545814904913,0.9920000000000186,122.97599999999986,-1.4393122e-05,-8.6894954e-07,4724,549.60333,28589.371,0.010811492429099399,0.09406136679196149,3.7990525338385757,2729,0
445,289.76,20.625125000000025,14.048883871060939,0.06645010774920358,0.0349807,0.024493027,0.000775976,0.16507208,0.1642961,0.029874492,0.00059990835,0.2523572406572165,0.10910847859770974,0.011904660101906883,-243.77701,79.19139,6271.276,0.016478607,14.297633,204.4223,40.82743,50.721657,2572.6863,0.0056887125,9.781998,95.687485,-44.772816,30.939793,957.2708,-0.00078348984,6.2602205,39.19036,-6.609532,29.839382,890.3887,0.0036457737,5.776501,33.367966,-9.353117,20.598173,424.2847,0.0041936887,4.016471,16.13204,-16.905407,19.119442,365.55304,-0.0046504894,3.8128834,14.53808,-33.472042,16.026026,256.8335,-0.004489546,2.9352055,8.615431,-2.722567,12.732706,162.12181,0.0008440985,2.4380841,5.9442544,-26.754457,14.2696085,203.62172,0.0010426961,2.6839845,7.2037725,-0.9477686,13.585999,184.57935,0.0038758449,2.5699239,6.604509,-16.890667,10.985203,120.674675,-0.0007092977,2.0416296,4.1682515,-1.0745474,8.583007,73.668015,-0.001190794,1.6002351,2.5607524,-15.087436,9.115367,83.08992,-0.0030531303,1.6662258,2.7763083,2432.3302408908016,846.6333708359336,716788.0646130156,1717.6911528977198,287.9570140804391,82919.24195812218,4239.465206185567,1391.4394095012656,1936103.6303132307,23.485106848161088,9.417541616453219,88.69009009762831,0.060879745,0.08140539,0.006626837,161.46107674881557,87.69598566072331,91.96585291173604,1680.5212228823332,1588.5553699705972,152.89100418265707,13.905319753080525,0.5370103092229886,0.364063838432979,113,2.564247764918161,0.18400000000000155,0.15373446495267723,0.8320000000000078,20.608000000000175,-1.1347652e-05,-3.9132306e-06,1782,732.9299,59999.246,0.010643279753294555,0.1115563506038633,3.426974047487576,993,0
446,533.7860624999998,44.76800000000014,11.923383903158825,0.07737911269095987,0.022884566,0.016849954,0.0012283205,0.1690381,0.16780978,0.019203167,0.00028392096,0.3125741604155144,0.14042457548330858,0.01971906139966743,-272.4656,72.6143,5272.8374,0.011048356,14.252802,203.14236,5.601185,45.78406,2096.1804,-0.0027023943,9.273549,85.99872,-21.424204,30.825554,950.2147,0.0012886716,6.287032,39.52677,-2.181835,29.83259,889.98346,0.0038605921,5.6736693,32.19052,-21.15309,16.52767,273.16388,-0.0013571526,3.1654227,10.019901,-14.875171,18.66783,348.48788,-0.0025450164,3.4642887,12.001297,-22.210136,15.170047,230.13033,-0.0013635164,2.8470848,8.105892,-10.68596,12.783953,163.42944,-0.0010080395,2.3631883,5.5846586,-22.847546,13.375937,178.91571,-0.00011721195,2.4885666,6.1929636,-6.515603,9.433017,88.981804,0.0006577427,1.774871,3.1501672,-23.721962,9.547388,91.152626,-0.00018875662,1.7854851,3.1879573,-0.82316285,8.594046,73.85762,-0.0008261268,1.6433933,2.7007415,-15.370577,7.795983,60.77735,-0.0023323796,1.4602289,2.1322687,3092.9481867304817,896.3610803749085,803463.1864108732,1970.8143572027934,275.0365942456383,75645.12817423987,5477.00713841261,952.2713127966064,906820.6531753722,23.285678400607285,10.19322874394002,103.90191222628503,0.081325695,0.07466469,0.005574816,219.86104295742913,79.72530397845736,65.40639132514966,1454.5525599514124,1389.1461686262628,201.74088950502764,11.066545919974512,0.39983407077434546,0.6118702174008155,354,1.5078702287913266,0.12682152974504188,0.10927675907855963,0.5760000000000005,44.76799999999979,-1.2268117e-05,-2.9865544e-06,3334,1192.7195,51214.96,0.011771216602875452,0.10979580443980533,3.2260115446532485,1722,0
447,313.3759999999991,129.26393750000085,2.4243110927646465,0.2920295403755809,0.016671376,0.014144183,0.0,0.26478955,0.26478955,0.013167746,0.00020005793,0.26647703013175017,0.14080866613638524,0.019827080459108,-329.68027,79.996056,6399.3687,0.0073899664,12.645011,159.8963,18.276703,50.54143,2554.4363,0.00020125265,9.774145,95.53391,-27.190807,34.957836,1222.0504,0.00090033945,6.7053556,44.961796,11.026202,27.684736,766.4446,0.003283004,5.023141,25.231945,-29.112717,22.528336,507.5259,-0.0009241291,4.161826,17.320797,-12.405927,18.095867,327.46042,-5.5779574e-06,3.3352334,11.123782,-28.11183,16.232468,263.493,-0.0023332518,2.969728,8.819284,-19.823498,17.054947,290.8712,-0.00072540884,3.1736548,10.072085,-22.46292,12.212384,149.14233,-6.561656e-05,2.2344682,4.992848,-6.5724807,14.798952,219.00899,-0.0005724587,2.7150092,7.3712754,-15.11186,11.763312,138.37552,0.00039890723,2.0894766,4.3659124,-4.0675173,9.683986,93.77959,-0.0011633077,1.7644944,3.1134408,-13.027358,10.886654,118.519226,-0.0013413002,1.9169075,3.6745346,2737.9783022774795,1046.944516326898,1096092.8202669625,1739.2152360252585,327.6800109842191,107374.18959861794,4615.528762741271,1277.3922075599105,1631730.8519347818,23.516744781042068,8.913865323456275,79.45699500471623,0.066938356,0.11383915,0.012959353,189.7444985906863,81.68148013074877,79.1413469005951,1454.5525599514124,1375.4112130508172,178.6955271983718,13.13035406301312,0.48550567480044055,1.350985189853096,598,0.5240401329029415,0.2158662207357869,0.3196342111318046,5.1200000000000045,129.08800000000056,-1.3883795e-05,-1.2344037e-06,1809,1092.279,74270.57,0.010402026394053377,0.07512170141976075,4.272822424180549,1339,0
448,483.71199999999897,311.2976875000011,1.5538567033079569,0.3915646468144466,0.0095885955,0.009536222,0.0,0.1700469,0.1700469,0.0068570995,9.093952e-05,0.2625398368321091,0.13649978189222042,0.018632190456623746,-376.55817,83.084724,6903.072,0.0099336775,13.344311,178.07062,22.718594,48.86684,2387.9683,0.002144334,9.476512,89.80428,-25.157988,29.930092,895.8104,-0.0015496712,5.628436,31.67929,-5.1310105,33.044735,1091.9546,-0.00018272347,6.201483,38.45839,-13.867841,19.24798,370.48477,0.0008597916,3.6364775,13.223968,-16.425272,19.383541,375.72168,-0.0020747795,3.7184896,13.827165,-24.774668,17.005459,289.18564,-0.0022512258,2.97576,8.855147,-4.8477073,14.004402,196.12329,0.0011529651,2.576271,6.637172,-22.667816,13.566038,184.0374,-0.0001641858,2.3927157,5.7250886,-0.08604463,13.219419,174.75302,0.0013958409,2.433811,5.923436,-14.291013,9.841663,96.858345,-9.767587e-05,1.8143941,3.2920258,-0.5357556,10.11931,102.40045,-0.00086135225,1.9025847,3.6198285,-16.676617,11.162546,124.60243,-0.0016202445,2.0525067,4.212784,2746.179603289371,939.2193519867369,882132.991146386,1886.707029906931,342.9537127481382,117617.24908773247,5041.618031797142,1295.001774772966,1677029.5966651316,22.276116524825355,8.523487737818753,72.64984321674663,0.08729347,0.13232502,0.017509911,184.59851144329917,70.6022407634473,70.91536696417685,1413.1442720795428,1342.228905115366,175.62564499846297,12.960544456305836,0.39549205069851107,1.5031263376900674,1195,0.40477991597926277,0.2604719665271956,0.43587332792995637,10.975999999999999,311.26399999999876,-1.4081811e-05,-9.759615e-07,3913,506.69632,34233.32,0.009419816171322091,0.07641239378214586,4.99677494046045,2417,1
449,550.6239999999989,173.9859375000011,3.164761501688801,0.2401097866533208,0.015813224,0.012532586,0.0,0.25673458,0.25673458,0.013103881,0.00015706572,0.23968977268022743,0.12578370075723644,0.015821539376186005,-317.29724,78.425545,6150.566,0.000613844,13.2755995,176.24155,32.402996,43.475933,1890.1567,0.00026774398,8.232069,67.76695,-32.516125,32.88112,1081.1678,0.001191771,6.4967566,42.207848,1.0189203,27.368935,749.05853,0.0024563107,5.279818,27.876476,-19.471388,17.104525,292.56476,-7.42787e-05,3.2313879,10.441868,-17.283642,18.089174,327.2182,-0.0020811954,3.398906,11.552563,-24.143045,17.017801,289.60553,-0.00095514534,3.2122803,10.318745,-14.34616,14.142836,200.01979,0.00016270994,2.622501,6.877511,-22.766756,12.656433,160.1853,-0.00043116623,2.3118854,5.344814,-1.9352186,13.49224,182.04054,0.00057382835,2.576698,6.639373,-20.29197,9.533815,90.89364,-0.0001203059,1.7435852,3.0400896,-1.1322011,9.078045,82.410904,-0.00025916332,1.7013233,2.8945007,-7.555713,7.977395,63.638832,-0.0010847822,1.4857261,2.2073822,2511.151556758339,923.6213885612672,853076.4694078433,1773.8062373346586,321.2992414067501,103233.20252855308,4449.114042835063,1329.910207713448,1768661.1605804262,23.39144635432393,9.216314843074578,84.94045928667678,0.06767709,0.1077856,0.011617735,204.64561838248036,56.31092648811048,144.30989148811935,1421.3305335680736,1277.0206420799543,197.13312122062953,15.849569765021043,0.629101346847909,1.5415190189825405,1117,0.492948970015264,0.1557314234556836,0.2540789595002545,5.312000000000012,173.95199999999858,-1.3719325e-05,-1.4324089e-06,4081,1022.8756,54335.96,0.010618155861307063,0.08477598499592126,5.5101121636543375,3034,0
451,462.62399999999866,173.62600000000134,2.664485718357328,0.27288958742632824,0.024482373,0.026206449,0.00033040033,0.23198488,0.23165448,0.01604287,0.000686778,0.32634495784715584,0.16059521365868434,0.02579082265007848,-316.74628,104.669945,10955.797,0.0032404233,19.300127,372.4949,1.5567681,54.262398,2944.408,0.0022542048,10.852366,117.773865,-13.022321,35.227978,1241.0105,-0.00037590088,7.003821,49.053505,-8.603371,31.260588,977.22437,-0.0010571688,6.0880218,37.06401,-18.79884,20.158003,406.3451,-1.9439358e-05,3.8893626,15.127142,-13.927076,17.712317,313.72617,0.0005702864,3.3114934,10.965988,-32.202843,18.675749,348.78357,0.0002231854,3.4580827,11.958336,-3.2943592,14.158099,200.45177,-0.0012985825,2.70729,7.329419,-22.418964,14.824828,219.77554,-0.0011752427,2.7705433,7.675911,-2.4175482,11.791253,139.03365,0.00026405026,2.1682537,4.701324,-11.343056,10.015871,100.31767,-2.3470902e-05,1.911183,3.6526206,-4.3750367,9.974082,99.482315,-0.00085117423,1.9561052,3.8263478,-12.265121,8.834496,78.04832,-0.00017193104,1.6731116,2.799302,3248.7347808429595,1094.965542267559,1198949.5387532895,1929.285567881202,334.2437499852314,111718.88440418987,5559.466236860635,976.921829745357,954376.2614330163,22.92371664331445,10.088741018889664,101.78269534622686,0.089708924,0.09758762,0.009523344,214.1835103400729,80.48492613589482,66.93519325188251,1413.1442720795428,1346.2090788276603,204.08500572708806,11.250171649629388,0.31680329928497697,1.1976424361493123,762,0.6071181094394758,0.22622572178477574,0.20288088244521546,1.2800000000000011,172.3839999999991,-1.3794731e-05,-1.4626409e-06,2836,634.3291,52620.56,0.011449898687674891,0.07779426657134873,3.6249740610085186,1677,0
454,185.3119999999999,22.762937500000106,8.140952452162493,0.10939778607406818,0.017625852,0.014889423,0.00068171474,0.12834947,0.12766775,0.013911652,0.00022169492,0.2983870725530524,0.13794053068599507,0.019027590005933945,-299.25226,80.76753,6523.394,0.017304715,14.201564,201.68442,20.476786,43.9123,1928.29,-0.0041376273,8.599141,73.94523,-23.706915,33.16566,1099.9609,-0.0023375934,6.658591,44.336834,-6.6319504,26.108496,681.65356,0.006616388,5.009622,25.096312,-26.334455,16.53624,273.4472,0.0017273774,3.180066,10.112821,-14.1748085,15.28942,233.76637,-0.005309275,2.784692,7.7545094,-25.477299,13.976043,195.32976,-0.003082796,2.6208627,6.8689218,-8.244372,12.0266285,144.6398,0.000110014975,2.1645124,4.685114,-21.08045,12.495645,156.14114,-0.00086577504,2.2824507,5.2095814,-8.054846,9.93564,98.71696,0.0024381245,1.8478822,3.4146686,-21.341206,9.01684,81.3034,0.0006683934,1.6696656,2.7877831,-6.522329,8.989884,80.81802,-0.0035248941,1.6434468,2.7009172,-13.159165,8.681414,75.36694,-0.0028862152,1.6226828,2.6330996,2928.5726407892876,1007.8278222258433,1015716.919252486,1906.3936960711187,284.1460607769481,80738.98385505709,5099.66313624481,1178.3849573216341,1388591.1076419093,22.158087648915252,9.69500935118499,93.99320631956438,0.0866052,0.07875957,0.0062030703,261.66962723774407,144.14524145582106,71.73936383710603,1586.2008141950607,1514.4614503579546,227.75828324510303,5.885409642680138,0.33569121938556185,0.7689537333154312,160,1.1581999927612494,0.14200000000000093,0.10990541387938899,0.5439999999999827,22.720000000000148,-1.1855622e-05,-3.4009026e-06,1378,702.68024,31136.246,0.013030054659351658,0.10468254728629277,3.529183215334141,654,0
455,308.92799999999954,75.61712500000044,4.085423717373201,0.19664044629352784,0.020422524,0.01989071,0.00072305306,0.21270466,0.21198161,0.01462366,0.00039564038,0.2694956588554668,0.13668723875562835,0.018683401238638153,-307.6299,84.140625,7079.645,-0.00021493144,15.228296,231.901,24.019638,47.353683,2242.3713,-0.0010785335,9.245471,85.47874,-36.041607,37.277367,1389.6022,-0.00060681906,7.1759353,51.49405,-4.4993186,32.606503,1063.1841,0.0032692736,5.804359,33.690582,-17.507908,16.305094,265.85608,-0.0011328264,3.0820444,9.498997,-21.188278,19.464912,378.88284,-0.0023423596,3.707798,13.7477665,-25.316193,14.864009,220.93875,0.00090848503,2.6681342,7.11894,-9.988472,12.794729,163.7051,-0.00052300934,2.4646688,6.0745926,-20.614204,13.17467,173.57193,-0.0013239366,2.4280374,5.895365,-7.405291,10.625179,112.89443,0.0024453462,1.923661,3.7004714,-17.96386,8.987076,80.767525,0.0016540329,1.6645958,2.7708793,-3.7329423,9.905755,98.12398,-0.0012000793,1.854605,3.4395595,-19.622066,9.810978,96.25529,-0.0010075605,1.8486421,3.4174778,2676.7952948120023,944.431811207695,891951.4460210472,1822.3744636705178,306.9441343134683,94214.70158944446,4663.489791354635,1394.4966411132348,1944620.882076094,23.116123090684233,9.62455697997676,92.63209706081935,0.07142481,0.086706,0.0075179297,234.2898732849169,96.15199124870679,72.57293509250918,1446.174953670991,1373.6020185784819,212.505992363466,8.597292215113168,0.4172907305360883,1.2274242197193372,472,0.6545084731895997,0.16020338983050805,0.1714479492748241,1.1199999999999761,75.6159999999998,-1.35620385e-05,-1.6931859e-06,2535,1376.6853,241143.33,0.013136260416552012,0.07662466282196015,3.398850217526419,1050,0
456,409.31199999999967,57.42300000000034,7.128014782787079,0.12303127042111764,0.026777793,0.019628722,0.00065649726,0.25430727,0.25365078,0.022868887,0.00038528675,0.2621990639568765,0.1500861256784674,0.02252584512117271,-275.2214,84.44173,7130.406,0.0046333293,15.73782,247.67897,30.58756,49.240513,2424.628,0.00048285135,9.700458,94.09888,-27.463789,37.879517,1434.8578,0.004336465,7.4993834,56.240753,1.003188,27.741486,769.59,0.004638578,5.378247,28.925539,-25.924664,18.379759,337.81552,-0.0017579849,3.509151,12.31414,-11.003221,16.726091,279.76212,-0.0012221107,3.1077528,9.658127,-30.90549,16.484554,271.7405,0.0005125019,3.075438,9.458319,-6.3351135,12.793574,163.67555,-0.0021570094,2.3831286,5.6793027,-17.748848,13.578945,184.38774,0.00022905026,2.574049,6.6257286,-10.040377,10.447389,109.147934,0.0020222699,1.9243464,3.703109,-13.114654,9.489443,90.04952,-0.0018030852,1.7276487,2.9847703,-10.773287,10.036477,100.730865,-0.0012005881,1.9036313,3.6238122,-8.192196,9.083321,82.506714,-3.3889373e-05,1.6982721,2.8841283,2625.0879036421134,1049.2010912449437,1100822.9298695805,1779.0535219414749,305.13368997842343,93106.56875984861,4594.880686103113,1306.1499609106593,1706027.7203869168,23.225903286851928,9.988772305954736,99.7755721802083,0.06136009,0.078568414,0.006172996,238.40057153436013,82.05840100336447,92.4986056779086,1454.5525599514124,1362.0539542735037,222.55627686642293,9.814365739890116,0.47051967636977104,0.8805853428605097,411,0.9958929416158314,0.13952311435523,0.14410339058683352,1.47199999999998,57.343999999999525,-1.17377695e-05,-3.520685e-06,2561,2627.9045,117540.625,0.015809952691616443,0.08081004272086224,3.9261003830818577,1607,0
457,268.41599999999886,192.01400000000115,1.3978980626521982,0.4170319049584109,0.0135668125,0.014432459,0.0,0.25450423,0.25450423,0.009925125,0.00020829588,0.2715199042562895,0.15669429827595252,0.024553103112193178,-344.8679,88.09127,7760.072,0.0013140512,13.411075,179.85693,33.15695,55.4455,3074.2036,0.001697352,10.669433,113.8368,-20.71261,32.7039,1069.545,3.5951183e-05,6.0911336,37.10191,6.8163595,23.38719,546.96063,0.002922663,4.284405,18.356127,-16.455395,22.101488,488.47577,0.003264762,4.1234856,17.003134,-6.3013253,15.0993,227.98886,-0.0011940363,2.7989807,7.834293,-23.935375,14.631544,214.08208,-0.001998341,2.5644653,6.576483,-7.306775,17.434906,303.97595,0.0013050847,3.256379,10.604003,-16.452177,13.3398,177.95027,0.0018138749,2.3593051,5.5663204,-3.5209372,12.011146,144.26762,-4.7350604e-05,2.258507,5.1008534,-11.627578,11.960013,143.04192,-0.0007234107,2.0548952,4.2225943,-3.0709486,8.998318,80.96973,-0.0011400301,1.6486194,2.7179458,-15.958759,9.942109,98.84554,-0.0019427899,1.6743418,2.8034203,2645.7707397172576,1180.5413632900813,1393677.9104388037,1712.772620468614,414.4872461388314,171799.6772117522,4555.382475328376,1475.3813324166897,2176750.076043647,21.55760591047859,8.957423708984642,80.23543950228019,0.1025562,0.16885626,0.028512437,152.03126014330581,125.94369942699313,82.88426748110167,2021.7091047947818,1938.82483731368,135.4258854679408,10.310233373850227,0.28250747096514645,1.5550680885259431,716,0.3748826810406651,0.26793296089385465,0.43483519767498463,6.943999999999988,191.83999999999992,-1.1274478e-05,-3.6078468e-06,1963,402.39426,32141.303,0.013492163448901162,0.08982901150388695,4.854405102527441,1303,0
459,310.5919999999998,39.823125000000175,7.799287278452185,0.11364556538477093,0.02114935,0.017362613,0.0,0.1632919,0.1632919,0.01662412,0.00030146036,0.2912719603945987,0.12075512598826377,0.014581800452441455,-279.28003,68.87401,4743.629,0.006624389,12.016451,144.3951,17.493292,52.84495,2792.5889,0.0025335657,10.209155,104.22685,-45.651318,32.426044,1051.4482,-0.0018054878,6.454445,41.65986,10.335826,29.349207,861.376,0.0033416855,5.4858,30.093998,-22.475588,21.409569,458.36966,0.00044490042,4.175648,17.436037,-6.89701,14.232148,202.55403,-0.003944398,2.655453,7.0514307,-27.557743,13.935589,194.20064,-0.0038206584,2.6231637,6.880988,-10.754374,13.684148,187.2559,0.00085923175,2.6408498,6.9740877,-16.732605,11.0446615,121.98454,0.0027823541,2.0836995,4.341803,-4.5862966,13.119837,172.13013,0.0019355601,2.4785244,6.1430836,-13.826206,10.410097,108.37012,0.00018782464,1.9252701,3.7066648,-3.287629,9.82586,96.547516,-0.0009544616,1.883047,3.5458658,-18.603603,9.976635,99.53325,-0.0014837083,1.8788837,3.530204,2761.723583804377,893.4772715326732,798301.6347454702,1640.6351359701048,291.0124280902812,84688.2333030011,4519.602233814264,1096.8511196858342,1203082.378756068,22.16959912028802,9.17198393179217,84.12528924505375,0.077750236,0.088980146,0.007917467,146.67056019591828,136.76340333699324,100.28947374140385,1421.3305335680736,1321.0410598266699,130.8127826502993,8.889010766189092,0.2039083188563685,0.7648071697818409,268,1.1589253688099792,0.14861423220973732,0.15877521936478467,1.1199999999999761,39.679999999999865,-1.1543114e-05,-3.6743575e-06,1985,356.09125,23605.36,0.013094571132628382,0.10766128608493845,3.7669997939418938,1170,1
463,325.80299999999966,23.872000000000355,13.647913302282234,0.06826910702795554,0.032075923,0.021394545,0.0008136396,0.1791922,0.17837857,0.028300479,0.0004577266,0.2704331494355097,0.14681753520373694,0.021555388643300536,-251.48846,78.27153,6126.4326,0.014887136,14.500704,210.2704,26.82439,52.1191,2716.4006,0.007242482,10.246955,105.00009,-40.1007,37.33592,1393.9707,-0.0043085157,7.644808,58.44309,8.219057,30.278784,916.80475,0.0053411876,5.59058,31.254587,-27.764252,20.060303,402.4157,-0.00021187523,3.834715,14.705038,-13.261925,15.536519,241.38342,-0.004190609,2.9609787,8.767395,-25.83077,15.073432,227.20836,-0.003818386,2.7515428,7.570988,-10.471918,14.387377,206.99661,0.000799396,2.7061098,7.3230305,-17.818026,12.212553,149.14645,0.00067067845,2.2487898,5.057056,-2.651846,12.766139,162.9743,0.0012927399,2.444921,5.9776382,-17.903275,9.345436,87.33717,0.00020937437,1.671375,2.7934945,-1.5467672,9.910915,98.22624,-0.00077330664,1.9122925,3.6568627,-18.552217,9.969973,99.40036,-0.0023954513,1.8979748,3.6023088,2655.59036751993,1065.8105323987345,1135952.0909720738,1678.879943566037,300.9555703436277,90574.25532085824,4475.335005261713,1293.0054089136147,1671862.9874798642,23.598869111178807,9.806376459360186,96.16501926269362,0.05913838,0.07510458,0.005640698,180.9463312684048,84.02729850355949,76.44550209132854,1670.8421328729137,1594.3966307815851,170.6259238017108,13.060574286435013,0.5730234260090571,0.49760491885322083,174,1.8724310237216588,0.13719540229885216,0.148390432436299,0.96,23.872000000000277,-1.1655043e-05,-3.613885e-06,1926,1176.0189,82469.11,0.011426415431835566,0.08388880353945821,2.7225040898948167,887,0
464,466.2079999999996,46.67212500000045,9.989002857936987,0.0910000655611298,0.032758612,0.022983516,0.0006859143,0.18940565,0.18871973,0.028595097,0.00052824203,0.29246002722774206,0.13502515189677425,0.01823179164474696,-246.05766,92.20718,8502.163,0.009657523,18.385489,338.0262,26.455444,52.791744,2786.9683,0.002251672,10.746216,115.48116,-36.277264,34.949272,1221.4517,-0.00021144771,7.107989,50.523506,14.927094,24.699171,610.049,0.0037271325,4.842631,23.451075,-19.437801,21.649105,468.68378,0.0028698673,4.2168307,17.781662,-15.189356,18.000828,324.02982,-0.0011645508,3.606166,13.004432,-17.347181,16.828419,283.19565,-0.0019187108,3.136776,9.839363,-17.542902,16.38327,268.41153,-0.001398284,3.2257683,10.405581,-17.394821,12.155961,147.76738,-0.0010454775,2.3392172,5.4719367,-5.5940924,11.439124,130.85356,0.0006309273,2.1895149,4.793976,-22.307198,11.934728,142.43771,0.00054537616,2.2778153,5.188442,3.894245,12.01128,144.27084,-0.0016169364,2.3695247,5.614647,-23.674809,10.944712,119.786705,-0.0023983703,2.0798595,4.3258157,2776.743360858907,973.4267443503475,947559.6266165167,1720.504981523587,292.61375374364826,85622.80887994841,4607.043630677565,1282.4784639037316,1644751.010376875,23.179129773905675,9.864332211388179,97.30504997663041,0.07412535,0.08249436,0.00680532,145.63867180711642,115.78530978907787,66.93519325188251,1437.8455988521675,1370.910405600285,132.33275396903284,10.474962696612753,0.1987147491765214,0.7935577538708485,407,1.1454741986597674,0.11455528255528387,0.08968805488770312,0.5760000000000218,46.624000000000535,-1.0405567e-05,-4.8446796e-06,3020,479.2419,30375.986,0.013997497268608133,0.11993801030160249,4.27706088269614,1994,0
468,417.2479999999992,66.90187500000081,6.2367159928369444,0.13818422446148687,0.028594479,0.023060808,0.0006165809,0.2574205,0.25680393,0.022801764,0.0005318009,0.2627982291494547,0.13068080725414202,0.017077473384594217,-255.19597,76.07407,5787.2646,0.013327721,13.74122,188.82115,26.358208,50.798042,2580.441,0.002689815,9.958427,99.17027,-28.63901,29.759066,885.602,-0.0026878854,5.93085,35.17498,9.590708,25.89375,670.4862,0.00089063385,4.905791,24.066782,-24.627289,21.89229,479.2724,0.0018670013,4.2310395,17.901695,-8.040761,17.080736,291.75156,-0.0013209844,3.2396505,10.495336,-26.430508,15.138794,229.18307,-0.0032451039,2.8506663,8.126298,-13.695472,15.751349,248.10501,0.0004361278,2.8919222,8.3632145,-14.765347,12.617027,159.18938,0.001128213,2.3514895,5.529503,-5.9733863,12.372697,153.08362,0.0013185279,2.2160723,4.910977,-12.831534,11.184909,125.10218,-0.0013020472,2.1335657,4.5521026,-4.852649,8.749265,76.54964,-0.001913429,1.6406995,2.691895,-10.629743,8.906406,79.32408,-0.0013624901,1.6217433,2.6300514,2685.740357073971,978.7563429557454,957963.9788761046,1744.2420698910207,256.9557294062796,66026.24687471318,4638.379874421679,1173.998441892186,1378272.3415652807,22.82317954226733,9.56387938775778,91.46778894357813,0.07190557,0.077755,0.0060458393,163.86002916783713,77.11739284810307,66.54967490706109,1405.0051599877036,1338.4554850806426,155.56349186104043,14.518517997032292,0.41460674154563076,0.8427142524822504,408,1.0226666641601287,0.1639215686274509,0.14472906982510939,1.024000000000001,66.87999999999997,-1.1463518e-05,-3.7902541e-06,2434,820.07697,64854.91,0.01322478396965802,0.10647615560304655,4.433813942787032,1850,0
471,508.51199999999955,82.87806250000045,6.1356645959759515,0.14014111456260808,0.029493075,0.023031032,0.0008393529,0.25710818,0.25626883,0.023851078,0.0005304284,0.2667697303565148,0.11765348289499686,0.013842342037323319,-254.92374,82.59566,6822.042,0.010185229,14.870288,221.12547,27.735714,53.670475,2880.52,0.00383012,10.375068,107.64202,-36.87767,32.313324,1044.1509,-0.0018758071,6.203509,38.483524,9.263281,29.689253,881.4518,0.0013666567,5.173971,26.769976,-22.62549,23.808407,566.8402,0.0006910821,4.310648,18.581688,-15.695805,19.427565,377.4303,-0.0018477881,3.7790098,14.280915,-19.812355,15.248826,232.5267,-0.0017639694,2.7508109,7.566961,-13.637358,14.165985,200.67513,-0.0016060573,2.6258936,6.8953166,-20.97489,11.686478,136.57376,0.00047198302,2.1745179,4.7285275,-2.0304964,11.562484,133.69104,0.0022710878,2.081271,4.331689,-12.627798,11.834148,140.04706,0.0008784894,1.998885,3.9955413,-2.2852292,10.66124,113.66203,-0.0008312329,1.904821,3.6283433,-15.2832365,9.700564,94.10095,-0.0009226673,1.6517926,2.728419,2622.464546368111,839.3814423739508,704561.205801774,1721.2999863440216,307.7610506000461,94716.86426644413,4460.531677804232,1236.606220393538,1529194.9443159916,22.853419466438552,9.525606013459361,90.73716992365314,0.06518261,0.07500697,0.0056260456,175.02232503919473,160.69390627576914,72.15494574405967,1864.6550460723593,1792.5001003282996,141.8307339283537,6.135280876752556,0.27173854227196914,0.9858129802443205,583,0.8722332746616918,0.14210634648370377,0.15847067899259618,1.3760000000000332,82.84799999999929,-1.1095848e-05,-4.1596686e-06,3024,667.9455,97958.41,0.01538609001977991,0.09809601923370125,2.8730885406834084,1461,0
472,333.88799999999986,57.38006250000012,5.8188851603484055,0.14665153637475872,0.03338735,0.02709956,0.00070650503,0.30239096,0.30168447,0.026923377,0.00073438615,0.27676582274032957,0.16304534485230524,0.02658378447800714,-267.58887,79.40511,6305.172,0.0108778095,14.342512,205.70764,5.700343,55.51762,3082.2063,0.0037678827,10.528725,110.85404,-29.776333,35.464645,1257.7411,-0.00038778153,6.864843,47.12607,-5.939556,26.156693,684.1726,0.0006593917,4.7850437,22.896643,-28.911388,18.502434,342.34006,-1.156295e-05,3.471308,12.049979,-18.977385,17.83837,318.20743,-0.0005579222,3.318045,11.009422,-21.04838,15.484567,239.77182,0.00020495067,2.9199586,8.526158,-7.9332385,12.664771,160.39642,-0.0008499836,2.2647552,5.129116,-16.001123,13.331632,177.73239,-0.0013661508,2.4725788,6.113646,-6.0137095,10.0585785,101.174995,0.0012795943,1.8227253,3.3223274,-14.090807,9.808749,96.21156,-0.00031098284,1.768837,3.1287842,-8.778055,10.733767,115.21375,-0.0013092966,1.9733032,3.8939257,-12.338455,9.418795,88.71369,-0.0012865787,1.6034023,2.5708988,2884.384686154219,1076.186681358924,1158177.7731343342,1849.0671149951704,288.4016427611585,83175.50754733487,4950.972537414132,1265.2418623458063,1600836.9702322846,23.595050910773143,9.773850935523848,95.5281621098404,0.06476389,0.07888903,0.0062234784,331.0466311029329,153.99033631370847,98.56656061031477,2045.2002330457979,1946.633672435483,300.528856485967,6.0862773985631655,0.530013084680241,0.9303084889531458,364,0.9172747227547394,0.157538461538461,0.1825964329112679,1.0880000000000223,57.3439999999998,-1.2629615e-05,-2.6297203e-06,1865,2895.292,179740.05,0.011660396881468511,0.061959491886516525,2.5547488978340054,853,0
473,85.72299999999998,8.512000000000015,10.07083998227912,0.09032737305672006,0.028908791,0.022581853,0.00060089125,0.15837447,0.15777358,0.023878476,0.0005099401,0.2824183931982173,0.13396204367730502,0.01794582914620018,-264.41028,92.81472,8614.572,0.06644896,16.068401,258.1935,19.123302,44.500145,1980.2628,-0.044514008,8.75799,76.702385,-43.406006,42.24159,1784.3519,0.019457124,8.463594,71.63244,6.983138,28.523323,813.57996,0.00028052824,5.565941,30.979696,-38.69381,24.60925,605.6152,0.002471769,4.742614,22.492386,-9.697311,15.449266,238.67984,0.0039425744,2.9436438,8.665039,-30.077133,18.248262,332.99905,-0.0054341205,3.267021,10.673426,-5.2803965,13.748517,189.02173,0.00023119138,2.5032315,6.2661676,-20.058168,13.586291,184.58731,-0.0011329304,2.657027,7.059793,-7.0221806,10.994741,120.884346,0.01211043,2.0975847,4.3998613,-21.965939,10.594798,112.24975,0.0034785583,1.9560606,3.8261733,-5.581384,10.08296,101.666084,0.00045987504,1.9321679,3.7332728,-15.39109,9.02021,81.36419,-0.006137475,1.6482368,2.7166846,2796.39744456849,951.6455984528217,905629.345054629,1686.8507239445812,305.1945237328176,93143.69731650133,4658.738327674024,1171.0364611094185,1371326.3932476705,22.896209397506162,9.685120964613533,93.80156809919657,0.067376785,0.07733467,0.0059806514,260.3382034834456,201.11129478194252,112.57112811964524,1388.867299316009,1276.2961711963637,218.73289323986043,5.240020226335743,0.2916808148415345,0.5730354963654694,54,1.587462933565501,0.16060377358490546,0.1702941228805236,0.5760000000000005,8.51199999999999,-1.208444e-05,-3.181128e-06,662,1083.5573,56938.082,0.01444390551915828,0.09436801383309651,3.8146121810949225,327,0
474,404.31999999999977,55.265000000000214,7.316022666859234,0.1202497905719295,0.019676574,0.015951619,0.0,0.11791877,0.11791877,0.01590799,0.00025445415,0.26407265113703615,0.13824759042636914,0.019112396258697113,-315.23282,99.854126,9970.847,0.009421311,16.78375,281.69427,26.835127,57.285343,3281.6104,0.0035641782,11.348565,128.78993,-38.031338,37.35651,1395.5088,-0.00076244294,7.3809104,54.477837,10.656837,28.478802,811.0421,0.0040674834,5.2699685,27.772566,-31.456964,27.718786,768.3311,0.0015060058,5.4008255,29.168919,-7.9622216,15.860076,251.542,-0.0035800966,3.0561604,9.3401165,-24.422716,16.456997,270.83273,-0.0035873945,2.9369736,8.625814,-20.805254,16.979792,288.31335,-0.002094091,3.262246,10.642248,-14.341796,13.102343,171.67137,0.0023961475,2.457113,6.037404,-10.294893,14.967894,224.03784,0.0019671672,2.8211439,7.9588532,-11.677652,11.945811,142.70241,0.00021399063,2.1763892,4.7366695,-4.399962,9.517328,90.57953,-0.0006341197,1.7753568,3.1518915,-13.964265,10.195103,103.94011,-0.0013805241,1.8069082,3.2649174,2655.666208122096,1056.056317404446,1115254.94552984,1649.8896913949557,332.9277170003654,110840.86474707542,4497.035568822669,1255.8988738905066,1577281.9814394426,22.849999321538018,8.98281466371161,80.6909592825923,0.07364115,0.12849228,0.016510265,166.2261834971258,112.43917566194679,65.7852866955572,1446.174953670991,1380.3896669754338,149.39896882100535,9.532866616483451,0.2851075680369625,0.6832250834992439,314,1.2876433080011351,0.17646006389776445,0.3329479410841879,5.47199999999998,55.23200000000027,-1.3538355e-05,-1.5393211e-06,2253,796.95795,115818.68,0.012803363131121199,0.0941279643670337,4.219430154333204,1706,0
475,179.3279999999999,24.7319375000001,7.250867132796693,0.12119937800137816,0.022307264,0.016667644,0.0006205629,0.14099853,0.14037797,0.019404529,0.00027781032,0.2914278731182374,0.13037091729307837,0.01699657607583868,-284.048,86.6772,7512.937,0.004207973,16.28261,265.1234,31.346403,61.462204,3777.6023,0.00520986,11.9934,143.84164,-45.74513,37.339996,1394.2753,0.0018270593,7.507869,56.368095,3.595689,25.686455,659.794,0.001144088,4.9533005,24.535185,-29.14609,20.947943,438.81628,0.002951503,4.1657777,17.353703,-5.618205,14.160656,200.52419,-0.00083565887,2.6645033,7.0995784,-32.533897,15.48108,239.66385,-0.0055532763,2.7222812,7.410815,-12.545734,12.920604,166.942,-0.0030354941,2.3585622,5.562816,-16.29833,11.443547,130.95477,-8.271843e-05,2.1403081,4.580919,-12.230706,11.345407,128.71825,0.0039397185,2.1618466,4.673581,-14.365868,9.986243,99.72506,0.0030949668,1.8099645,3.2759714,-2.610026,9.095722,82.73217,-0.0017360199,1.7216734,2.964159,-18.673384,9.495544,90.16536,-0.0028704777,1.7513412,3.067196,2645.6192178930132,1042.8920901720294,1087623.9117433843,1616.073225459789,305.9345863641539,93595.97113380594,4434.099106162773,1307.0525490832208,1708386.3660649452,21.814595971157544,9.137876590579408,83.50078858465913,0.07494827,0.092223145,0.008505109,223.69973518034422,298.8787548324303,66.54967490706109,1875.4568828661324,1808.9072079590715,161.9823763910578,4.744549212277924,0.20918927392046585,0.6860729338408231,140,1.2809142765648973,0.1757714285714287,0.17072602709174306,1.2479999999999905,24.60800000000002,-1.2634891e-05,-2.6190949e-06,1181,344.66537,20657.86,0.018824701085827657,0.10328944856937887,3.9034618129907233,700,0
476,166.4670624999999,29.08800000000008,5.722877364450016,0.14874582957932925,0.031628445,0.03045111,0.0017667452,0.2565113,0.25474456,0.022343952,0.0009272701,0.30244997034522253,0.13760014355202418,0.01893379950553766,-250.96939,74.72001,5583.08,0.037838295,13.430868,180.38823,12.214427,56.313885,3171.2537,0.016533814,11.061605,122.35911,-21.836882,27.92928,780.0447,-0.0020517872,5.3472886,28.593494,0.5677435,24.288874,589.94934,-0.0036838972,4.632143,21.45675,-17.19563,18.370205,337.46442,-0.000827916,3.473767,12.067057,-12.7829895,16.55491,274.06506,-0.006048769,3.1597688,9.9841385,-26.900068,13.092156,171.40456,-0.00480694,2.4301407,5.905584,-13.507672,13.4992695,182.23029,-0.0051478855,2.4839447,6.1699805,-22.389898,10.992882,120.84346,0.0043978924,1.9574267,3.8315194,-4.260316,12.856426,165.28769,0.007596403,2.3509126,5.5267897,-19.77913,8.55548,73.196236,0.0016871787,1.548333,2.397335,-5.222936,8.135161,66.180855,-0.0003083027,1.5396866,2.3706348,-15.15521,7.2905936,53.152752,-0.0049369503,1.3194274,1.7408885,2976.9441486345786,965.2119788357537,931634.1640880315,1910.2279588062424,300.3262190221225,90195.83783212389,5236.452112647251,1097.4117635492107,1204312.5787761887,22.587341256552865,10.236562709818255,104.78721611204165,0.09050228,0.08743341,0.007644602,173.8816774531213,134.6099012534751,95.76056196257365,1488.5511143913498,1392.7905524287762,153.77669275969214,8.633009342869338,0.3365510470653548,0.9818206572892993,192,0.8670159460051249,0.15229319371727737,0.15828054457630167,1.1840000000000046,29.087999999999976,-1.1086151e-05,-4.149847e-06,1271,1131.1726,72622.875,0.014769425622650994,0.10628976949171286,3.6703957577193407,611,0
477,599.3189374999996,163.45600000000036,3.666545944067225,0.2142912567837225,0.01430646,0.013818196,0.0,0.1342324,0.1342324,0.0106221335,0.00019094255,0.286544708266036,0.1407077039194764,0.019798657942291034,-355.05298,96.80249,9370.723,0.008846058,16.089914,258.8853,10.178662,51.160732,2617.4207,3.8255794e-07,9.980357,99.60752,-42.586067,43.318974,1876.5334,-0.0017298685,8.6883,75.48656,-3.3124132,28.053864,787.0192,0.001687131,5.5050225,30.305271,-28.091219,20.481316,419.48425,-0.00052014325,3.8384316,14.733558,-16.509247,18.511963,342.69275,-0.00261948,3.4628973,11.991658,-24.845943,15.618416,243.9349,-0.000789594,2.8073187,7.881038,-6.1514773,12.017891,144.4297,-0.00028945925,2.2160344,4.910809,-15.310085,12.073214,145.76248,-2.0567351e-05,2.2352831,4.996491,-4.0043387,10.111865,102.24981,0.00022537063,1.892545,3.5817266,-15.809709,10.309862,106.29327,0.00018551471,1.9293824,3.7225165,-4.000773,10.319598,106.4941,-0.0005471963,1.9557714,3.8250418,-9.20145,7.964234,63.429024,-0.0012546079,1.4597304,2.1308126,2780.5764036915693,1109.6701421528887,1231367.8243856123,1656.6921867938745,377.6812638176595,142643.1370389045,4550.183603746277,1416.5520159014902,2006619.6137545758,22.096772395834765,8.616711033213345,74.2477090299006,0.083987646,0.14251256,0.02030983,273.4508125444104,126.26386800230304,111.9227661312955,2057.0479574677915,1945.125191336496,248.37216905734888,9.942524601511632,0.3471074380019672,1.1615483892324399,886,0.6764322086044778,0.18448758465011306,0.3165742941331517,5.567999999999984,163.45600000000016,-1.4260045e-05,-7.417655e-07,3609,339.2344,22005.164,0.012056855458231097,0.08342764725927856,4.538484986551926,2720,0
478,321.7919999999999,81.55500000000006,3.9457053038353793,0.20219562808202385,0.017798217,0.018274222,0.0,0.14243972,0.14243972,0.012013131,0.0003339472,0.2944204231331813,0.12807657374632164,0.016403608742596963,-349.33102,103.95364,10806.36,0.013621135,17.069818,291.37872,-6.1086335,41.014847,1682.2175,-0.001142265,7.5591354,57.14053,-60.70242,48.33461,2336.2346,0.0009364188,9.569141,91.568474,8.296299,28.693787,823.33344,0.0031415483,5.3080945,28.175865,-44.218513,27.560278,759.569,-0.006005915,5.183864,26.872446,-9.182017,19.29705,372.3762,-0.0021766291,3.491157,12.188177,-29.32913,15.824021,250.39964,-0.002048202,2.6703293,7.130658,-2.8759356,13.343047,178.0369,2.8334909e-05,2.513708,6.318729,-9.611186,13.578119,184.36533,-0.0011479668,2.479221,6.146538,-6.0716033,9.909351,98.19525,0.0016230271,1.848442,3.4167378,-13.0425825,11.184163,125.08551,-0.00010783382,1.970208,3.8817198,-1.7851977,9.095088,82.720634,-0.0021041026,1.6964223,2.8778489,-9.372941,9.822058,96.47281,-0.0010920306,1.7995831,3.2384994,2842.442911776556,955.825450733272,913602.2922694626,1532.0580876972197,404.7132902387022,163792.84729583602,4542.990132883776,1314.4366314634117,1727743.658132881,22.40041272237321,7.406095807836439,54.85025511485248,0.088802256,0.17207937,0.029611312,316.866585073978,124.38935795272144,208.85526660911424,1780.4502149313835,1571.5949483222691,285.30470202322215,6.236962802919846,0.3365331217503742,1.145415733847035,462,0.6965194790118624,0.17648484848484855,0.37683177833666176,6.399999999999999,81.53600000000003,-1.4387778e-05,-4.2515958e-07,1796,460.95322,36683.95,0.009629724382274525,0.07888379415642571,3.813022076372316,1227,0
479,214.77599999999995,15.32800000000006,14.012003261221025,0.06661335743837594,0.031846095,0.022105178,0.0023970657,0.17390025,0.17150319,0.027625281,0.0004886389,0.27842936265818385,0.13098929685549285,0.01715819589069643,-219.79071,70.133446,4918.7,0.017910147,13.466421,181.3445,38.285526,49.093334,2410.1555,0.0100356545,9.88103,97.63475,-23.191044,24.784178,614.25543,0.0013450407,4.8776155,23.791132,-0.89804226,23.232018,539.7266,0.0030376678,4.411885,19.46473,-22.256779,21.15698,447.6178,0.003047505,4.087488,16.707558,-9.871931,12.729171,162.0318,0.00058781856,2.4073944,5.7955475,-29.255236,14.055085,197.54543,-0.0038744425,2.6058345,6.7903733,-6.9767857,10.872362,118.20825,-0.0054926737,2.0764503,4.3116465,-21.684544,9.749774,95.05809,-0.00032571744,1.7513049,3.0670688,-6.3481846,9.987373,99.747635,0.004371497,1.8794332,3.532269,-10.463885,10.518542,110.63974,0.0022506071,1.9599155,3.8412688,-0.6272234,9.013452,81.24231,-0.0025783107,1.6473397,2.713728,-12.257273,7.2251463,52.202736,-0.0025223328,1.3498433,1.8220769,2639.0763753777514,944.9760085383114,892979.6567129988,1856.5425682064695,255.30988860912095,65183.13922160174,4802.972031010986,1192.7548031173944,1422664.0203596144,21.74495845488638,9.856631682008281,97.15318811476939,0.09366859,0.093373634,0.008718635,155.56222717587903,184.0507767748123,65.40639132514966,1479.9776908465376,1414.571299521388,128.565497341737,6.259320165407464,0.1931581142826925,0.4172026561902444,96,2.2372499766953124,0.16134736842105282,0.13416045133943755,0.5440000000000111,15.328000000000017,-8.085923e-06,-7.175236e-06,1294,1246.6876,146097.45,0.023732451644214468,0.1311775887348351,2.9100085670652223,625,0
482,416.8959999999994,88.60387500000058,4.705166622733261,0.17527971693366015,0.02542004,0.022853497,0.00073703635,0.2558702,0.25513315,0.019036796,0.0005222824,0.29893510362924924,0.11641398576261552,0.01355221608113845,-267.6396,84.541534,7147.271,0.015690489,15.79714,249.54964,14.522661,51.292057,2630.8752,0.001547355,10.419988,108.57614,-23.705536,29.149286,849.6809,-0.0021734857,5.630836,31.706316,8.020896,29.741253,884.5421,0.00077035633,5.638877,31.796932,-24.952318,21.219776,450.27893,-0.00016875562,4.2094445,17.719421,-13.311174,18.160612,329.80786,-0.0025755244,3.460045,11.971911,-21.378883,16.332481,266.74994,-0.0014960519,2.9822764,8.893973,-13.341103,15.313592,234.50609,0.00027011146,2.9964724,8.978847,-15.810906,10.688404,114.24199,0.0017785305,2.0002685,4.001074,-2.7323818,14.215494,202.08026,0.002358219,2.6174889,6.851248,-17.936811,9.135925,83.46513,0.00017520555,1.7458313,3.047927,-0.91356915,9.192707,84.50587,-0.0002971478,1.7600216,3.097676,-17.253418,10.307061,106.23552,-0.0021382961,1.9814794,3.9262607,2961.3503086576934,850.1639289549405,722778.7060961012,1872.2049765628697,288.0097250639062,82949.60173138684,5078.106701430652,1062.69025411105,1129310.5761826083,22.780944397405616,10.126604245482122,102.54811354461656,0.07915462,0.069828235,0.004875982,170.88652276180466,123.70498802614593,66.54967490706109,1396.9129257320158,1330.3632508249548,153.77669275969214,9.417332191157588,0.17155156041200534,1.1493573564187332,581,0.7175490521212571,0.15245438898451022,0.14032688688549466,1.0880000000000223,88.57600000000043,-1.1735112e-05,-3.528291e-06,3102,457.7924,22188.139,0.015564168930872221,0.1386340792659237,4.370394534848026,1822,0
483,654.1759999999992,174.3238125000007,3.7526485158035885,0.2104089945101837,0.01659899,0.015237222,0.00030684314,0.13959597,0.13928913,0.012669947,0.00023217296,0.2931768414337994,0.147403739512413,0.021727862422243307,-334.29007,101.77391,10357.929,0.002066757,18.467402,341.04492,16.245218,51.667225,2669.502,-1.4700088e-05,9.656263,93.24342,-45.10686,37.85153,1432.7383,0.0009185775,7.2958026,53.228737,1.2190728,28.886858,834.45056,0.0018261011,5.450889,29.712193,-23.872957,22.459558,504.43173,0.0004966868,4.3184795,18.649267,-11.767404,16.479292,271.56708,-0.00015912065,3.0382721,9.231098,-24.288961,15.376105,236.42462,4.34452e-06,2.7767375,7.7102714,-11.09235,14.881922,221.47159,0.0002602237,2.7232351,7.416009,-12.163758,12.892355,166.21281,5.5174245e-05,2.400216,5.761037,-7.109641,11.659775,135.95035,0.0007654822,2.0903337,4.3694954,-13.229924,9.949912,99.000755,-0.00025831704,1.8111167,3.2801435,-6.158447,10.219081,104.42962,0.0002902488,1.9087487,3.6433218,-14.164735,10.456699,109.34255,-0.001080141,1.8569266,3.4481764,2776.0436622598254,994.7786365277481,989584.5356920055,1690.6326073316882,300.8926321543565,90536.37608477687,4591.280814279093,1317.396844426078,1735534.4457037877,22.308967392977745,9.043914822418348,81.79239531515829,0.0841184,0.09739369,0.009485531,221.0295375817123,98.08732262806565,126.35681904967383,1396.9129257320158,1270.556106682342,199.42369775418427,8.157848749421765,0.3401568112340135,1.1092338056503785,919,0.7118346020545862,0.18952774755168741,0.20712433656379964,1.8240000000000691,174.17600000000073,-1.3964475e-05,-1.2955277e-06,3612,419.08478,32936.574,0.012036201409533839,0.08959655897916233,3.275876828254174,2143,1
484,468.22400000000005,81.26612499999999,5.761613393506664,0.1478936950868771,0.021351092,0.01715606,0.0009236854,0.20459053,0.20366685,0.016946826,0.0002943304,0.2805777175871331,0.12529773387003393,0.015699522112965845,-296.08386,72.782265,5297.258,0.004833051,14.016054,196.44977,5.2577066,37.69543,1420.9454,0.00055123854,7.0678964,49.95516,-43.97455,35.83551,1284.1837,0.0013690235,7.1262546,50.7835,8.86164,27.065811,732.5581,0.0044022882,4.9787016,24.787468,-30.751299,19.09591,364.65372,-0.0011182497,3.670761,13.474487,-16.2391,17.548058,307.93433,-0.0020082826,3.0815573,9.4959955,-27.22051,15.087325,227.62737,-0.0011710917,2.8170943,7.9360204,-13.217372,13.699215,187.6685,-0.0009779743,2.4928203,6.2141533,-11.42121,14.510448,210.5531,-0.0008058474,2.7222314,7.4105434,-11.403468,11.3437605,128.6809,0.00038216633,2.1106634,4.4549003,-17.120325,10.081324,101.633095,0.001396482,1.8188769,3.3083131,-3.385444,9.758166,95.22181,-0.0006664678,1.8130957,3.2873158,-12.965865,8.220178,67.57132,-0.0018802437,1.512898,2.28886,2789.4430669354956,780.4726009513839,609137.4808358182,1730.6585397840743,269.83928041165126,72813.23725307775,4635.108661629397,1053.240704891535,1109315.9824404174,23.902490798948534,9.186141374972363,84.38519336097916,0.06844878,0.08144435,0.0066331825,260.3130474139771,78.02756098221832,85.3129619008554,1549.971937529221,1464.6589756283654,244.1052838549259,9.478399652803567,0.5419869554774058,0.9790894786325778,538,0.8703048310960878,0.15129981378025986,0.15132256622937904,1.343999999999994,81.24799999999955,-1.3628526e-05,-1.6356084e-06,2476,1517.121,67461.33,0.008878712640476013,0.07409471036392129,2.806349097867687,1314,0
485,184.80393749999988,11.296000000000134,16.360120497510376,0.05760328200002682,0.03863342,0.024074927,0.0011624527,0.17811604,0.17695358,0.034875378,0.00057960214,0.2847260462555066,0.11641916917192384,0.013553422950681022,-223.09247,69.18642,4786.76,0.020094033,13.192756,174.0488,18.36596,45.794575,2097.143,0.0062890532,9.140589,83.55036,-50.121075,36.199875,1310.431,-0.002946807,7.3846,54.532322,3.6279802,28.964767,838.95776,0.009589212,5.7170753,32.68495,-38.248634,20.255507,410.28552,0.00675559,4.019183,16.153831,-9.859598,19.519762,381.02112,-0.0052377963,3.8920915,15.148376,-26.533619,14.466841,209.28949,-0.010813493,2.8615477,8.188456,-21.883015,16.720335,279.5696,-0.005705608,3.348197,11.210423,-15.237049,10.772681,116.05066,0.001630945,2.0535197,4.2169433,1.2592176,12.75856,162.78085,0.0020188019,2.3666577,5.601069,-15.843293,8.5097065,72.41511,-8.690044e-06,1.6561774,2.7429237,-2.4638977,9.269214,85.91832,-0.0025514045,1.8482162,3.415903,-16.97856,9.163274,83.96559,-0.0036677434,1.7511909,3.0666695,2726.1737017048235,875.9020193323704,767204.3474705243,1635.2343133598472,310.41816730615153,96359.43859370989,4448.831885299396,1201.7814729233444,1444278.708661803,23.744599923208405,9.75499555334913,95.1599382458613,0.0664988,0.07513775,0.0056456816,189.75999365136298,110.20951361044283,149.39896882100535,1437.8455988521675,1288.4466300311622,177.66631669600923,10.59069865709995,0.4157285037664009,0.45894966182740365,90,2.0533770605180313,0.12551111111111013,0.11638186613657645,0.5760000000000218,11.295999999999912,-1.2276404e-05,-2.9891482e-06,1208,977.85535,79721.75,0.009361218963007303,0.11806061466543916,3.68498641972929,681,0
486,237.55412499999997,24.256000000000057,9.793622823481885,0.09264729543977741,0.03814377,0.028086722,0.00072195794,0.21138196,0.21066,0.03247077,0.000788864,0.30434286247632,0.15295697886963688,0.023395837384926548,-244.8265,85.90449,7379.581,0.02704987,15.352394,235.696,16.020174,61.359795,3765.0242,-0.0003965448,12.291525,151.08159,-26.699318,42.581398,1813.1754,0.003429935,8.440137,71.235916,-5.4012218,28.32291,802.18726,0.006316078,5.3835354,28.982452,-26.387053,19.855457,394.23917,0.0016676078,3.717739,13.821585,-17.994654,20.276102,411.12033,-0.0025652617,3.8833857,15.080684,-25.174028,16.191772,262.1735,-0.0036971285,2.9081187,8.457154,-13.818024,14.813346,219.43523,0.0015907406,2.805848,7.8727818,-20.305252,12.746297,162.4681,-0.0020713299,2.403973,5.779087,-7.8351765,12.690929,161.0597,0.003570657,2.3635318,5.586283,-19.3594,10.245087,104.96179,-0.0003932262,1.9055904,3.6312747,-6.8241396,9.667837,93.46707,-0.0014002231,1.7319311,2.9995852,-16.187002,9.150428,83.73032,-0.0036604365,1.6798662,2.8219504,2973.2193514272703,1178.7947903283205,1389557.157705189,1808.3551055118207,403.4169039728529,162745.198411042,4970.721744377903,1503.0436317130602,2259140.1588331857,23.39687971724724,10.519229522530305,110.65418974767313,0.06800876,0.07330259,0.0053732693,212.91640680647345,115.29385521245901,65.40639132514966,1388.867299316009,1323.4609079908594,201.15991849391767,9.0436052949289,0.3236372524659451,0.5920321072380221,155,1.5326072481767272,0.15649032258064693,0.23217005357563944,1.8559999999999945,24.256000000000274,-1.2154986e-05,-3.1076474e-06,1545,1200.3572,171203.58,0.017242254861675126,0.09699331347320372,3.182432635088951,756,0
487,548.3839999999999,29.925937500000146,18.32470517173579,0.05174723026439459,0.025979,0.01723247,0.0012492277,0.13693976,0.13569054,0.02269701,0.00029695802,0.2677225587720633,0.14152742823560285,0.020030012942983715,-278.18466,66.58567,4433.652,-0.009705655,12.521135,156.77882,8.518127,47.492268,2255.5156,0.0018034172,9.594693,92.058136,-29.54707,31.537285,994.60034,-0.0011478477,6.438275,41.45138,-7.3123937,30.487154,929.4666,-0.0020280997,5.975468,35.70622,-29.314222,16.408194,269.22882,-0.001058489,3.2201145,10.369137,-25.172102,18.40779,338.8467,0.00061778753,3.5820014,12.830734,-30.363708,15.105489,228.17578,-0.00073764124,2.816661,7.9335785,-8.19171,11.708682,137.09323,-0.0006859369,2.1735325,4.724243,-22.078362,10.879469,118.36285,0.00019666112,2.02858,4.115136,-1.3499768,12.209068,149.06136,0.0004431144,2.3087633,5.3303876,-25.993824,9.460265,89.49661,0.00051164103,1.7703878,3.134273,-3.0795665,8.495517,72.1738,-0.0011641091,1.5984964,2.5551908,-18.741484,8.036939,64.592384,-0.0010307864,1.4748893,2.1752982,2833.164777733833,946.6880146465295,896218.1970753876,1885.6625731625877,258.76816846021666,66960.96500825507,5074.260032230399,1079.9798514170584,1166356.4794668115,23.933769818194442,9.809951005337831,96.23513872712873,0.06311075,0.07562129,0.0057185795,260.9438599386852,64.31422598648955,113.22324603078411,1651.6508741412117,1538.4276281104276,251.2581146483697,13.06091816905204,0.5871742377808237,0.3856063773761453,223,2.4591210652057347,0.13463063063062908,0.1028761109145337,0.4800000000000182,29.887999999999654,-1.3086402e-05,-2.168354e-06,3274,2524.8586,110864.88,0.011383947718449122,0.07600007574687398,3.262312540117874,1789,0
488,395.86593750000003,26.623999999999967,14.868762118060337,0.06301688546132526,0.024809787,0.018022645,0.0,0.1951754,0.1951754,0.020819938,0.00032481577,0.3021920621733697,0.13697419988375084,0.018761931433793726,-261.12207,74.28961,5518.947,0.014120357,12.406949,153.93239,5.7751245,42.416107,1799.1261,0.006318839,8.153719,66.48313,-34.578873,33.78999,1141.7634,-0.0020137527,6.4719667,41.886356,-6.417808,25.442774,647.3348,0.0022386461,4.685776,21.956501,-33.323917,20.09839,403.9453,0.001681364,3.6733656,13.493614,-10.587823,18.0335,325.20715,-0.0034305465,3.2749856,10.72553,-26.241915,14.143405,200.0359,-0.0020517847,2.5556011,6.5310974,-3.2954023,11.960717,143.05875,-0.0002157611,2.1406534,4.582397,-16.96744,11.678193,136.38019,0.0004936822,2.1538415,4.639033,-4.1016493,9.317527,86.81631,-0.0014525478,1.730171,2.9934916,-18.419638,9.596202,92.08708,0.00082470494,1.7496934,3.0614269,-7.254125,9.1080265,82.956154,-0.0022010757,1.6909902,2.8594477,-12.671928,9.209988,84.823875,-0.0025918041,1.6922816,2.863817,2953.977980987505,923.7653888208051,853342.4935832534,1843.5399795156761,291.82080138751274,85159.38012245017,5093.355321707188,1062.8134907094122,1129572.516033926,23.28329228751381,9.750163831907763,95.06569474904228,0.087218955,0.112724066,0.012706715,292.97094024541747,132.68888946983856,110.63722351746388,2068.9643150591514,1958.3270915416877,260.1187129259726,7.462336563167055,0.4489131257707405,0.4899524973893609,207,1.9123958240947063,0.12924271844659943,0.26278096257461103,3.5519999999999925,26.62399999999948,-1.2030702e-05,-3.1015202e-06,2365,1270.7317,70988.2,0.011711672534170279,0.08015930162155471,3.511289727977669,1390,0
489,142.39999999999984,26.41006250000015,5.391884044504438,0.1564483900359918,0.026354373,0.021228662,0.00031993038,0.15898542,0.1586655,0.022984982,0.00045065608,0.32444067919588704,0.13785046979323407,0.01900275202221534,-287.2366,109.846725,12066.303,-0.006734899,18.918442,357.90747,13.668097,53.794365,2893.8335,0.00088930456,10.46215,109.45657,-42.105778,38.860157,1510.1119,0.0043173265,7.7644997,60.287453,11.868468,30.06183,903.7137,0.0029886262,5.5231338,30.505005,-37.896572,28.708302,824.1666,0.004257542,5.50549,30.310417,-4.7058506,13.805359,190.58794,-0.002885075,2.486722,6.1837864,-28.185715,14.6036415,213.26634,-0.004229052,2.6709647,7.1340528,-16.430294,18.40974,338.91855,-0.0001910718,3.5603933,12.6764,-11.566064,11.5169935,132.64114,0.0025372251,2.2390008,5.013125,-10.335993,14.668138,215.15427,0.0046601114,2.6682374,7.1194916,-8.865588,11.345434,128.71889,-0.0004058781,2.1210577,4.4988856,-4.7647586,10.020325,100.40691,-0.00033013435,1.962731,3.8523128,-16.569244,10.598011,112.31784,-0.0026647258,1.8873063,3.5619252,2983.380720343308,984.9319976102705,970091.039916558,1650.3015159427523,294.34870159323754,86641.15812962479,4758.834225739196,1135.024670210325,1288281.001986057,22.658371853871596,9.36903082798782,87.77873865578611,0.07769862,0.09007566,0.008113624,164.08544085461855,203.12291786020018,85.3129619008554,1680.5212228823332,1595.2082609814777,127.82501456536235,5.894247997218582,0.1866944654687842,0.8530297179411329,144,0.9888888820216039,0.18266666666666695,0.3028956549338036,2.0799999999999983,26.30400000000004,-1.2355327e-05,-2.891783e-06,963,391.13666,31510.727,0.01420190443859812,0.10280232544828306,3.3286516853932624,474,0
490,157.91999999999985,27.980125000000157,5.644006034854845,0.15051159863394475,0.018455423,0.016515406,0.000422411,0.13321923,0.13279681,0.013964465,0.00027275865,0.26522664317986233,0.11369581394234751,0.012926738108012903,-307.15088,93.81367,8801.004,0.032702982,15.983611,255.47581,32.88298,49.160595,2416.764,0.015921347,9.780203,95.65237,-53.230133,40.891407,1672.1072,-0.008765661,8.062969,65.011475,14.340867,25.538435,652.2117,0.00072109926,4.708763,22.172451,-32.85994,25.418089,646.0793,0.0012054712,4.8445344,23.469513,-6.3260098,14.551196,211.7373,-0.0022626538,2.8511834,8.129247,-25.402458,13.390301,179.30016,-0.0049997475,2.4618979,6.0609407,-15.975877,14.5212755,210.86745,-0.0018347945,2.5964608,6.741609,-16.395271,11.460666,131.34685,-0.00033110194,2.2383518,5.0102186,-6.693752,11.735837,137.72987,0.0040177866,2.124783,4.514703,-15.899454,8.998471,80.97248,0.0019324551,1.6656859,2.7745094,-6.3218493,8.573078,73.49767,-0.0032918828,1.5690953,2.46206,-15.238153,8.22016,67.57102,-0.0058881305,1.5139738,2.2921166,2575.9289764223226,830.9016286176296,690397.5164394294,1582.590363529707,331.4947428296416,109888.76452369022,4316.119836488812,1176.675144138785,1384564.394834031,21.971309315400855,8.749130383665248,76.5472824703744,0.07213448,0.08657731,0.0074956305,172.33412225109944,158.42107028290826,105.64102395561046,1388.867299316009,1283.2262753603984,133.87038650376502,6.52538230880283,0.2874354560606823,0.8499187399685718,158,0.9994936645601658,0.17814012738853385,0.20262005039707512,1.4719999999999942,27.967999999999815,-1.2481993e-05,-2.7780247e-06,1100,589.90814,31829.318,0.012766411175255786,0.09681516016860368,3.6284194528875418,573,0
491,118.36799999999958,295.2120000000004,0.40095930923892026,0.7137966052517056,0.0040012263,0.00663627,0.00013146877,0.12111751,0.120986044,0.0022806667,4.4040076e-05,0.29267204122340423,0.1393571070978461,0.01942040329868055,-464.29562,82.161896,6750.5776,0.006130919,13.898491,193.16805,18.470459,40.338085,1627.161,-0.0024969294,7.317458,53.545197,-15.259606,31.80392,1011.4894,0.0024665543,5.9157853,34.996517,-3.2417512,28.337772,803.0293,0.0022235047,5.0743847,25.749378,-18.60492,19.50302,380.36774,0.0009251046,3.51862,12.380687,-7.9287324,16.511528,272.63055,-0.0027311924,3.0316505,9.190905,-22.014936,15.520298,240.87964,-0.0015128767,2.7742643,7.696543,-1.8629951,12.897342,166.34143,0.0014492614,2.2799542,5.1981916,-15.252471,13.529835,183.05643,-0.0023730372,2.5024848,6.2624307,-5.018774,12.06849,145.64845,0.0023476896,2.081209,4.331431,-7.824188,10.001697,100.03394,-0.00015823187,1.8115294,3.2816386,-4.6021066,10.641114,113.23331,-0.00075093063,1.9222448,3.695025,-8.620341,10.623486,112.85844,-0.0026163363,1.9421654,3.7720065,2907.5209257544648,877.95428526821,770803.7270208135,1927.9824304702036,249.44519720249514,62222.90640739168,5184.519463249517,999.1529827977281,998306.6830335972,21.090557324577684,7.24651646393114,52.512000862025076,0.092378035,0.09059371,0.008207221,240.8542346519055,110.56436086057084,80.0609250563203,1396.9129257320158,1316.8520006756955,218.73289323986043,6.751810825929831,0.4128433268539386,1.1340006770153297,469,0.2523837947710358,0.6290831556503188,0.8127561807146277,6.368000000000023,295.0399999999995,-1.4967805e-05,-2.9127665e-07,2011,153.35414,8565.323,0.00845852005703788,0.07461667808346503,10.230805623141425,1211,0
492,426.8120000000002,49.407999999999845,8.638519902879729,0.10375036747721608,0.020288276,0.016537732,0.00094022107,0.14270772,0.1417675,0.015969316,0.00027349655,0.2771324523753528,0.13804204110939125,0.019055605113646863,-299.44727,77.66088,6031.212,0.0015123078,15.439724,238.38509,17.470642,43.104122,1857.9653,0.0020292138,8.4738865,71.80675,-25.415888,39.75089,1580.1332,0.0024603521,8.085442,65.37437,6.916157,25.755465,663.34393,0.0019068024,4.89971,24.007158,-29.01719,17.751097,315.10144,0.0007125812,3.4199085,11.695774,-19.503407,17.335518,300.52017,-0.0008373932,3.2165287,10.346057,-33.11151,15.810631,249.97604,-0.002862184,2.910676,8.472034,-5.787898,12.753301,162.64668,-0.0023056448,2.3857172,5.691646,-18.350456,12.936566,167.35475,-0.0007825061,2.4293633,5.9018064,-8.674933,9.938509,98.77396,0.00094627874,1.8387493,3.3809988,-11.607605,9.038852,81.700836,-0.00081305,1.7081877,2.9179053,-8.220349,10.757801,115.73028,-0.0006895566,2.0205283,4.0825343,-6.727995,8.918868,79.5462,-0.00079576205,1.6885438,2.8511803,2797.0922002239595,936.2533914115133,876570.4129295604,1838.2375695681526,300.41236412113886,90247.58851685173,4889.064284874345,1148.1380553951826,1318220.9942466316,23.281282807588365,9.562315169776946,91.4378714061463,0.07003087,0.07934116,0.0062950193,228.95423343276263,78.7577688578064,97.43442710125966,1405.0051599877036,1307.570732886444,214.97519305553408,11.226754235466977,0.4809837387124725,0.793750787451178,378,1.129132272145153,0.13070899470899347,0.11176745024812917,0.6400000000000006,49.40799999999953,-1.3063065e-05,-2.1953672e-06,2593,1184.1676,59774.406,0.010722758187721029,0.09357020341393774,2.8654302128337523,1223,0
