participant_id,phase,speech_duration,silence_duration,speech_to_silence_ratio,silence_ratio,rms_mean,rms_std,energy_min,energy_max,energy_range,energy_median,energy_var,zcr_mean,zcr_std,zcr_var,mfcc_1_mean,mfcc_1_std,mfcc_1_var,mfcc_delta_1_mean,mfcc_delta_1_std,mfcc_delta_1_var,mfcc_2_mean,mfcc_2_std,mfcc_2_var,mfcc_delta_2_mean,mfcc_delta_2_std,mfcc_delta_2_var,mfcc_3_mean,mfcc_3_std,mfcc_3_var,mfcc_delta_3_mean,mfcc_delta_3_std,mfcc_delta_3_var,mfcc_4_mean,mfcc_4_std,mfcc_4_var,mfcc_delta_4_mean,mfcc_delta_4_std,mfcc_delta_4_var,mfcc_5_mean,mfcc_5_std,mfcc_5_var,mfcc_delta_5_mean,mfcc_delta_5_std,mfcc_delta_5_var,mfcc_6_mean,mfcc_6_std,mfcc_6_var,mfcc_delta_6_mean,mfcc_delta_6_std,mfcc_delta_6_var,mfcc_7_mean,mfcc_7_std,mfcc_7_var,mfcc_delta_7_mean,mfcc_delta_7_std,mfcc_delta_7_var,mfcc_8_mean,mfcc_8_std,mfcc_8_var,mfcc_delta_8_mean,mfcc_delta_8_std,mfcc_delta_8_var,mfcc_9_mean,mfcc_9_std,mfcc_9_var,mfcc_delta_9_mean,mfcc_delta_9_std,mfcc_delta_9_var,mfcc_10_mean,mfcc_10_std,mfcc_10_var,mfcc_delta_10_mean,mfcc_delta_10_std,mfcc_delta_10_var,mfcc_11_mean,mfcc_11_std,mfcc_11_var,mfcc_delta_11_mean,mfcc_delta_11_std,mfcc_delta_11_var,mfcc_12_mean,mfcc_12_std,mfcc_12_var,mfcc_delta_12_mean,mfcc_delta_12_std,mfcc_delta_12_var,mfcc_13_mean,mfcc_13_std,mfcc_13_var,mfcc_delta_13_mean,mfcc_delta_13_std,mfcc_delta_13_var,spectral_centroid_mean,spectral_centroid_std,spectral_centroid_var,spectral_bandwidth_mean,spectral_bandwidth_std,spectral_bandwidth_var,spectral_rolloff_mean,spectral_rolloff_std,spectral_rolloff_var,spectral_contrast_mean,spectral_contrast_std,spectral_contrast_var,spectral_flatness_mean,spectral_flatness_std,spectral_flatness_var,pitch_mean,pitch_std,pitch_min,pitch_max,pitch_range,pitch_median,pitch_skew,voiced_ratio,speaking_rate,speech_segments,avg_segment_duration,pause_mean,pause_std,pause_max,pause_total,harmonic_energy,percussive_energy,onset_count,hnr_mean,hnr_std,jitter,shimmer,articulation_speed,word_count,label
302,phase1,68.9478125,0.0,68947812.5,0.0,0.023879038,0.016592238,0.0057040933,0.148795,0.1430909,0.020120947,0.00027530236,0.3539746773491879,0.10603515933316913,0.011243455014810565,-215.38544,51.18667,2620.075,-0.017694121,9.134145,83.43261,10.201673,32.309784,1043.9222,-0.011233406,6.1337986,37.623486,-26.851896,19.03536,362.3449,-0.00064812944,3.8077948,14.499302,5.40769,18.461658,340.83282,0.016963465,3.4075224,11.61121,-23.996738,11.967971,143.23233,0.0122342035,2.230494,4.9751034,-10.050472,11.199421,125.42703,0.0046517425,2.1879277,4.787028,-20.83804,8.73785,76.35002,-0.005773664,1.6125968,2.6004682,-5.0852456,10.340908,106.93438,0.004916422,1.9459716,3.7868054,-24.586292,7.9709196,63.535557,0.005356879,1.4703424,2.1619067,-0.6445852,8.299937,68.88896,0.006053406,1.6126561,2.6006598,-17.59604,8.283782,68.62104,0.0026130208,1.4596493,2.1305761,1.6302242,6.916771,47.84172,-0.0010878881,1.3255172,1.7569959,-16.331558,6.5708327,43.175842,-0.001928593,1.2236078,1.4972161,3121.557401811648,652.8304411030417,426187.58483079204,1945.4902602373975,189.7476014551379,36004.15225797785,5468.9022621809745,758.8019353816113,575780.377138879,21.916727614251798,10.305942840499856,106.21245783165024,0.14708802,0.09068663,0.0082240645,143.22125961487757,12.33518974280352,115.86971395503193,194.86885420251932,78.99914024748739,141.8307339283537,0.7989689037565019,0.18515081197904837,0.014503723377735879,1,68.94774355225645,0.0,0.0,0.0,0.0,-6.595684e-06,-8.491383e-06,365,515.06934,29298.379,0.011607507250769866,0.11699986746366413,2.741203718392081,189,0
302,phase2,68.947875,0.0,68947875.0,0.0,0.0240709,0.015682425,0.0060907085,0.10877163,0.10268092,0.020178793,0.00024593846,0.3568794409802784,0.09735594306427559,0.009478179649934469,-212.07524,48.733543,2374.9583,0.0096057225,8.8187685,77.770676,7.112535,27.793547,772.48126,0.007321812,5.2625294,27.694214,-26.426712,18.787893,352.98492,-0.001109529,3.6666553,13.444361,9.048159,18.902077,357.28848,-0.007402402,3.6977918,13.673664,-22.17181,11.884859,141.24988,-0.010296839,2.3180597,5.373401,-9.622555,11.594648,134.43587,-0.008275231,2.206911,4.8704567,-21.081682,8.937577,79.880295,-0.002258276,1.6923667,2.8641052,-4.5639005,10.069947,101.40384,-0.0042995615,1.9067646,3.6357512,-23.711033,7.8578825,61.746315,-0.0010503465,1.4901495,2.2205455,-1.4591573,7.7385707,59.88548,-0.005949155,1.5036603,2.2609942,-18.058294,8.335377,69.47851,-0.009914246,1.547019,2.3932679,0.698106,6.8018723,46.265465,-0.0006188636,1.3473183,1.8152667,-17.139658,6.227886,38.786564,0.0075925635,1.2048542,1.4516736,3156.2919204459777,590.8154086350562,349062.8470806084,1947.4250018108385,183.8459648310545,33799.338784661326,5497.386165893271,705.8141685126002,498173.6404731331,22.207263281826435,10.348925917451195,107.10026764489305,0.14668137,0.08607838,0.0074094874,145.16592079580997,11.419276417264996,116.54094037952247,194.86885420251932,78.32791382299685,145.14587018501834,0.5258335852697485,0.3025522040359387,0.014503710230373308,1,68.94780605219395,0.0,0.0,0.0,0.0,-6.8375393e-06,-8.6164955e-06,403,544.7189,26442.092,0.010223170579235588,0.12336458476988217,2.9007420460746616,200,0
302,phase3,71.03725,0.0,71037250.0,0.0,0.02454128,0.017884204,0.0060458784,0.18983,0.18378413,0.020066865,0.00031984475,0.3603790558136261,0.10311384958887135,0.010632465977036385,-213.9241,48.750076,2376.5698,-0.050861727,8.925216,79.65948,6.438512,29.371258,862.67084,-0.029094294,5.6268826,31.66181,-26.552217,19.411045,376.78867,0.012258963,4.061718,16.497555,6.9630833,18.12447,328.4964,-0.0035269042,3.44441,11.86396,-24.456047,12.810292,164.10358,0.002170634,2.424575,5.878564,-9.234953,11.568636,133.83333,0.011105772,2.3774378,5.6522107,-19.81023,9.077445,82.40001,0.006547585,1.6799922,2.8223739,-3.9373267,10.953252,119.97373,0.01157486,2.0461624,4.18678,-22.398308,8.31387,69.12044,0.004433585,1.5532748,2.4126625,-2.2029543,7.5004554,56.25683,0.00032896522,1.4972947,2.2418914,-18.75519,7.9866343,63.786324,-0.004146061,1.4314625,2.049085,-0.39703128,6.313868,39.86493,-0.0072064633,1.2112036,1.4670141,-16.447662,6.497185,42.213413,-0.0031168864,1.2152739,1.4768907,3172.08215143391,629.1543959654999,395835.2539627131,1937.5046989903,192.65325098374612,37115.27511460628,5478.987190315315,742.0986855960624,550710.4591634035,22.253013067500508,10.323326376425204,106.57106747419634,0.14557888,0.090239845,0.008143229,147.53263669452596,12.896409679523105,113.22324603078411,189.3213161937526,76.0980701629685,146.8323839587038,0.5153097592752933,0.2864864863574385,0.014077121510193595,1,71.03717896282105,0.0,0.0,0.0,0.0,-6.7484516e-06,-8.466008e-06,350,551.04535,28416.188,0.009471113665049097,0.111295064077033,3.068812489222204,218,0
303,phase1,184.1028749999999,28.064000000000107,6.560107911911747,0.13227324010875924,0.015571057,0.012579098,0.0016277736,0.08458177,0.082954,0.01305868,0.00015823371,0.30752727777201777,0.1459303890221137,0.02129567844014544,-311.196,61.82228,3821.9944,0.015213889,10.202878,104.098724,12.701061,34.39287,1182.8698,-0.0045062895,6.509053,42.36777,-30.832449,28.826794,830.984,-0.01009249,5.8331714,34.025887,-5.0906186,24.726849,611.41705,0.0058369194,4.67012,21.810019,-26.506113,17.834286,318.06177,0.0029872365,3.479485,12.106816,-19.318388,15.334677,235.1523,-0.005891742,2.7596564,7.615704,-25.503065,12.159199,147.84612,0.0017596189,2.335389,5.4540415,-7.0627217,11.735904,137.73143,0.005348034,2.0839274,4.3427534,-16.010052,9.160482,83.91444,0.0019794237,1.7715113,3.1382523,-9.364726,7.913745,62.627357,-0.0021016719,1.4141264,1.9997534,-18.838163,7.195073,51.769077,-0.0014295053,1.3057817,1.7050658,-6.0325036,7.014874,49.208454,-0.00070379337,1.3111087,1.719006,-12.248415,6.4218574,41.240253,0.003987449,1.2020811,1.444999,2945.3559344169475,958.9829042874835,919648.2107156568,1916.2561419941017,243.79328176126708,59435.16423192856,5116.428753204645,1192.730164199865,1422605.2445922368,22.507218138609392,9.370514677678166,87.80654532458193,0.10526282,0.10214841,0.010434299,271.2640471386515,90.89094520495028,102.63362906904881,1454.5525599514124,1351.9189308823636,255.6500291307247,8.61460757456694,0.5275222439258751,0.579732345117493,123,1.4967713292945413,0.23003278688524584,0.22617517998174363,1.248000000000001,28.063999999999993,-1.20920695e-05,-3.1539635e-06,1150,796.6539,51790.16,0.011660972257130142,0.08534453752569097,3.264479166878846,601,0
303,phase2,177.0239999999998,35.14293750000019,5.037256631229027,0.1656381428421202,0.019128239,0.01657454,0.0016259395,0.11713457,0.11550863,0.015522997,0.00027471536,0.3021064059908008,0.14458860892180414,0.020905865829942416,-299.38788,66.42489,4412.266,-0.020437162,11.519478,132.69838,16.976643,36.630962,1341.8275,-0.009813661,6.8590136,47.04607,-36.728954,33.401756,1115.6774,0.0045895595,6.590487,43.43452,-6.578763,25.723648,661.70605,0.010852313,4.8881435,23.893946,-28.64919,19.713213,388.61078,0.0027463478,3.8245068,14.626852,-18.260921,15.451767,238.7571,-0.007097983,2.924828,8.554619,-23.177301,12.638087,159.72125,-0.0025756075,2.4567692,6.035715,-7.79245,13.092344,171.40948,0.003688524,2.2928238,5.257041,-15.054238,9.812396,96.28312,-0.00079717237,1.8557744,3.4438987,-8.508004,7.403055,54.805225,0.00026535618,1.3848037,1.9176812,-20.402205,7.573235,57.353886,0.0017913535,1.359087,1.8471174,-2.185397,7.3974404,54.722126,-0.001952352,1.2984446,1.6859584,-11.483795,6.991556,48.88186,-0.0011009292,1.2337289,1.522087,2841.56835015569,987.8769168006479,975900.8027475543,1831.928062012075,292.54587021044955,85583.08617718918,4869.281122756749,1309.7447812882087,1715431.3921116975,22.683763247119074,9.281118304622881,86.1391569844059,0.09694478,0.100985676,0.010198107,260.792417255737,36.64561384296232,179.73069985652097,482.60299106563536,302.8722912091144,255.6500291307247,1.602101136760752,0.5038455737439533,0.7305568050629944,155,1.1420903152123192,0.22815584415584428,0.21693347265176638,1.0559999999999832,35.13600000000002,-1.2115774e-05,-3.1686654e-06,1060,747.76196,41600.875,0.012363530937612421,0.09402377968547836,3.739605929139556,662,0
303,phase3,174.68799999999996,43.90825000000004,3.978477758086967,0.20086460769569486,0.018268386,0.015609321,0.0012465704,0.13495182,0.13370524,0.014974926,0.00024365091,0.3089545292374122,0.13476404154169586,0.018161346892651923,-301.127,69.833435,4876.7085,-0.029955639,11.696785,136.81477,11.236657,35.318707,1247.411,0.0005847199,6.6960864,44.83757,-38.28757,32.939865,1085.0347,0.003421583,6.4966383,42.20631,-1.9572235,24.727322,611.4404,0.008575627,4.7392325,22.460325,-29.70317,19.460308,378.7036,0.0043093543,3.6974907,13.671438,-16.426176,15.4955435,240.11186,0.0008339452,2.7526963,7.5773373,-24.562752,12.665345,160.41096,-0.0007737387,2.3890476,5.7075486,-10.104572,13.312023,177.20996,0.0011128186,2.252283,5.072779,-14.798397,10.001718,100.03436,-0.00240724,1.9264046,3.7110348,-11.021635,9.134876,83.44597,0.0018155475,1.5903732,2.5292866,-17.881315,7.8048534,60.915737,0.0021706065,1.3336756,1.7786906,-0.94369924,7.240999,52.432068,-0.002226511,1.358751,1.8462045,-14.720882,6.619757,43.821186,-0.002117913,1.2195594,1.4873253,2911.631942236593,910.5397359337005,829082.6107142131,1826.7926208695976,277.24485549211954,76864.70989684625,4941.096357216042,1219.623279150153,1487480.943044972,22.488790586712952,8.99101205221354,80.83829772304914,0.103745885,0.10380332,0.01077513,274.9631029941495,49.52400446352572,82.40688922821748,587.329535834815,504.92264660659754,266.19869962824436,1.9013210191973433,0.43384074935101863,0.6724726522069797,147,1.1883537334125593,0.2989589041095892,0.23405797422311836,1.0560000000000116,43.648000000000025,-1.226213e-05,-2.9946732e-06,1122,664.30426,46910.715,0.011685243879621112,0.09673890571954884,3.984246198937535,696,0
304,phase1,70.30399999999992,49.353937500000086,1.4244861126939201,0.41245853414446565,0.019054385,0.021536615,0.0017867921,0.3100254,0.3082386,0.012425477,0.00046382574,0.28336501504010697,0.12257798346309663,0.015025362029879192,-293.96277,58.214424,3388.9192,-0.008261945,10.165061,103.32847,19.322094,25.876104,669.5728,-0.004678525,4.7385025,22.453407,-34.694706,29.864567,891.8924,0.002665431,5.42546,29.435616,-0.030699313,20.830025,433.8899,0.0007406199,3.7670214,14.19045,-20.91961,15.408351,237.41728,-0.00013064982,2.9214609,8.534933,-22.51905,15.174807,230.27477,0.0029990533,2.7035437,7.3091483,-20.133156,10.208533,104.21416,0.0034038434,1.7748082,3.1499438,-0.24152581,11.082526,122.822395,0.0011439533,2.0735867,4.2997622,-14.337624,8.046153,64.74058,-0.000936166,1.4892353,2.2178216,-5.135581,7.257714,52.67441,0.0004647863,1.3582752,1.8449115,-16.670622,6.75274,45.5995,2.6424046e-05,1.2084365,1.4603188,-3.0315516,7.0082054,49.114944,-0.0027600187,1.2413231,1.5408832,-12.096061,5.73809,32.92568,-0.0013358293,1.0686257,1.1419609,2752.247454691789,713.1121845561655,508528.9877624667,1884.7734148513177,287.8298770102476,82846.03809973429,4940.384776069519,1206.9665264816865,1456768.1960472676,22.18834916698364,8.903483100748394,79.27201132531223,0.10915766,0.1100956,0.012121041,290.41689861250876,58.518149758993836,126.35681904967383,564.0553960451207,437.69857699544684,273.209858100989,1.5469072112174487,0.5144385025362465,1.5460737821926773,185,0.3800216195674503,0.2656864864864862,0.2942932699473504,2.0160000000000053,49.151999999999944,-1.0477525e-05,-4.789604e-06,547,1423.8208,102788.19,0.010346633272893613,0.08214111057988523,3.328402366863909,234,0
304,phase2,98.44199999999987,21.216000000000136,4.639988469080447,0.17730532016246414,0.027831832,0.027683666,0.0018332684,0.18132748,0.1794942,0.017947404,0.0007663854,0.27674632352941175,0.11460996957595014,0.013135445126200216,-268.8768,64.72788,4189.6987,0.047199972,11.270641,127.02736,18.734283,29.20224,852.7708,0.011719028,5.215368,27.20006,-43.649742,33.764072,1140.0126,-0.008419244,6.3690033,40.5642,3.3776977,22.958336,527.08514,0.0041935346,4.3037505,18.522268,-31.117096,18.47021,341.14862,-0.008150877,3.4418366,11.846239,-22.79449,15.044969,226.35109,-0.0030523383,2.5859156,6.686959,-22.09647,11.111597,123.4676,0.0020109208,1.9774356,3.9102514,-5.768116,14.015197,196.42575,-0.008259139,2.5444255,6.4741015,-16.315903,9.176532,84.20873,-0.0021344046,1.642442,2.6976156,-5.7669196,8.489017,72.06341,-0.0031163534,1.5324063,2.3482692,-18.902807,7.41281,54.949753,-0.0031713916,1.3716393,1.8813944,-2.73038,7.926972,62.836884,0.004081668,1.3967658,1.9509548,-14.737029,6.511176,42.395416,-0.0020993042,1.2224332,1.494343,2669.483366480489,707.969347093738,501220.5964243336,1774.7622258296456,310.4901251446805,96404.11781235937,4627.431483957219,1225.5918516022741,1502075.3867138908,22.628561400079114,8.925881501099813,79.67136057167583,0.09340923,0.10193931,0.010391624,288.7396799132702,57.50396179756235,188.23090565017245,797.6947910167371,609.4638853665647,275.58617649730814,3.9759120847864207,0.5045454544105493,0.7855722141436428,94,1.0472553080079208,0.22570212765957462,0.19019675309817982,0.7040000000000006,21.216000000000015,-1.0227781e-05,-5.038331e-06,646,1679.371,181027.7,0.010608121421969511,0.0843301928431407,4.611852664513121,454,0
304,phase3,87.5839999999999,35.7000000000001,2.453333264612504,0.2895752895752904,0.018421356,0.020095129,0.0024244739,0.18547307,0.18304859,0.011696489,0.0004038142,0.2939179393492084,0.12249826741680188,0.015005825520118306,-293.5106,58.534164,3426.2483,-0.007462449,9.892142,97.85448,14.393837,25.406372,645.48376,-0.01977661,4.6039515,21.19637,-37.963753,30.067907,904.07904,-0.005507324,5.515419,30.419846,1.2231059,19.356459,374.67252,-0.0010669974,3.6872509,13.595819,-26.132511,15.840984,250.93678,0.0018739776,2.9184017,8.517069,-18.169313,14.147546,200.15306,0.0057385843,2.5247347,6.3742857,-25.720444,10.955404,120.02089,0.0015173818,1.9512833,3.8075068,-1.6813226,11.416725,130.34161,0.002621132,2.1415021,4.586032,-15.905384,8.638959,74.631615,0.0006813086,1.6387899,2.6856325,-3.305686,7.123786,50.74833,0.0020449301,1.3432784,1.8043969,-20.886362,7.5319295,56.729965,0.0023459184,1.3572844,1.8422209,-3.0932374,7.324973,53.655228,0.0010856645,1.3512343,1.8258342,-14.420732,5.810581,33.762856,-9.6375436e-05,1.0948483,1.1986928,2822.838136517749,690.5273523424198,476828.02433303243,1858.7713973891127,267.8890085809289,71764.52091847298,4969.439397871788,1105.0192011830097,1221067.434983137,21.938713502185397,8.658696005030846,74.97301650753714,0.117347576,0.11127815,0.012382826,307.29028618387895,81.5312633885337,119.95585059317834,859.9007722221364,739.9449216289581,280.40333801023763,2.6356470218972032,0.44484817014148764,0.9895850231984685,122,0.7179016334598219,0.2924958677685955,0.258117057305752,1.2480000000000047,35.39200000000005,-1.0283799e-05,-4.959828e-06,611,1247.744,108610.34,0.01098815935867458,0.08423344206484207,3.2083485568140335,281,0
305,phase1,274.2399999999998,94.86162500000023,2.8909477052396206,0.25700679318331426,0.023516918,0.023657355,0.0020315656,0.23242983,0.23039827,0.017012719,0.00055967044,0.14771068690398786,0.04842329927299841,0.0023448159124823684,-285.41705,64.028946,4099.7056,-0.0018983204,10.70615,114.62164,87.260666,27.09755,734.2772,0.0013624963,5.084796,25.855152,-41.676685,29.581913,875.08954,8.684943e-05,5.3560658,28.687443,-1.8706757,23.325544,544.081,-6.1975355e-05,4.0846686,16.684517,-24.777996,18.79013,353.069,0.0016468652,3.3492258,11.217314,-14.29352,11.355159,128.93962,0.00034494494,2.032432,4.1307797,-24.148872,14.720106,216.68152,0.00039416694,2.5539298,6.5225577,-17.480415,11.972152,143.33243,0.0011475012,2.0906627,4.370871,-10.010804,10.198789,104.01528,0.0004097944,1.8494009,3.4202838,-12.968349,10.275804,105.59213,-0.00030455834,1.8106865,3.2785857,-8.866946,10.559255,111.49786,-9.788927e-05,1.8496321,3.4211392,-2.8460062,8.584493,73.69352,-0.0009930242,1.4719887,2.1667507,-18.402987,8.765503,76.834045,0.00075696904,1.5759138,2.4835043,1780.0949760730905,445.09921395186245,198113.31026056584,1549.7845873821263,354.39024764341076,125592.447624758,3363.4028229302126,1095.2957067325476,1199672.685186751,22.289958075617406,8.63328397239885,74.53359214807885,0.034701526,0.041628778,0.0017329551,190.18415161582806,143.4232884468041,65.40639132514966,1040.4748517038904,975.0684603787407,159.19961611844158,4.200013109203814,0.23077589941649104,0.8832255886166851,326,0.8412269912845791,0.28947239263803715,0.27247773169290007,1.4720000000000084,94.36800000000011,-9.066045e-06,-6.1941105e-06,1244,2657.5403,790409.6,0.023739126425175294,0.1605128014682963,3.5589264877479607,976,0
305,phase2,272.90968749999996,96.19200000000006,2.8371349453474806,0.2606111086934547,0.023631686,0.024301907,0.0019162449,0.20538221,0.20346597,0.016462145,0.00059058267,0.1489250193026658,0.05033981264873431,0.0025340967375096705,-288.06406,67.06128,4497.215,0.011083774,10.959348,120.10731,88.80731,29.39573,864.1089,0.008252027,5.394036,29.095625,-40.67453,29.86069,891.66077,-0.0030388955,5.3345113,28.457008,-2.2531238,24.455755,598.084,-0.0039929617,4.2920527,18.421719,-22.207634,16.98436,288.46848,-0.0018308158,3.1315734,9.806752,-14.001826,11.628647,135.22543,-0.00047165732,2.130092,4.537292,-22.71183,14.383427,206.88297,-0.0017644785,2.4439855,5.9730644,-16.965616,11.960431,143.05191,-0.001586921,2.0713003,4.2902846,-11.367727,9.783643,95.71966,0.0013755868,1.808414,3.270361,-13.467214,9.899107,97.992325,-6.0267008e-05,1.7963458,3.2268584,-8.318587,10.25229,105.109436,0.00029664175,1.8177145,3.3040857,-2.9156053,8.264475,68.30155,0.0015115243,1.4574938,2.124288,-17.441109,8.2352495,67.819336,0.00082756457,1.5245969,2.324396,1780.7295147018303,470.38688858824065,221263.8249557259,1553.0446465056298,376.76049746672993,141948.4724513778,3344.9535381447768,1167.7469266565518,1363632.8847158218,22.199782557075064,8.711076158926017,75.88284784660927,0.03643604,0.042496473,0.0018059503,164.96284729812734,98.56015881116262,65.40639132514966,1028.5239787338962,963.1175874087465,152.89100418265707,6.025600828118385,0.23146944081218296,0.7613078171039247,281,0.9712088488569078,0.3423202846975089,0.26897569757779805,1.2479999999999905,96.19200000000001,-9.096787e-06,-6.1417086e-06,1388,1115.241,275492.78,0.02277176216513958,0.1573771890757598,4.202855569207305,1147,0
305,phase3,249.69599999999977,130.59062500000024,1.9120514821638064,0.34340052059417087,0.023712456,0.025688225,0.0021005487,0.3115909,0.30949035,0.016053395,0.00065988494,0.14810752804453467,0.05102787600885873,0.0026038441299754606,-285.2877,67.705414,4584.023,-0.0050160186,10.951976,119.94578,88.56097,29.032444,842.8828,-0.008914375,5.537298,30.661669,-38.824825,29.791096,887.50934,0.0029848274,5.35127,28.636095,-3.2322397,23.550512,554.6266,0.0059642424,4.2236204,17.83897,-22.166155,18.130457,328.71347,0.00012631579,3.296855,10.869252,-15.49557,11.232031,126.15851,-0.0034777808,2.0564408,4.228949,-20.73332,14.109715,199.08406,7.12183e-05,2.3537877,5.540316,-15.792324,11.672115,136.23828,0.002552152,2.0226743,4.0912113,-10.9799595,8.898458,79.18255,-4.9783663e-05,1.6950669,2.873252,-12.174623,9.741392,94.894714,-0.0012974782,1.7893838,3.2018943,-8.071258,9.829097,96.61114,-0.0023273535,1.764551,3.1136405,-3.1186829,7.869905,61.935402,-0.0011333296,1.3935486,1.9419777,-14.891174,7.4706755,55.81099,-0.0012485773,1.3983573,1.9554032,1778.8856016564941,475.48365178359074,226084.70311345896,1563.2793121053444,373.58051339164746,139562.39998596688,3348.00729973073,1172.890296948567,1375671.648676098,22.086800333878788,8.791325548388633,77.2874048977507,0.03728786,0.044166204,0.0019506536,159.1754408232014,38.503616080448715,65.7852866955572,403.4817790100553,337.6964923144981,156.46466200170096,1.0583049072464379,0.19185459439651173,1.0939117303954615,416,0.6002307677879063,0.3129060240963845,0.34010882501822404,2.687999999999988,129.85599999999957,-9.102591e-06,-6.1706446e-06,1307,1701.459,573058.4,0.026143790522744695,0.15915170668842535,4.685697808535183,1170,0
307,phase1,229.91999999999956,48.529062500000464,4.737779454573595,0.17428344726425668,0.0256815,0.023900539,0.0013341084,0.20892942,0.20759532,0.019149072,0.0005712357,0.18023121929585154,0.08363443444467078,0.006994718624879934,-291.2261,65.77286,4326.069,0.0016835098,11.584202,134.19374,59.355118,26.580147,706.5042,0.0029425856,5.052332,25.526056,-48.721256,38.888844,1512.3422,0.002326583,7.527988,56.670605,7.460747,24.184149,584.87305,0.00035281345,4.266432,18.202438,-29.895498,19.818998,392.7927,0.0008050162,3.7527432,14.083082,-23.338745,15.640805,244.6348,-0.00021675958,2.6838589,7.2030983,-26.338667,13.0682955,170.78033,-0.0012946808,2.3275344,5.4174166,-12.611956,11.993592,143.84625,-0.000660267,2.1017032,4.4171567,-9.017269,11.238464,126.30308,9.6356394e-05,2.0642185,4.260998,-17.392635,9.631913,92.77375,0.0010339553,1.680894,2.8254046,-12.586945,9.282424,86.1634,0.000456274,1.5847389,2.5113974,-5.226402,9.094026,82.7013,-0.00024540993,1.6515504,2.727619,-9.478632,8.157008,66.53679,-0.00041866934,1.465783,2.1485198,2090.011936695672,635.8833603030539,404347.64791030344,1602.8815193616606,395.63467993089455,156526.79996402137,3809.5480923925534,1190.1520568573117,1416461.9184416896,23.289734902259198,7.715836573180445,59.53413402402895,0.03342712,0.047370523,0.0022439666,298.83732835603274,85.3929690196142,125.62905732418486,1052.5645871289155,926.9355298047307,278.7883336231537,3.2979103696580245,0.5772236266861384,0.8942389597738365,249,0.9233734902675745,0.19444176706827393,0.2132454456791544,1.343999999999994,48.41600000000021,-1.0563098e-05,-4.689774e-06,1137,3305.5652,245444.89,0.011514866109702282,0.13061733228047648,2.94450243562979,677,0
307,phase2,243.15306249999972,35.296000000000305,6.8889691639570625,0.12675927037822332,0.026398007,0.02299138,0.0016021586,0.19803539,0.19643323,0.019809239,0.00052860356,0.179823065099977,0.08294260084396098,0.006879475034760635,-284.29837,61.131744,3737.0903,0.028835565,11.106273,123.34929,60.654125,27.289408,744.71173,-0.0013945866,5.2473025,27.534184,-47.542404,38.284996,1465.741,-0.012200478,7.6636944,58.73221,7.4258294,25.659239,658.39655,0.0056331535,4.5763125,20.942636,-31.348331,20.824457,433.65802,-0.0066130166,4.0003567,16.002855,-24.02406,15.394892,237.00269,-0.0026521229,2.690386,7.238178,-26.509047,13.393151,179.3765,-0.0038036504,2.4701264,6.1015244,-14.179583,12.217774,149.274,-0.00023165705,2.193459,4.8112626,-8.318171,11.929496,142.31288,0.0033460713,2.1813138,4.75813,-16.599154,9.8612385,97.244026,-0.0028956165,1.7541397,3.0770059,-11.626082,9.2698145,85.92946,0.00045703718,1.7439002,3.041188,-3.9275908,9.150824,83.737564,0.0021357248,1.6750528,2.8058016,-8.818545,8.377056,70.17507,0.0007106752,1.5031269,2.2593904,2084.9322778806686,646.3893356050324,417819.1731839152,1603.2157528328185,402.2445887210053,161800.70915533073,3803.3812270167778,1225.1322532286251,1500949.0379010479,23.41847624863524,7.986067849532625,63.77727969733864,0.032916788,0.046467382,0.0021592176,293.3914771134375,98.31672308345776,158.2826938011902,1040.4748517038904,882.1921579027003,263.1411467822288,3.2861276633556336,0.5713629050136333,0.8080472528076835,225,1.080680272974753,0.15687111111111007,0.14951377881092107,0.8960000000000008,35.295999999999765,-1.0684861e-05,-4.6196374e-06,1459,2983.4385,209262.39,0.014894675033367819,0.13999241438142973,4.104410570605094,998,0
307,phase3,253.34399999999982,33.542937500000164,7.55282665530328,0.1169204070157435,0.028806865,0.024760405,0.0012778006,0.18437107,0.18309326,0.021788538,0.0006130776,0.1828934045979255,0.08742168022864492,0.007642550173999446,-280.54184,63.931705,4087.263,-0.016357346,11.493918,132.11017,58.441803,27.604494,762.0081,-0.00044764022,5.2909336,27.993977,-51.581226,38.7244,1499.579,0.0011166956,7.758884,60.200283,7.014989,24.84606,617.32666,-0.0045855893,4.487958,20.141766,-32.571148,20.286707,411.55048,0.004373227,3.8834798,15.081415,-23.95265,15.835234,250.75462,0.00080698356,2.7531722,7.5799575,-28.371365,13.063541,170.65611,0.0036820415,2.4233282,5.872519,-14.262667,12.458498,155.21417,0.0006755368,2.1807194,4.7555366,-7.9973826,12.288075,150.9968,-0.0019412572,2.272083,5.1623616,-18.132944,10.385267,107.853775,0.0027188868,1.780488,3.1701374,-13.167527,9.413415,88.61238,0.0005847375,1.7228401,2.968178,-4.845212,9.317793,86.82126,-0.00075117685,1.6678158,2.7816095,-10.468372,8.206514,67.34688,-0.0013370498,1.4416424,2.078333,2101.925718959779,655.8050691731307,430080.2887531747,1594.4319263144355,406.6329595658435,165350.36380527695,3827.765133560116,1228.4492916554457,1509087.6621687664,23.614609625335195,7.8753697569364,62.021448808468485,0.032995924,0.048521053,0.0023542927,298.11954078392836,105.0956195335244,113.87914162255151,1258.9684205430274,1145.0892789204759,270.8517709358815,4.059431953028303,0.5850992638205332,0.6901673590488936,198,1.279515145052953,0.1687715736040606,0.1614584971394782,0.7999999999999972,33.247999999999934,-1.06977595e-05,-4.5305483e-06,1000,3490.5386,249974.94,0.011979147449420753,0.12910828031177013,3.5327459896425437,895,0
310,phase1,81.40243749999999,12.928000000000011,6.296598948282872,0.137050143544601,0.016984148,0.013518049,0.00026619303,0.0806377,0.08037151,0.014980193,0.00018273765,0.3371418056203358,0.13336491177799156,0.017786199693551472,-312.61957,114.32158,13069.423,0.04411026,21.469542,460.9412,19.31723,54.88216,3012.0515,0.031266466,10.65972,113.62963,-29.093302,33.232864,1104.4233,-0.026639003,6.5239267,42.561623,6.8572416,25.794975,665.3808,-0.003653952,4.841847,23.44348,-21.096058,20.167059,406.71024,-0.011853245,3.5650609,12.709659,-7.8572574,15.866474,251.745,-0.0009164991,2.9979193,8.98752,-28.45269,15.038158,226.1462,0.002339777,2.829488,8.006002,-9.602793,15.740827,247.77362,0.0030115116,2.7642832,7.641261,-20.082819,12.604059,158.86232,0.004484005,2.22973,4.971695,2.0232043,12.155656,147.75998,0.008327682,2.3258135,5.409409,-16.896479,10.572647,111.78087,-0.005716905,1.9078734,3.639981,-0.46878687,8.636542,74.58987,0.00018683833,1.5734025,2.4755955,-14.316756,10.048029,100.96289,-0.010264063,1.7688632,3.1288772,3007.0161823490266,1005.0001089277026,1010025.2189446941,1780.4047846483038,291.92186964283417,85218.37797576786,5017.024253731343,1222.2521013841963,1493900.1993380836,21.127208530532858,9.245047879524389,85.4709102946984,0.10653003,0.10152788,0.01030791,112.7865013815582,11.3113224497014,93.03444464945933,140.20166900511882,47.167224355659485,112.57112811964524,0.3541016852971812,0.057666214363071164,0.8692846357253458,82,0.9927126403327726,0.15960493827160488,0.10906852291868159,0.5760000000000005,12.927999999999995,-9.600491e-06,-5.6659173e-06,479,153.10309,7389.1455,0.016668401037583255,0.13050163316417518,3.9188015715131383,319,0
310,phase2,73.30649999999994,21.024000000000058,3.4868006332381616,0.22287595210456912,0.01601458,0.014479196,0.00026914067,0.10685645,0.10658731,0.013362063,0.0002096471,0.32970197618088537,0.12785181944216834,0.01634608773467281,-325.06296,119.9824,14395.776,0.062206935,20.68643,427.92838,24.374239,51.612865,2663.8877,0.037581425,10.056151,101.126175,-29.067429,33.939045,1151.8588,0.012012166,6.727685,45.261745,6.58035,25.244654,637.29254,-0.0032359257,4.7643723,22.699245,-17.998154,21.150902,447.36066,0.018453922,3.711965,13.778685,-6.7976866,16.361134,267.6867,-0.006372525,3.0767617,9.466463,-26.792168,15.212546,231.42155,-0.010306603,2.7866964,7.7656765,-7.999573,14.536917,211.32196,-1.9433865e-05,2.6763341,7.162764,-20.801275,13.265152,175.96426,-0.011719096,2.3175976,5.371259,2.6315475,13.236999,175.21814,0.006742071,2.3920858,5.7220745,-17.294891,10.675608,113.968605,-0.0016916429,1.8597574,3.4586978,-1.3620919,8.317815,69.18605,0.001966398,1.522943,2.3193555,-12.611038,9.462742,89.54348,-2.8577879e-05,1.7206255,2.960552,2923.190009752813,961.359700438378,924212.4736269679,1796.2485685134577,302.53737566233997,91528.86367265583,4967.2367918928085,1212.9005609431358,1471127.7707361737,20.913872610949177,9.050732199743388,81.91575335147178,0.106438875,0.10073011,0.0101465555,120.43121091334135,14.876730081382393,98.56656061031477,167.69467255813382,69.12811194781905,117.89508087899223,1.0407499859031637,0.05189959292676405,1.028299436555515,97,0.7557371056109571,0.21900000000000083,0.2166079407593358,1.1839999999999975,21.02400000000008,-9.667532e-06,-5.578537e-06,399,140.41576,7470.898,0.01663621689682173,0.11555088842607232,4.869963782202127,357,0
310,phase3,76.73599999999995,20.453000000000046,3.751821065280336,0.21044562656267732,0.01782641,0.015931992,0.0002655773,0.103297845,0.10303227,0.014772375,0.00025382836,0.3482903084368828,0.12282004306815003,0.015084762979262228,-314.7298,124.88483,15596.22,-0.073661245,22.079481,487.50345,15.812056,50.597095,2560.0662,-0.0002479415,9.9136505,98.28047,-29.842834,33.555267,1125.956,0.004596409,6.4624777,41.76362,7.6444263,23.881649,570.3331,-0.019935831,4.487624,20.13877,-16.188263,19.260899,370.98224,0.011277038,3.4931428,12.202047,-6.428622,16.280823,265.06522,0.0022728553,3.0242698,9.146208,-30.211212,17.297424,299.20087,-0.00033070272,3.117529,9.7189865,-6.42285,14.287518,204.13315,0.009106816,2.5000844,6.2504215,-21.374592,13.624668,185.63158,0.005795823,2.4054897,5.786381,1.3399247,13.031037,169.80794,0.009280607,2.3300712,5.429232,-17.85783,10.738529,115.31601,0.002667455,1.9250197,3.705701,-1.502985,8.949026,80.08506,-0.0048343656,1.6548151,2.738413,-12.736424,10.508547,110.429565,0.008127856,1.7999547,3.2398367,3051.846659372766,933.0820502162936,870642.1124358419,1809.362244802887,283.8717422119804,80583.16602646506,5119.710232883476,1158.010498393232,1340988.3143889413,21.014657312590515,9.20878505059936,84.80172210814226,0.114562616,0.10254754,0.010515998,116.18444599104116,10.336819329109613,96.87324609557632,139.3941668115768,42.52092071600049,116.2053271672772,0.19441916445420848,0.04476629359948443,0.8437168815400921,82,0.9358048666365254,0.24888888888888877,0.2080531745895505,1.215999999999994,20.15999999999999,-9.767212e-06,-5.4946768e-06,407,160.81989,15292.392,0.017999002842100424,0.11658080238164746,4.991138448707259,383,0
312,phase1,84.29093749999991,19.29600000000009,4.368311211219336,0.1862783133249797,0.034785863,0.031337604,0.00035557285,0.21029243,0.20993686,0.027065298,0.0009820454,0.2919900763395615,0.1369633256619178,0.01875895257637255,-273.55087,120.48388,14516.365,0.027087541,23.305378,543.1406,26.779959,62.79134,3942.7522,0.018900866,12.194524,148.70642,-11.402998,35.330265,1248.2277,-0.017542448,6.896549,47.56239,9.802983,26.162237,684.46265,0.020623026,4.929477,24.299746,-14.232879,21.828665,476.49063,0.0019765692,4.2277374,17.873764,-10.810543,21.962456,482.3495,-0.011556287,4.213592,17.754358,-21.396173,15.484031,239.75522,0.008262595,3.0845904,9.514698,-12.1065035,16.307222,265.9255,-0.00046186405,3.1437223,9.88299,-16.511162,13.605293,185.104,-0.0018223692,2.4473076,5.989314,-0.5926626,12.123029,146.96782,-0.006085158,2.2499866,5.0624404,-17.333773,12.177255,148.28554,-0.0027892436,2.2502496,5.063624,-4.0418105,10.190856,103.85354,0.0034025165,1.8715316,3.5026305,-17.116291,9.710844,94.30049,-0.0020278317,1.7460144,3.0485663,2860.010679472085,1125.4529461339205,1266644.3339615213,1824.7494855895382,299.6148147586187,89769.0372228414,4875.854115194565,1375.069072270185,1890814.953513987,21.879708893683706,10.116563493762118,102.3448569233204,0.09450743,0.104845375,0.010992553,140.67459337232583,28.415710036429992,84.33305895682803,257.13099468347406,172.79793572664602,137.79308824865404,1.6685901045678815,0.16491661514363293,1.023295046250402,106,0.7951975160830415,0.18377142857142795,0.13461233631593866,0.7679999999999998,19.295999999999935,-7.251822e-06,-8.342754e-06,483,687.2262,135731.75,0.015759504396643077,0.10946210524845662,3.9150116226907588,330,0
312,phase2,67.68299999999996,35.90400000000004,1.8851102416134595,0.34660719974514215,0.023421332,0.027509976,0.0,0.19206826,0.19206826,0.015232034,0.00075679884,0.21344239186033045,0.158609940078222,0.025157113091617167,-362.37897,182.95708,33473.293,-0.0128839975,18.772158,352.39392,28.161583,57.49282,3305.4243,-0.008958338,10.618832,112.75959,-13.677731,29.979828,898.7901,0.0068253544,5.5295877,30.57634,8.975049,23.305168,543.13086,0.014997025,4.146664,17.194822,-11.578388,20.624552,425.37213,0.0042673727,3.7317216,13.925746,-11.025252,21.191364,449.0739,0.0053170165,3.8618033,14.913525,-16.466406,16.672564,277.97437,0.0007664502,2.7148619,7.370475,-11.350292,15.559191,242.08842,0.0061146477,2.7168226,7.381125,-12.945959,13.070528,170.8387,-0.0027216922,2.027126,4.10924,-0.91325045,11.1540575,124.413,-0.0031125438,2.0572212,4.2321587,-14.587959,12.784455,163.44229,-0.00029605726,1.9521708,3.810971,-2.5601413,9.715764,94.39608,-0.0038419012,1.7593597,3.0953467,-13.019616,10.525034,110.77634,0.008395548,1.5302662,2.3417146,2150.3690378371925,1432.3715702584752,2051688.3152847302,1451.983693545931,764.46219767018,584402.4516667214,3739.7530304200122,2230.8724129141387,4976791.722701352,19.565366450372636,10.203456287855559,104.11052021817915,0.26537913,0.37527132,0.14082856,136.99633268345414,22.673161922844137,94.11545282508624,208.85526660911424,114.739813784028,133.09934981412218,0.8167367060041355,0.19765287208225668,0.8205662872754302,85,0.7962705788674046,0.42742857142857205,2.0714057929782075,19.104000000000003,35.90400000000005,-6.0105185e-06,-5.8399455e-06,357,541.2831,78126.3,0.015404042158673142,0.10585619151714006,6.33837152608484,429,0
312,phase3,85.02399999999997,21.702000000000027,3.917795414349113,0.2033431403781649,0.028402632,0.025501272,0.0002644577,0.17038661,0.17012216,0.022600576,0.0006503149,0.2895250206085132,0.13681573272760422,0.01871854472179123,-295.66272,126.59819,16027.102,-0.12584263,23.107044,533.9355,28.250055,59.69553,3563.5562,-0.026008304,12.021369,144.51332,-12.69298,31.608276,999.0831,0.013526077,6.305586,39.76041,10.217003,27.10821,734.855,-0.01532363,5.135095,26.369204,-14.920212,21.810053,475.6784,-0.00795972,4.2926373,18.426735,-11.427375,21.20217,449.532,0.012008398,4.100018,16.810148,-19.202179,15.735821,247.61604,0.010048003,3.0634084,9.384471,-11.852874,17.529987,307.30045,-0.0019198022,3.2094288,10.300433,-17.878008,13.995957,195.88681,0.0019469069,2.6067588,6.795192,-0.41551533,12.00792,144.19014,0.00092167675,2.2399037,5.0171685,-17.814238,12.060461,145.45471,0.00090707035,2.266408,5.1366053,-2.9668992,10.4184,108.54306,0.002557718,1.9324112,3.7342129,-16.491373,9.922728,98.460526,0.001927071,1.8128971,3.2865958,2827.2870753801103,1072.2156950318813,1149646.4966727002,1845.1921561082158,281.7909912888734,79406.16277156591,4875.459007793765,1333.8186159709655,1779072.1003107023,21.64097725534079,9.881741145971352,97.64880807598321,0.103306815,0.117504515,0.013807312,151.02005486824976,39.15238146303304,91.96585291173604,372.1377785978373,280.1719256861013,146.8323839587038,1.7311090596998842,0.18105515582102663,0.9369788055394187,100,0.8502399914975999,0.21656565656565682,0.15682198372072842,0.8639999999999972,21.440000000000026,-7.899139e-06,-7.3902506e-06,463,339.27316,26844.53,0.01861538676073881,0.11228252068063213,5.033872788859617,428,0
313,phase1,73.95681249999996,14.432000000000045,5.124501619699148,0.16327858234321277,0.028519256,0.024858927,0.0009029725,0.17742446,0.1765215,0.022642173,0.00061796623,0.3081588386151828,0.15118127784789742,0.02285577877172316,-278.06296,94.964325,9018.223,-0.029051121,18.081177,326.929,22.443369,56.840412,3230.8325,-0.0260445,10.917826,119.19891,-36.176098,34.616,1198.2675,0.015256717,6.9955587,48.93784,2.215695,26.734001,714.7068,0.02307142,4.8232913,23.26414,-24.165598,22.699707,515.27673,0.011629779,4.2968645,18.463043,-2.69403,12.496889,156.17223,0.0011609418,2.3482723,5.5143833,-27.925264,14.668499,215.16486,0.0020941803,2.7383366,7.4984865,-14.093953,16.458263,270.87445,0.013203602,3.2180274,10.3557,-14.042703,12.1733055,148.18936,-0.00552673,2.3751407,5.6412935,-6.9046254,13.246835,175.47862,-0.0008902562,2.4475694,5.990596,-9.056587,11.512044,132.52716,0.0050523244,2.084723,4.34607,-1.2201222,8.831423,77.99403,-0.012962295,1.7425177,3.036368,-18.168064,10.595006,112.25414,-7.4483934e-05,2.048557,4.196586,2850.821262058713,1089.3777976149156,1186743.9859363239,1698.9220767453555,307.06817246603055,94290.8625416279,4730.456026058632,1239.1014294670274,1535372.3525072308,22.721885189750292,9.561378922098752,91.41996689195429,0.0905007,0.10967766,0.012029189,159.3590374214912,121.08806819376441,87.30705785825097,916.3106942306295,829.0036363723784,137.79308824865404,5.771814244296987,0.39232718045880305,0.8485236748711835,75,0.9860908201854551,0.19502702702702743,0.12909466178727944,0.607999999999997,14.43200000000003,-1.1044547e-05,-4.1534e-06,359,563.47546,56848.984,0.012109774685721896,0.09167344391673622,2.3527244363053113,174,0
313,phase2,69.98881249999997,18.400000000000034,3.8037396030576214,0.20817114156839742,0.030127414,0.02728744,0.0009054797,0.23621844,0.23531295,0.023696346,0.00074460445,0.2924924858057365,0.1478401885126996,0.02185672133947055,-275.7733,94.11826,8858.247,0.022663996,17.601068,309.79764,25.101645,53.08581,2818.1033,0.005463599,10.752543,115.617195,-33.84726,33.74957,1139.0333,-0.024460364,6.7858424,46.047657,3.9751558,26.004396,676.22864,0.021576636,4.9351287,24.355495,-24.305069,25.528996,651.7296,-0.017455734,4.667303,21.783718,-2.4261594,12.924434,167.04099,-0.012998442,2.4421413,5.9640536,-28.791677,15.818464,250.2238,-0.008334456,2.8745654,8.263125,-13.6736,16.051222,257.6417,-0.009626588,3.1183085,9.723848,-14.367229,12.648338,159.98045,0.013734896,2.353798,5.5403643,-9.147488,14.419593,207.92467,-0.0052172327,2.6501358,7.0232196,-8.826108,11.636955,135.41873,0.0027247358,2.0157,4.063047,-1.5046213,9.237139,85.32473,0.0018959543,1.6105433,2.5938494,-19.115082,10.720153,114.92168,0.0064067496,1.9957956,3.9832,2798.0183956124006,1035.4131481358384,1072080.3873325677,1735.930475951271,293.1359402530739,85928.67946805371,4735.805736518278,1177.5138355433342,1386538.832895974,23.06240374511346,9.589306302064255,91.95479535480925,0.086628124,0.107165925,0.011484535,150.71485209584122,84.93203640548143,106.252996181733,943.160647031938,836.907650850205,137.79308824865404,8.30163980287312,0.47955121227667347,0.9277192178591607,82,0.8535220932497302,0.22716049382716075,0.20447411963316042,1.4719999999999978,18.40000000000002,-1.0858138e-05,-4.522731e-06,388,1148.3762,129996.016,0.011798830189583576,0.09372733163213354,3.6291514447398305,254,0
313,phase3,71.99999999999996,19.067312500000043,3.776095672838221,0.20937603160299742,0.03374481,0.030467767,0.0,0.21186545,0.21186545,0.027581088,0.00092828483,0.29134726507598385,0.162190886329539,0.026305883608361443,-281.31073,130.52663,17037.201,-0.11804353,17.683926,312.72122,19.591677,55.99105,3134.9978,-0.035516903,11.627409,135.19664,-34.637016,37.90535,1436.8157,0.008433837,7.4877696,56.066696,6.3920856,25.523926,651.4708,-0.016732493,4.954184,24.543938,-22.889315,23.86297,569.44135,0.006154951,4.5076466,20.318876,-1.2957407,12.676159,160.68501,0.0023074066,2.4053648,5.7857795,-26.590763,16.79978,282.23257,0.01449679,2.866819,8.218651,-14.845707,17.50936,306.5777,0.01710276,3.3666492,11.334327,-12.552369,12.900045,166.41118,-0.004093889,2.3338084,5.4466615,-7.407275,13.837073,191.4646,0.010428468,2.4784358,6.142644,-8.592759,10.830155,117.292274,0.0068571423,1.8969747,3.5985131,-0.079408035,8.61517,74.221146,0.00200157,1.6800386,2.8225296,-16.617476,11.243014,126.40537,0.00010098694,2.0055423,4.0221996,2699.324275494489,1266.4512617166392,1603898.7983036677,1566.3145024638652,505.23718250838294,255264.61058900907,4412.503294096979,1642.1994545058874,2696819.048379434,22.262926522179136,9.887108594767614,97.75491636472762,0.14216287,0.24560767,0.06032313,141.65845017203094,18.053442571010944,106.86851352689665,241.30149553281768,134.43298200592102,136.9994584594705,2.0814461544171357,0.3074490511920418,0.7576813030471279,69,1.0434782457466916,0.27670588235294113,0.8086453279627528,6.7520000000000095,18.815999999999995,-9.734279e-06,-4.497705e-06,398,599.72876,57975.098,0.012932514006336033,0.10519159492254555,4.083333333333336,294,0
315,phase1,114.34806249999987,41.72800000000014,2.740319683657971,0.26735682161382135,0.008846164,0.008956855,0.0,0.111772165,0.111772165,0.0070025176,8.022526e-05,0.21615474211382738,0.1534138438126263,0.023535807473364895,-412.94138,128.9123,16618.379,0.03199677,17.884367,319.85062,48.807716,59.46801,3536.4443,-0.023582509,10.328529,106.67852,-20.212862,35.386173,1252.1813,0.017524011,6.5091043,42.36844,-2.100005,28.46052,810.00116,0.0017106348,5.296003,28.047647,-10.7633,21.434845,459.45255,-6.367995e-06,3.9245355,15.4019785,-14.770286,20.408009,416.48682,0.0081890775,3.797189,14.418645,-10.371865,17.542774,307.74893,-0.0056279665,2.9899983,8.94009,-7.2623496,14.689418,215.779,-0.00070585235,2.5532908,6.519294,-15.347878,13.16383,173.2864,-0.0018492657,2.23572,4.998443,0.5985306,12.575887,158.15294,-0.0021562628,2.3075535,5.324803,-13.870884,11.022259,121.49019,-0.004625027,1.9238931,3.7013648,-0.45431823,9.410396,88.55554,-0.00027435477,1.8195188,3.3106487,-15.803573,11.155046,124.43507,0.0024315012,1.860654,3.4620333,2297.6612100331163,1250.5938066237582,1563984.869165702,1681.4076315929785,582.6599018881852,339492.56126834964,4121.641489852398,2032.6910435459233,4131832.8785118144,21.08129330411824,9.193937935564062,84.52849476300398,0.13935237,0.25797805,0.06655267,163.26939865069463,24.353327734439173,110.63722351746388,290.2917403700367,179.65451685257278,155.56349186104043,1.8061566301102954,0.39114391135892906,1.1789123652449907,184,0.6214568580355598,0.22678260869565242,0.8672807557318214,11.711999999999996,41.728000000000044,-1.00927155e-05,-4.02873e-06,542,315.3474,24236.234,0.011198236190162848,0.08234821245242838,2.772237614432692,317,0
315,phase2,130.5599999999999,25.516125000000102,5.1167641984523575,0.16348512624849,0.009898636,0.0084757805,9.2589944e-05,0.09792187,0.09782928,0.008176772,7.183886e-05,0.22896306599784746,0.14728680818146989,0.021693403864285102,-381.4714,97.93874,9591.998,-0.03867131,16.828928,283.2128,51.669247,60.6958,3683.9802,0.01369547,10.794497,116.521164,-20.731018,37.89229,1435.8256,0.0064082886,6.9542637,48.361782,-1.1484946,30.801634,948.74066,-0.011725035,5.534681,30.632694,-11.3919735,21.587593,466.02414,-0.006098536,4.007772,16.062235,-15.874898,20.12894,405.17422,0.0013147106,3.8834562,15.081232,-12.956857,17.741724,314.76877,0.0077967104,3.0735,9.446402,-8.391507,15.397633,237.08708,0.002902814,2.6847236,7.207741,-16.446335,12.2393875,149.80261,-0.00295753,2.2557607,5.0884566,-0.039090227,13.213452,174.59532,-0.0012083331,2.4356496,5.9323893,-15.15316,10.439799,108.98942,0.005548293,1.8287961,3.3444953,0.12087954,9.836841,96.763435,0.0029934822,1.8196334,3.3110654,-17.466042,11.343747,128.6806,-0.0046410635,2.0816927,4.3334446,2493.8139268688096,1135.3803661997486,1289088.575951875,1812.4823916759526,372.2373797946546,138560.66691638995,4453.551019885199,1756.0391331703477,3083673.4372256664,22.108311953535498,8.712387686311216,75.90569919658729,0.06840834,0.089272745,0.007969623,173.22843217489654,94.83626881101311,111.9227661312955,864.8821267198209,752.9593605885254,152.89100418265707,5.921042677753167,0.4491594915028373,0.993105127385755,155,0.8423225752108214,0.1654025974025975,0.2031009127809988,1.0560000000000116,25.472000000000016,-1.0863264e-05,-4.4046524e-06,771,295.05173,24783.828,0.011059554780861756,0.08771828933950584,3.8449754901960818,502,0
315,phase3,97.47774999999972,63.32800000000027,1.5392519653351966,0.3938167633931018,0.009024429,0.010686283,0.0,0.1767882,0.1767882,0.007101815,0.00011419664,0.19969605317971548,0.13604035918968496,0.0185069793284585,-403.5207,113.85564,12963.105,0.017578416,16.6698,277.88223,55.812943,58.36008,3405.899,0.034528848,10.489375,110.026985,-19.034195,33.74137,1138.4801,0.0034016443,6.645913,44.168163,0.22566886,29.502476,870.3961,-0.0069818282,5.465912,29.87619,-9.868091,21.160513,447.76727,0.0045369393,3.8425653,14.765307,-16.661201,20.037598,401.5053,-0.0032226127,3.9046755,15.246491,-11.977802,17.13801,293.71136,-0.0019935977,2.8750465,8.265893,-7.809814,14.542423,211.48209,0.0032789884,2.618835,6.8582964,-16.258923,13.11376,171.9707,-0.0011493465,2.262989,5.1211195,-0.603577,12.860492,165.39226,0.0029110094,2.3333018,5.4442973,-13.427011,10.625899,112.909744,-0.0012642435,1.8263519,3.3355613,0.45224681,9.536399,90.9429,-0.0013120743,1.7895902,3.2026331,-14.465846,10.402421,108.21036,-0.0008943852,1.8164937,3.2996497,2235.215277409794,1139.32016813529,1298050.4455198257,1704.386852696595,528.7328752590731,279558.4533797266,4049.2734654795067,1905.7880505779076,3632028.0937255416,21.25226515509633,8.909021393638977,79.37066219231697,0.110522345,0.21862148,0.047795348,154.09456280309846,19.314398672860218,94.11545282508624,311.12698372208087,217.01153089699463,150.26442824298348,2.8513335631143724,0.45165141256433516,1.6790444371547661,270,0.3610287023665593,0.23454814814814748,0.41734557522901544,4.608000000000004,63.32799999999982,-1.0488451e-05,-4.016865e-06,626,294.2761,15696.844,0.01203000583994569,0.09224180369798649,5.303774451092701,517,0
316,phase1,50.91106249999997,16.960000000000022,3.0018313383354105,0.24988558268113195,0.015418477,0.015181803,0.0005062686,0.17787214,0.17736587,0.012163171,0.00023048715,0.3476889402109854,0.15571145335270548,0.02424605670521177,-313.5339,88.900444,7903.289,-0.037375342,17.398792,302.718,14.969622,56.906628,3238.3643,0.02287763,11.151832,124.36336,-22.439026,31.535488,994.48706,-0.02537785,6.2550173,39.125244,8.964677,28.777807,828.16223,0.047308695,5.7276,32.805405,-19.87701,22.792107,519.4801,-0.004516714,4.3450837,18.879751,-6.069179,15.092813,227.793,-0.006303262,2.8601673,8.180557,-16.8983,13.34234,178.01805,0.0011228969,2.4039776,5.779109,-10.535435,13.240147,175.30148,-0.011010066,2.6425402,6.9830194,-15.19884,11.073182,122.615364,-0.0046446407,2.0055969,4.022419,1.1429093,12.43054,154.51833,-0.02009465,2.4387364,5.947435,-11.936304,8.693065,75.56938,0.00059442304,1.5943451,2.5419364,-0.51811236,7.6187143,58.04481,0.0021386638,1.4367101,2.064136,-10.222382,7.903547,62.466053,-0.0031522792,1.5277685,2.3340766,3082.403143191421,1140.4397009140487,1300602.7114209246,1794.8644465833233,280.86404606103486,78884.61236977512,5041.526697312588,1329.990114405376,1768873.7044160254,21.206211746263907,9.3176493144204,86.81858874651897,0.11148726,0.098715566,0.009744763,124.82637156152971,8.518598516656395,99.13755088719131,157.37105256787842,58.23350168068711,124.18608452867444,0.5467254976722425,0.15935879294702557,1.4439143338886142,98,0.5195006324540749,0.17484536082474203,0.15957464983583894,0.7040000000000006,16.959999999999976,-9.674954e-06,-5.6147396e-06,324,173.34879,7264.9995,0.014107041718766328,0.11064485703201779,2.7498935030083116,140,0
316,phase2,58.623124999999995,9.248000000000012,6.339005045522803,0.1362582394206669,0.014410412,0.012201465,0.00049210334,0.06933288,0.06884078,0.011733813,0.00014887574,0.32336880451438,0.15039085722267342,0.022617409936170542,-325.81284,95.5572,9131.178,-0.07478618,17.582844,309.1564,25.172985,55.71459,3104.1155,0.008567688,11.241573,126.37296,-32.70632,36.391617,1324.3499,-0.011414678,7.24941,52.553947,10.753843,27.824144,774.18304,0.0010403004,5.444486,29.64243,-25.88299,21.27068,452.44183,-0.0013967548,4.4077616,19.428364,-7.311464,14.808249,219.28424,0.004629334,2.7945766,7.809659,-17.48131,13.093572,171.44162,0.0010336431,2.5073762,6.286936,-13.789749,13.633104,185.86153,-0.001898874,2.57311,6.6208954,-16.33076,10.785442,116.325775,0.0016666729,1.9342717,3.741407,1.3610377,11.369622,129.26831,-0.0023522833,2.1099946,4.452078,-11.818039,8.291617,68.750916,-0.0009335303,1.599974,2.559917,-1.9188046,7.835681,61.397896,-0.0024200613,1.4955801,2.2367597,-12.529812,7.417592,55.02067,0.001774715,1.4332129,2.054099,2903.1154752589678,1111.2865968254728,1234957.900283941,1722.5658432385444,326.4537244003182,106572.0341748389,4765.381895332391,1390.0824606302933,1932329.247351971,21.13810989169095,9.073795368881246,82.33376239633074,0.1102425,0.110766344,0.012269183,122.74848601114616,8.944100783745931,99.71184887709214,157.37105256787842,57.659203690786285,122.05264192746294,0.9770148452116116,0.19189061754272013,0.9576974007724197,65,0.9018942168939351,0.14450000000000013,0.14488529946133238,0.8960000000000008,9.248000000000008,-1.0417781e-05,-4.8440734e-06,380,193.59541,8633.512,0.012360066383839545,0.11809568991195547,4.622749128436944,271,0
316,phase3,54.20799999999996,15.719812500000039,3.4483869671863365,0.22480057559358144,0.012248529,0.01103619,0.0,0.08757943,0.08757943,0.00995256,0.000121797486,0.28825927064272644,0.1629824134629741,0.026563267098215843,-364.1117,147.93605,21885.074,-0.09991958,16.956396,287.51935,19.893984,50.55185,2555.4895,-0.013116427,10.0250225,100.501076,-27.201874,34.27379,1174.6926,0.029146967,6.4295135,41.338642,11.074299,27.826073,774.2903,-0.034868114,5.2219133,27.268377,-19.313747,20.213037,408.56686,-0.0036529112,3.8147485,14.552307,-7.089507,14.666605,215.1093,0.014631292,2.6828637,7.197758,-17.202389,14.153495,200.32143,0.011838852,2.4403777,5.955444,-11.214826,13.703356,187.78197,0.007250603,2.5505548,6.5053296,-15.211577,11.580233,134.10179,0.0017382333,1.8172324,3.3023336,0.9562206,11.619435,135.01128,8.6558815e-05,2.1341136,4.554441,-12.070759,9.15276,83.77301,0.0018594642,1.4984133,2.2452424,-1.4609685,8.842649,78.192444,0.010980792,1.6357429,2.6756546,-12.229598,8.448857,71.383194,0.0014729857,1.4425535,2.0809605,2662.4765897062393,1310.5106410423366,1717438.1402851962,1598.930687902701,592.2906123173371,350808.1694392461,4404.295088060384,1894.6818010487523,3589819.1272253436,20.49826106854044,9.039041596682907,81.70427298656386,0.19142738,0.27582544,0.076079674,129.6342523711607,12.580512477029913,105.64102395561046,197.13312122062953,91.49209726501907,127.82501456536235,1.8164294950080018,0.2008234216830634,0.943830468027296,66,0.8213333208888886,0.23926153846153836,0.7956283298688784,6.5600000000000005,15.551999999999992,-9.4689785e-06,-4.3462123e-06,294,199.6708,9724.388,0.013383719860507697,0.12028160036208825,3.560360094451006,193,0
317,phase1,68.70024999999998,11.264000000000024,6.0990983576794635,0.14086294812994585,0.023899302,0.020661239,0.0004600043,0.13834523,0.13788523,0.019762931,0.00042688675,0.2845970419417767,0.13676057404561343,0.018703454613285715,-291.01263,102.546,10515.682,-0.052881405,17.899029,320.3752,26.534151,50.838497,2584.5527,-0.028836096,9.587042,91.91138,-35.73913,37.413925,1399.8018,-0.0077996165,6.8230247,46.553665,12.996558,27.759092,770.5672,-0.0056523844,4.987398,24.87414,-26.874432,20.421808,417.05023,0.012077791,3.7276545,13.895409,-18.742006,19.653122,386.2452,0.021720313,3.669132,13.462529,-17.650032,17.487827,305.8241,-0.002454328,3.0466676,9.282183,-19.74822,17.415953,303.31543,0.0020406088,3.1830008,10.1314945,-16.627022,12.737364,162.24043,-0.0010993888,2.3960316,5.7409673,0.6562397,13.566434,184.04813,0.0126754865,2.6307623,6.9209104,-16.612635,9.997443,99.94887,-0.005452893,1.7256476,2.9778595,-3.3045506,10.531891,110.920715,-0.00030884318,1.9770833,3.9088585,-17.834637,10.981064,120.583755,-0.0004654297,1.9943881,3.977584,2740.82246714888,913.77302472948,834981.1407232628,1712.0401817216703,306.696468355671,94062.7237018411,4539.453281312525,1239.90362834149,1537361.007574392,22.70122307619035,9.275644922136895,86.03758872156396,0.08557782,0.10415411,0.010848079,147.65960794918766,26.56127585263081,95.76056196257365,277.1826309768721,181.42206901429842,145.14587018501834,1.5580614192826152,0.26610644247054566,0.7628408945247407,61,1.1262335880945311,0.18773333333333356,0.18663313984630062,0.863999999999999,11.264000000000014,-1.11663385e-05,-4.114203e-06,325,552.3723,37054.996,0.012066439446284362,0.10646623259066892,2.809305642992566,193,0
317,phase2,66.17224999999996,13.792000000000044,4.7978716068828415,0.17247707569320095,0.023457175,0.020569818,0.00046404317,0.18819243,0.18772839,0.018394066,0.00042311745,0.2883366237119848,0.15216896808005478,0.02315539484654873,-296.10712,93.292885,8703.5625,-0.06763538,17.46416,304.99695,25.520046,60.757023,3691.4158,0.016534483,10.613175,112.639496,-33.87087,36.35039,1321.3511,0.0029742427,6.563633,43.081276,8.282096,27.869919,776.73236,-0.03141151,5.098643,25.996159,-26.608494,18.44519,340.22504,-0.0045919507,3.5395248,12.528235,-16.733496,19.217934,369.32895,-0.015283591,3.7083793,13.752076,-21.338593,16.32449,266.48895,3.8295042e-05,2.8900094,8.352154,-17.363728,18.30734,335.15875,0.016743405,3.2269037,10.412908,-18.134417,12.69217,161.09119,-0.0027024006,2.281502,5.2052517,0.66849154,12.633514,159.6057,0.0046924916,2.36931,5.613629,-17.173182,10.031404,100.62905,0.0030572237,1.7663592,3.120025,-2.3455844,10.399653,108.15279,-0.0017751073,2.0260437,4.1048527,-15.029074,9.886304,97.739006,-0.0029615432,1.7959982,3.2256098,2746.936267649901,1049.2637522139707,1100954.4217101408,1684.844272856343,315.2919768999307,99409.03069746644,4518.991971788715,1304.263626169382,1701103.6065485054,22.254729822931896,9.23911011836914,85.36115577935102,0.079003476,0.09544424,0.009109602,153.2221321354186,37.41612465285654,100.28947374140385,298.79793764201077,198.5084639006069,145.9866916572425,1.5257369230923825,0.27811124438651014,1.0879861938303679,87,0.7606005659701081,0.16037209302325628,0.18124902864289022,0.9920000000000044,13.79200000000004,-1.0935256e-05,-4.260583e-06,299,370.6253,24349.846,0.013221277304251586,0.09345928811192888,3.203759884241508,212,0
317,phase3,70.84799999999997,11.539437500000034,6.139640156667915,0.14006307090204176,0.019359093,0.016294852,0.00047126279,0.12846403,0.12799276,0.015846146,0.0002655222,0.29383855430825245,0.1507064829407123,0.022712444000359204,-302.76596,87.2805,7617.8857,-0.06839423,15.889053,252.46202,25.498255,60.116024,3613.9363,-0.018001365,11.073578,122.62412,-34.82917,36.117546,1304.477,0.0059552626,6.5300813,42.641964,8.181295,26.882061,722.6452,0.008809501,4.7930293,22.973131,-25.479538,17.807756,317.11618,0.0026873008,3.2826447,10.775756,-12.351042,19.284672,371.89853,0.0077517307,3.6710644,13.476714,-20.164541,16.603672,275.68195,-0.003139196,2.8886228,8.344141,-14.345068,15.91061,253.14752,-0.0022412154,3.0292883,9.176587,-15.773098,11.978117,143.4753,0.002442286,2.1582549,4.658064,-0.26241383,12.790828,163.60529,-0.004988893,2.4311595,5.9105363,-15.758956,9.688824,93.87331,0.008177058,1.6937965,2.8689466,-3.465948,9.855229,97.12555,-0.0030824144,1.711232,2.928315,-13.897228,9.40558,88.46492,0.009137584,1.7530767,3.073278,2758.155853323229,1043.647227909412,1089199.5363230004,1672.6421456908913,307.70361879603985,94681.51702017862,4520.1820388349515,1285.252671006876,1651874.4283303092,22.092939264246063,9.111651848685653,83.02219941165667,0.08221047,0.09686285,0.009382413,136.41915255619585,25.2411090088385,97.43442710125966,277.1826309768721,179.74820387561243,129.31026969119696,1.9309781786500937,0.26796116494448113,0.8860574162171265,73,0.9705205346504032,0.15822222222222299,0.20510039697549604,1.4399999999999977,11.392000000000055,-1.0912929e-05,-4.397449e-06,353,305.70386,19374.777,0.012642554215185743,0.09162737669150547,2.6959123757904258,191,0
318,phase1,28.51200000000001,47.229562499999986,0.6036896783939157,0.6235620304241807,0.010020998,0.016947232,0.00033558498,0.116720244,0.11638466,0.0008417355,0.00028720865,0.38440977998257286,0.15296878606397327,0.02339944950988562,-442.1882,143.80939,20681.14,0.028453458,16.396475,268.84436,12.891197,51.131527,2614.433,-0.017385753,7.7446394,59.979443,-21.977806,30.211605,912.741,-0.014977728,5.2636395,27.7059,1.7783195,19.066235,363.52127,-1.0208989e-05,3.5605168,12.677279,-16.236107,17.424742,303.62164,0.013135951,2.9226487,8.541875,-4.0992994,12.895753,166.30045,-0.00025226397,2.2903068,5.245505,-15.796918,11.253286,126.636444,-0.0072593973,1.8923208,3.5808778,-5.0454187,12.930007,167.18507,0.0073824124,2.0755136,4.3077564,-13.118455,9.433977,88.99992,0.0080528455,1.497846,2.2435427,-1.970563,10.3827715,107.80195,-0.0071542133,1.7877471,3.19604,-11.4922285,8.969284,80.44805,-0.00961771,1.4452415,2.088723,-2.2548587,6.6862693,44.7062,0.0072578457,1.1925989,1.4222922,-12.247065,8.064184,65.03107,0.0023669484,1.3025244,1.69657,3265.0650184895408,1032.2026686235206,1065442.3491135174,1869.1265039568666,334.6261992245585,111974.69320747392,5373.927307773553,1392.192216540951,1938199.1677972062,19.223752888212662,7.935230690158176,62.967886106028196,0.20878609,0.14841649,0.022027455,129.76988345656451,29.094647124894486,102.63362906904881,260.1187129259726,157.48508385692378,117.89508087899223,2.228475937191691,0.1613857202529,0.4356920944164573,33,0.863999973818183,1.4099393939393932,2.025496660969757,9.536,46.52799999999998,-1.2797748e-05,-2.469184e-06,158,537.62415,177250.94,0.014732121794774612,0.0961232455198552,4.910213243546575,140,0
318,phase2,24.57600000000001,51.16556249999999,0.48032305947339005,0.6755282147763982,0.007815329,0.014486914,0.00025902837,0.11241326,0.11215423,0.0008455365,0.00020987066,0.3978429809621884,0.14593817493949474,0.021297950904670567,-457.31906,131.45966,17281.643,0.011868002,16.625463,276.40607,8.3423815,46.88521,2198.223,-0.008390192,7.1831985,51.59834,-21.451252,29.631216,878.009,-0.010398682,5.227629,27.328106,2.9661388,18.68675,349.19464,0.00018949714,3.39299,11.512382,-15.047664,15.1790285,230.40291,0.0017603468,2.6816645,7.1913247,-4.8606195,13.082245,171.14513,-0.0017829052,2.2481441,5.0541525,-15.415965,11.068285,122.50694,-0.00029186826,1.9347496,3.743256,-4.209668,13.111824,171.91992,-0.0024713692,1.9760048,3.9045951,-12.302634,8.906566,79.32692,-0.0046165837,1.4319204,2.0503962,-2.3896587,9.712708,94.33671,-0.0004205945,1.7543885,3.077879,-11.682656,8.448887,71.38369,0.00068005157,1.4050806,1.9742515,-2.7719727,6.0538754,36.64941,-0.001501781,1.1047453,1.2204622,-10.684226,6.7336364,45.34186,-0.0028116584,1.1654966,1.3583823,3337.2586710179135,983.0830797132417,966452.3416184718,1891.0704587796065,305.5850843486487,93382.24377637076,5470.301277989016,1311.6538590921978,1720435.8460714552,19.004178893874307,7.795236174600588,60.76570701780161,0.21827732,0.1480315,0.021913325,138.13092611321372,30.35256444908497,103.82617439498627,288.6197829762387,184.79360858125244,125.62905732418486,2.04926724261906,0.1360371778048005,0.47530046663613523,36,0.6826666477037046,1.164444444444444,1.50500728024161,5.152000000000001,41.91999999999998,-1.3137988e-05,-2.1227772e-06,149,527.6977,213687.58,0.013460374203226376,0.0860722880631409,8.992513020833329,221,0
318,phase3,35.93600000000001,42.10081249999999,0.8535702047657587,0.5394993869079415,0.011610682,0.01740576,0.0002714925,0.14054847,0.14027697,0.0027071384,0.00030296046,0.3455814050328003,0.16387368525231627,0.02685458471817522,-414.26163,142.92458,20427.434,0.038294945,16.090141,258.89267,26.127108,54.430878,2962.7205,0.01712129,8.237059,67.84913,-24.963997,32.942158,1085.1857,-0.0150966225,5.661865,32.056717,5.65571,22.387238,501.1884,-0.0061262026,3.9992273,15.993819,-16.104933,18.402042,338.63516,-0.003211,2.9590204,8.755801,-5.559711,15.073054,227.19696,-0.0060659624,2.5760896,6.6362376,-15.29233,12.507549,156.4388,-0.0024575582,2.0804868,4.3284254,-8.356396,15.90464,252.95757,0.0020146046,2.4008834,5.764241,-12.630812,10.094441,101.89775,-0.0026989134,1.7099344,2.9238753,-3.3241563,12.40122,153.79027,0.0052484456,1.8685739,3.4915686,-11.510404,9.824429,96.519394,0.0011991174,1.4605501,2.1332066,-4.0898805,7.491009,56.115223,-0.0009777354,1.236737,1.5295184,-10.385479,7.966124,63.459133,-0.00016082257,1.322754,1.7496783,3010.3730311217414,1094.997025566327,1199018.4859991032,1810.7171131974378,348.1872413772401,121234.35505789249,5026.003228782288,1486.6588973176094,2210154.67697361,19.783727772279583,8.332807156600147,69.43567510908663,0.17359845,0.15393956,0.02369739,124.17095137242022,24.54731426057758,91.43616857570666,266.19869962824436,174.7625310525377,117.89508087899223,3.19097931185146,0.2386223861260261,0.5382075286583495,42,0.8556190272471662,0.9897142857142851,2.3519703825244296,10.208,41.56799999999998,-1.2035619e-05,-3.1959569e-06,207,334.27914,24905.43,0.015198548915502,0.10547503567405972,8.65427426536064,311,0
319,phase1,28.507062500000018,45.567999999999984,0.625593878915163,0.6151597914615324,0.0026967204,0.004102177,0.00011463744,0.07566154,0.075546905,0.0018953688,1.6827857e-05,0.2835294192089633,0.12417946430494557,0.015420539355063252,-483.88635,83.22602,6926.5703,0.06788549,14.545414,211.56908,19.945993,48.122463,2315.7715,0.016423643,9.652848,93.17748,-31.803692,25.03763,626.8829,-0.011113854,4.8232946,23.26417,10.427907,25.27967,639.06177,-0.017953929,4.83682,23.39483,-13.534932,18.787367,352.96512,-0.008310243,3.55372,12.628926,-12.830946,16.9855,288.5072,-0.006159581,3.1854758,10.147257,-19.88855,14.063222,197.7742,0.0028297226,2.5866046,6.690523,-2.605727,12.554156,157.60684,-0.003320387,2.2640615,5.1259747,-20.892572,12.798937,163.81279,-0.002951719,2.467525,6.08868,-1.3860599,11.246318,126.47967,0.014395685,2.0692532,4.2818084,-11.625752,10.648963,113.40042,-0.00048700254,1.9349494,3.7440293,-3.1963894,8.257135,68.18028,0.001560811,1.5170742,2.3015141,-10.271003,8.470903,71.75621,-0.0029048848,1.5128933,2.288846,2795.1331583289343,819.8045942495835,672079.5727527242,1811.973912761975,247.02826032678607,61022.96140007839,4846.17980561555,1128.091879356151,1272591.2882692926,20.37486475479614,7.261996152791663,52.73658812316091,0.10605273,0.10053523,0.010107332,159.28000776527213,31.599744061397935,108.1102658399776,286.9574553484241,178.8471895084465,152.01041679645533,0.7589663562183557,0.27257019426670837,1.4714803649338803,109,0.2615326810868563,0.41805504587155995,0.4212908480151546,2.1439999999999984,45.56800000000003,-1.4730781e-05,-4.959873e-07,339,70.1646,1694.3008,0.00639273716828162,0.05800874516471344,5.15661689098973,147,1
319,phase2,23.168000000000013,50.907124999999986,0.4551032796469402,0.6872364373330452,0.0027813173,0.004783534,0.000115622934,0.09185327,0.09173764,0.002067009,2.2882197e-05,0.2650403280237581,0.11875132222926273,0.014101876531198189,-474.79547,74.864716,5604.7256,-0.048678823,13.065588,170.70958,30.218483,46.372787,2150.4353,-0.04157225,9.264594,85.83271,-29.820173,26.050222,678.61414,-0.002748734,5.078801,25.79422,9.474175,26.327408,693.1324,-0.022940844,5.1964273,27.002855,-13.170348,18.310843,335.28693,-0.005695506,3.33762,11.139707,-15.334601,17.47787,305.47595,0.008754988,3.5056348,12.289475,-19.060724,13.322373,177.48564,3.280722e-05,2.4935942,6.2180114,-5.436769,11.917381,142.02397,-0.0008071982,2.2515707,5.069571,-21.049683,12.39428,153.6182,0.018360594,2.3460083,5.5037546,-2.2741318,10.672672,113.90594,0.006228155,2.0104713,4.041995,-11.565682,10.442061,109.03665,-4.3288986e-05,2.004182,4.0167456,-3.5204456,8.009265,64.14832,0.0035952262,1.4775605,2.183185,-8.898419,8.594575,73.866714,-0.0009110572,1.5619715,2.4397552,2653.709359822488,821.4644065739267,674803.7712678534,1803.735159781138,251.06408307530904,63033.17381044568,4630.821409287257,1190.606324053624,1417543.418876483,20.524215846320658,7.308395792393488,53.41264905827483,0.09236523,0.09131814,0.008339003,151.17660988597902,33.43484853930803,95.20902171067573,251.2581146483697,156.04909293769398,142.65235101161107,0.94574344103522,0.33822894153856203,1.4579793149184697,108,0.21451851653223608,0.47042990654205624,0.537001089682835,2.6240000000000006,50.33600000000002,-1.4571357e-05,-7.4163756e-07,271,85.298256,3707.0605,0.00870171705261491,0.08225685948522006,9.582182320441984,222,1
319,phase3,72.92781249999999,3.39200000000001,21.499938384452058,0.04444455363409089,0.0020120272,0.0013695162,0.00011615659,0.00956245,0.009446294,0.0017751614,1.8755748e-06,0.2884867990041929,0.11640658275108336,0.013550492507784817,-488.6095,70.294044,4941.253,0.010233817,12.608866,158.98349,24.063189,46.96692,2205.8914,0.014223914,9.266116,85.86091,-30.048725,25.025928,626.29706,-0.010504208,4.6617026,21.73147,12.029939,25.526405,651.5974,0.0058637527,4.854133,23.56261,-14.875449,18.201189,331.28326,0.01193912,3.3534327,11.245511,-14.090444,16.2592,264.36154,0.0009201898,3.0445232,9.269121,-22.267073,13.783818,189.99365,0.0021481412,2.5716414,6.61334,-5.1572704,11.264995,126.90011,-0.0032604993,2.1555178,4.6462574,-19.474525,12.072502,145.7453,-0.003464851,2.3450527,5.4992723,-0.7103058,11.768227,138.49115,0.004819565,2.2034724,4.855291,-14.804028,9.510154,90.443016,-0.0021206383,1.8122901,3.2843952,-1.3111442,8.485918,72.01081,-0.00097592734,1.4931482,2.2294915,-11.230718,8.024404,64.39105,0.0010800852,1.4750744,2.1758447,2775.1856650949617,807.3839508691531,651868.844121083,1824.9095161824566,227.958587693273,51965.11770311163,4866.93854821803,1081.9161968481237,1170542.6570023082,19.890274847439258,7.024252964940787,49.34012971547945,0.10926608,0.09644409,0.009301463,152.91608266389645,26.603709812775936,109.99999999999999,231.73942791006385,121.73942791006387,152.4507104895562,0.28899781056569585,0.15010482173999798,0.3537744540449441,27,2.701029992554444,0.12562962962962954,0.09965427204540547,0.3520000000000003,3.3919999999999972,-1.4470528e-05,-7.8237235e-07,445,41.055855,997.57495,0.0158684607602279,0.12072052115850132,4.003959394778227,292,1
320,phase1,51.53243749999999,30.720000000000006,1.677488145264057,0.37348437242361365,0.01045872,0.014206562,0.00020270234,0.09547668,0.09527398,0.0052884384,0.0002018264,0.3214592297500972,0.13941095251936758,0.019435413682357364,-404.1747,117.63698,13838.458,0.08226171,19.015507,361.5895,12.4474125,38.8398,1508.5302,-0.0016380348,7.3146796,53.50454,-32.942757,33.057396,1092.7914,-0.0025397574,6.491112,42.13454,5.6547427,21.649954,468.7205,0.014355872,4.173607,17.418995,-28.726665,19.26862,371.27972,0.0018005609,3.5628798,12.694112,-6.145305,17.755293,315.2504,-0.011926864,3.1042883,9.636606,-24.214962,16.622667,276.31305,-0.03130128,2.8595266,8.176892,-0.97315365,17.93071,321.51038,-0.011450742,2.821028,7.9581995,-15.097905,13.006069,169.15784,0.0024383764,2.3429358,5.4893484,-10.636722,11.591369,134.35983,0.007815325,2.0913446,4.373722,-14.894882,10.037931,100.76007,-0.004414059,1.9027319,3.6203887,-7.303548,10.779905,116.20637,-0.008260578,1.8671649,3.4863045,-8.637723,8.678355,75.31385,-0.0010684001,1.5208179,2.312887,2918.977030674921,849.0676788924328,720915.9233397833,1799.9396042709284,249.77135214030014,62385.72834999382,4949.481597627382,976.6604973164795,953865.727018473,21.241884790579988,7.978047232289885,63.6492376406483,0.104912646,0.105898194,0.011214428,342.50040694933017,303.9685531282892,117.21605517913326,1801.1380499143238,1683.9219947351905,258.62053938239393,3.683590113073565,0.3982886035012491,1.0941924973348054,90,0.5725826325268596,0.34133333333333366,0.33224569222188555,1.4079999999999941,30.720000000000027,-1.3126925e-05,-2.1372116e-06,305,394.51834,32133.275,0.009063217460345439,0.07925402005585218,3.3182983048298467,171,1
320,phase2,47.9164375,34.336,1.3955159629684308,0.41744659542764306,0.01102951,0.014709595,0.00020770624,0.12363331,0.1234256,0.006143379,0.00021637218,0.3334415870527032,0.14408539485759658,0.02076060101126952,-411.60794,127.24352,16190.914,0.06323334,20.924736,437.84457,14.253284,41.36141,1710.766,-0.0015240985,7.8616123,61.80495,-27.014923,33.802593,1142.6154,-0.030498361,6.525605,42.583523,5.6941843,24.39337,595.03644,-0.0019376563,4.7394648,22.462524,-28.325968,21.678228,469.9456,0.0016204236,4.1508255,17.229351,-5.427432,16.606606,275.77936,-0.0032510934,3.1161418,9.71034,-26.334873,16.664745,277.71375,0.0026807855,2.9588692,8.754907,-4.0650263,17.476578,305.43076,0.007466467,3.0661688,9.401391,-14.668853,12.872201,165.69356,-0.0011840436,2.3735068,5.633534,-8.144429,11.552437,133.4588,-0.0052500735,2.117658,4.4844747,-12.851517,10.145411,102.92936,0.0040764716,1.8509156,3.4258883,-8.847448,10.397043,108.0985,-0.003257494,1.8763041,3.5205173,-5.978154,8.515969,72.52173,0.0011064785,1.5832691,2.506741,2963.801453711406,914.5749466430165,836447.3330270763,1819.3917869827023,271.0480816709208,73467.06257748614,5006.174640217814,1059.8343071957768,1123248.758709152,21.104467107886276,8.102109926873617,65.644185267144,0.11889705,0.1211315,0.014672841,264.98153508197646,56.169980277758505,122.75968568932456,587.329535834815,464.5698501454905,252.71363809934766,2.268954849203537,0.3652275377809306,0.9969309420161561,82,0.5843467916543075,0.423901234567901,0.3677046454625946,1.9200000000000017,34.335999999999984,-1.30561475e-05,-2.1991254e-06,261,267.69528,13814.202,0.00968367306865781,0.08869110389019677,6.678292809226479,320,1
320,phase3,39.32799999999998,45.41700000000002,0.865931240153879,0.5359254233288102,0.010986231,0.016992446,0.00020416985,0.16966593,0.16946176,0.0046014767,0.0002887432,0.3468634611527935,0.1336250841167681,0.01785566310521335,-410.54248,125.200356,15675.129,-0.017048912,20.951096,438.94843,11.641248,42.135677,1775.4153,0.0045686364,8.157076,66.53788,-30.103712,36.25256,1314.2482,-0.029479,7.1406145,50.988373,7.2078023,22.496,506.07004,-0.0035492533,4.378468,19.170984,-26.49392,19.960163,398.40808,-0.003962992,3.9050243,15.249215,-5.3894844,16.63317,276.6623,0.010701312,3.0654953,9.397261,-25.606232,16.234886,263.57153,-0.003792118,2.7212927,7.4054346,-1.6355501,16.806936,282.4731,0.012669097,2.9298038,8.583751,-13.001536,12.863394,165.46689,-0.0014687574,2.3656483,5.596292,-7.8914022,11.819517,139.70099,-0.0060478477,2.1679711,4.7000985,-13.9117,10.188961,103.81493,0.0012051556,1.8620964,3.467403,-8.17402,9.539931,91.01029,0.0013706182,1.75439,3.0778842,-7.1427236,8.573143,73.49879,-0.0013970775,1.5129659,2.2890658,3025.3511682386757,890.3838178093225,792783.3430167048,1804.6648074643197,281.60602443724866,79301.95299935229,5053.156851642129,1057.693178951005,1118714.8607994828,20.5502516319378,7.912131204085351,62.6018201906611,0.12701344,0.11989428,0.014374638,258.3984909251434,44.78562911926454,148.5384940785009,455.516566490206,306.9780724117051,251.2581146483697,0.671175234662747,0.21140052842151735,1.0974098766888902,93,0.4228817158829921,0.4883478260869562,0.5945209696594725,2.6879999999999953,44.92799999999997,-1.28180445e-05,-2.442301e-06,294,241.74672,12117.628,0.010579828333866734,0.08694711744702585,6.4585028478437785,254,1
321,phase1,41.85599999999998,53.99250000000002,0.7752187660282669,0.563310849935054,0.0112090185,0.016189335,0.0006530128,0.18275206,0.18209904,0.0035983955,0.00026209455,0.36680711000083444,0.14375047807188038,0.02066419994589416,-380.56952,101.55198,10312.805,-0.0033846959,12.950391,167.71262,0.012188614,38.50194,1482.3995,0.0015817637,6.868088,47.170628,-30.713331,28.571028,816.3036,0.0039027957,5.3808365,28.953403,-2.1471486,21.174343,448.35284,-0.0010358415,4.009971,16.07987,-22.830633,17.291393,298.9923,-0.0020285526,2.91739,8.511166,-5.8839307,14.374325,206.6212,0.0015512041,2.524969,6.375469,-23.601494,12.154485,147.7315,0.002721661,2.0592084,4.2403393,-7.3668914,14.507976,210.48135,0.00017211626,2.4030788,5.7747874,-13.680286,11.040245,121.88701,-0.0018297624,1.8812464,3.539088,-4.6851363,11.225251,126.00627,-0.0018026317,1.8112464,3.2806137,-13.233754,8.516618,72.53278,-0.0020743315,1.5331109,2.3504288,-5.996255,10.008171,100.1635,-0.00040518426,1.8105648,3.2781446,-7.602599,7.7181025,59.569103,-0.00083691964,1.3041811,1.7008883,3257.8043525325725,887.2684569520551,787245.3147020808,1872.8603238603673,277.37160974886757,76935.00989467809,5397.514394192256,1103.5827932890256,1217894.9816436083,20.29020919176815,8.538987367594133,72.91430526393219,0.1787226,0.13830386,0.019127958,227.8589640276405,29.454042147752634,107.48759652776705,361.54373841774776,254.05614188998072,225.1422562392905,-0.4442824526998768,0.2623497996454106,0.6259878871343839,60,0.6975999883733333,0.8842666666666662,1.7145846325632992,10.72,53.05599999999997,-1.38544865e-05,-1.3949528e-06,331,424.23077,28726.723,0.01167683996957512,0.10328254365528944,7.645259938837924,320,1
321,phase2,52.831999999999994,43.01650000000001,1.228179855911572,0.44879679911527054,0.01069304,0.012581881,0.00064589735,0.13503318,0.13438728,0.006713994,0.00015830372,0.34406454700016686,0.1511470402693175,0.022845427782174684,-375.7868,92.52893,8561.604,-0.008974205,12.908535,166.63026,3.6271727,40.583633,1647.0312,-0.0078004547,7.577491,57.41837,-31.871243,29.109493,847.36255,-0.00035845168,5.5702853,31.02808,-0.38488305,22.213476,493.4385,-0.0051909117,4.344548,18.875097,-22.65067,15.705757,246.6708,-0.0011457098,2.8370323,8.048753,-9.137986,15.163,229.91658,0.004841544,2.7975905,7.8265123,-25.895506,13.458386,181.12817,0.005300994,2.452254,6.01355,-9.152033,13.6685095,186.82814,0.0031456482,2.4343457,5.926039,-15.164016,11.080979,122.78809,0.0017401055,2.0432155,4.17473,-6.375225,11.483279,131.8657,0.004220257,2.0078125,4.0313115,-15.2263565,8.545504,73.025635,0.0030448022,1.5637434,2.4452934,-6.873025,9.545723,91.12083,-0.001993002,1.7104774,2.9257326,-8.836892,7.1346765,50.90361,-0.00057940173,1.2443546,1.5484184,3138.826360601686,935.0512814842397,874320.8990053189,1854.689870080953,292.3871425957277,85490.2411552944,5226.799795560748,1217.0041042050095,1481098.9896518379,20.92675262202465,8.85266145807333,78.36961489125703,0.15889858,0.13754366,0.018918261,228.00610590278936,17.321119690018005,175.62564499846297,357.39105439674364,181.76540939828067,226.44649206156825,1.520476625436561,0.336782376389592,0.6259878871343839,60,0.880533318657778,0.7151999999999996,1.0495939024213128,4.703999999999997,42.91199999999998,-1.40065495e-05,-1.2695325e-06,375,547.29785,26006.812,0.012383155154427018,0.10240083397596433,7.249394306480921,383,1
321,phase3,40.80099999999998,57.95200000000002,0.7040481656535029,0.586837868216662,0.0074850284,0.010816748,0.0006487285,0.08022094,0.07957221,0.0014937114,0.00011700205,0.3982206442844995,0.13787959246631978,0.019010782018678427,-410.60382,89.64699,8036.5825,0.018385872,11.028441,121.626526,-4.8001246,36.985085,1367.8966,-0.016378198,6.8475056,46.888332,-26.556742,23.508327,552.6415,0.0030441897,4.509071,20.33172,-4.9045672,17.27156,298.3068,0.004345356,3.1147885,9.701908,-20.185532,13.261567,175.86917,-0.003842643,2.2234993,4.943949,-7.2653537,13.8046875,190.5694,0.00029703957,2.3503852,5.52431,-25.25016,12.297797,151.23582,-0.0017673115,1.9822999,3.929513,-5.0615067,11.361081,129.07416,0.00078500813,1.9158623,3.6705287,-14.467376,10.005686,100.11375,-0.005720361,1.6646758,2.7711458,-3.6287658,10.228344,104.61901,-0.0025622037,1.5872566,2.5193832,-15.189525,7.6607523,58.687126,-0.0012854132,1.2869649,1.6562786,-4.404936,8.018171,64.29107,0.002942542,1.3681297,1.8717788,-10.033709,6.344065,40.247166,-0.0041567134,1.1172589,1.2482674,3426.4710083827813,864.1918929954076,746827.6279189859,1934.7069157084597,245.5977095568104,60318.234939551396,5643.507551830256,1039.8672385613586,1081323.8738332253,19.468788938539326,8.28719080552309,68.67753144714645,0.21356855,0.13900873,0.01932343,230.3116721353149,35.473430287959026,105.03257643014581,349.2282314330038,244.19565500285802,231.73942791006385,-1.2376403136980143,0.1639131842682497,0.597450204044434,59,0.6915423611602987,0.9822372881355946,1.3928834662217806,6.656000000000006,57.95200000000008,-1.4015311e-05,-1.2435793e-06,315,284.31915,28427.852,0.014375593473998761,0.1026760927014896,4.950859047572366,202,1
322,phase1,139.17987499999995,18.272000000000048,7.617111831375205,0.11604815757195681,0.034046266,0.025328431,0.0010103607,0.18833525,0.1873249,0.029474964,0.00064152945,0.24577266117150987,0.13181811861451384,0.017376016395070037,-248.23572,94.17209,8868.383,-0.0357857,17.630484,310.83395,33.536728,51.168404,2618.2056,-0.00084998755,10.593778,112.22812,-25.679174,29.142405,849.2797,0.00944111,5.798967,33.628017,13.872209,29.320633,859.6995,-0.006485474,5.8914785,34.70952,-22.20142,20.986942,440.45178,0.009779995,4.0703816,16.568007,-12.607644,17.55765,308.27106,0.0073674703,3.4584055,11.960569,-28.05542,15.195921,230.91602,0.0038752658,2.761633,7.626616,-4.2936554,11.538655,133.14056,0.0025257047,2.1024835,4.4204373,-26.370525,12.625632,159.40659,0.0007965628,2.38478,5.6871753,-5.262319,12.2003,148.84734,0.006011063,2.35016,5.523252,-19.266956,9.968248,99.36597,-0.00020674714,1.8700016,3.4969058,-6.106097,9.544705,91.1014,-0.0006638585,1.8686004,3.4916673,-21.275982,8.635735,74.57591,-0.0009549675,1.606697,2.5814753,2564.793607269914,885.3096185356433,783773.1206717262,1779.8881704487017,274.8851281103134,75561.83365622343,4618.832236842105,1157.3110162203366,1339368.788264948,22.352199434686906,9.854769705540535,97.11648594923949,0.07345994,0.09363888,0.00876824,163.73707003601046,32.25298222690691,70.10083450255941,282.02769802256034,211.92686352000095,162.92073075152206,-0.6606845902359947,0.3399715504287804,0.6795727265870921,107,1.3007464831705933,0.17237735849056632,0.1303609251582574,0.5439999999999969,18.27200000000003,-1.0330575e-05,-5.034184e-06,872,1155.4391,84952.7,0.01969364527990856,0.1310367816593725,2.960198088983771,412,0
322,phase2,142.31593749999996,15.136000000000053,9.402479393335101,0.09613092249182421,0.028993305,0.021769283,0.001012579,0.1573274,0.15631482,0.024499593,0.00047390172,0.23860749847591953,0.1278947738997376,0.016357073190865,-259.80627,87.68168,7688.076,0.0051117702,16.39863,268.9151,33.64926,52.073288,2711.6274,-0.04101122,10.553339,111.37297,-23.870375,28.054428,787.0509,0.01455876,5.550223,30.804976,14.6245985,28.394266,806.2344,0.008617429,5.5521765,30.826662,-20.46715,20.08726,403.498,-0.0109852925,3.8678741,14.96045,-11.68802,17.54231,307.73267,0.008164911,3.4397655,11.831986,-28.864635,15.379745,236.53653,0.002978587,2.8444796,8.0910635,-5.851352,11.661614,135.99324,-0.0023221453,2.160742,4.668806,-26.042269,11.731154,137.62,-0.00049661956,2.1961575,4.8231072,-5.5542293,11.926237,142.23512,-0.0063156765,2.2301972,4.9737797,-18.978935,10.0516815,101.03631,-0.002853477,1.7820013,3.1755285,-4.895997,9.251442,85.58917,0.0031440388,1.7965358,3.2275412,-23.693811,8.815986,77.72161,-0.001537416,1.6384462,2.6845062,2555.580207688705,885.4443817075718,784011.7530975041,1789.705338637391,286.8990112109212,82311.04263380427,4605.642590428774,1168.5775946417666,1365573.594698737,22.164388413255733,9.87777902991354,97.57051856379967,0.07026891,0.08679821,0.0075339302,161.02086673627613,35.96693332869802,65.40639132514966,234.43211035826653,169.02571903311687,162.92073075152206,-0.8639882800263942,0.2909977646228413,0.4953892675979296,78,1.8245632778902139,0.19657142857142867,0.14711453516359468,0.7039999999999935,15.136000000000008,-1.0264073e-05,-4.8816273e-06,837,1069.5034,57316.297,0.021053953477581863,0.12703662970189597,4.0051733489090084,570,0
322,phase3,146.30399999999992,15.91925000000009,9.190382135440863,0.09813174128862595,0.027639326,0.020508375,0.0009828163,0.14014035,0.13915753,0.02340313,0.00042059345,0.25006510416666666,0.13498834322279882,0.018221852806036134,-265.29868,91.65933,8401.434,-0.04296376,17.32189,300.04785,30.965637,51.211594,2622.6272,-0.014044493,10.317128,106.44313,-20.546072,27.384068,749.88715,0.011698671,5.492576,30.168392,18.144053,29.29235,858.0418,0.010752412,5.6825767,32.291676,-19.432331,19.405039,376.5555,0.003553889,3.785348,14.328858,-12.5622425,17.887451,319.9609,0.0047433805,3.539188,12.52585,-27.008932,15.285692,233.65237,0.006001486,2.7495813,7.560198,-5.218993,11.136467,124.020905,0.0021989767,2.1547368,4.642891,-26.243538,12.595328,158.64229,0.0046869055,2.4079938,5.7984343,-5.0534005,11.867352,140.83403,-0.003598859,2.3146358,5.357539,-18.943724,10.190517,103.84665,-0.0022523147,1.8590661,3.4561267,-5.463091,9.533397,90.88566,0.00023832048,1.8491844,3.4194827,-22.556063,8.829573,77.96135,0.0042488775,1.6588378,2.7517428,2605.344781490017,886.8625699633716,786525.2180020361,1802.8238773025162,279.36645906798253,78045.61845218277,4673.713325936884,1139.7940758321697,1299130.53530211,21.98697434076038,9.804578770099964,96.1297648590949,0.07577002,0.093068354,0.008661719,150.86512470546154,39.986323305109316,65.40639132514966,295.3659506116579,229.95955928650827,157.37105256787842,-0.4967636679282985,0.22366863900913833,0.5362979720847659,87,1.6816551530844226,0.18493023255813912,0.11897496225732633,0.5760000000000076,15.903999999999964,-1.0281446e-05,-4.9856953e-06,1004,899.53766,53199.168,0.019602051763862167,0.12604430644271022,3.6157589676290485,529,0
324,phase1,78.013,12.703999999999994,6.14082130503611,0.14003990431782348,0.014260706,0.010755453,0.00050974585,0.096658334,0.09614859,0.012855507,0.000115679766,0.33294167493386245,0.10983031889471057,0.012062698948513818,-301.07462,94.953224,9016.115,-0.07555295,18.253056,333.17404,17.251957,41.75666,1743.6187,0.009644436,7.9608293,63.3748,-19.0729,21.340494,455.41672,0.0007302269,3.9453602,15.565866,2.8991327,23.1692,536.8119,-0.009753467,4.360097,19.010445,-14.970225,22.352476,499.63315,0.009629945,4.2075276,17.703289,-6.278322,15.220058,231.65019,-0.0021667918,2.9120238,8.479883,-22.336567,14.780466,218.46219,0.010744666,2.6347578,6.941948,-6.66381,12.864833,165.50394,0.008035435,2.3766823,5.648619,-25.258846,13.461209,181.20416,0.0016085267,2.5249405,6.3753242,2.6920536,11.930982,142.34833,0.0009192485,2.34139,5.482106,-18.850878,11.525318,132.83296,0.014758704,2.1441028,4.5971766,3.2354574,9.523509,90.69723,-0.00055622123,1.8434304,3.3982356,-13.876138,9.534295,90.90279,0.011992049,1.79327,3.2158172,3113.1677253477405,716.8375123257474,513856.0190773661,2008.306841726037,204.3609171242791,41763.384447876466,5546.95491622575,739.4364115932682,546766.2067899291,21.656687679330545,9.477146850431353,89.81631242464093,0.1225667,0.09545988,0.009112589,116.20326214860302,12.520768542490888,88.83315834800462,161.9823763910578,73.1492180430532,115.20235351026894,0.4378902529741613,0.08042328039491242,0.7716304551517357,70,1.1144714126504085,0.1841159420289851,0.11063761661216276,0.480000000000004,12.703999999999972,-9.2609935e-06,-5.975362e-06,467,219.99529,14856.723,0.01735830653602933,0.1410697180715159,2.204760745004038,172,0
324,phase2,73.37299999999995,17.34400000000005,4.2304540918787845,0.19118798020216773,0.013825402,0.011208709,0.000510951,0.120232776,0.11972182,0.012713747,0.00012563517,0.3450982418430335,0.10770436040779684,0.011600229250852596,-307.28995,97.52951,9512.006,-0.044150442,18.75426,351.72226,12.977045,38.40749,1475.1353,-0.0032274984,7.536712,56.80203,-18.496952,21.708536,471.26053,0.0114004,4.2023025,17.659346,1.4118605,23.158316,536.30756,-0.0036723444,4.372962,19.122795,-10.817087,20.354673,414.31274,0.003266899,3.952996,15.626177,-6.7906094,15.173666,230.24013,0.0043785023,2.9651666,8.7922125,-24.14589,14.484177,209.79138,0.008906167,2.7222357,7.410567,-5.567373,12.3434,152.35953,0.0038936972,2.352365,5.533621,-24.75059,12.83214,164.66382,-0.016219608,2.3973584,5.747328,2.8437564,11.687469,136.59692,-0.0036671946,2.1569564,4.652461,-18.693169,11.880794,141.15326,0.004207225,2.2634737,5.123313,2.101181,9.55953,91.38462,0.006085783,1.8203363,3.3136244,-15.556032,9.383668,88.05323,-0.0047749695,1.7629606,3.1080298,3228.0896274377637,701.5571204585011,492182.3932660239,2040.6162155573156,202.80343354532252,41129.23265777205,5707.760141093474,665.0490174692364,442290.1956367967,21.794735989513438,9.631515351329455,92.76608796289496,0.13052428,0.09689998,0.009389606,140.2440607932942,15.400766920547495,97.99885899543732,183.93170582347207,85.93284682803476,140.20166900511882,0.37272211981120934,0.04656084654442298,0.8818633773162693,80,0.9171624885354682,0.2195443037974675,0.14015541079963373,0.6400000000000006,17.343999999999934,-9.755788e-06,-5.503549e-06,408,187.43793,7094.8813,0.013986281284240789,0.1375014802151029,4.756518065228357,349,0
324,phase3,73.34399999999998,20.122000000000014,3.6449655280307325,0.21528684227419612,0.013155346,0.010542749,0.0,0.14348972,0.14348972,0.012547414,0.00011114956,0.33456693582035263,0.12290573326568491,0.015105819269575686,-325.36014,126.58486,16023.727,-0.049789544,18.266266,333.6565,8.926403,37.272373,1389.2299,-0.020445978,7.2095127,51.977074,-21.265886,22.744936,517.33215,-0.010836359,4.3234963,18.692621,1.7967396,23.047024,531.16534,-0.0027877353,4.424411,19.575413,-8.086175,20.333601,413.45535,-0.020431167,3.8603296,14.902144,-11.05402,16.129519,260.16138,0.008365439,3.109607,9.669656,-21.026363,15.142106,229.28339,0.002706979,2.6548018,7.047973,-7.371979,12.617147,159.1924,0.0030282533,2.3979726,5.7502728,-25.405264,14.747174,217.47916,0.021872541,2.588973,6.702781,4.2049646,12.037696,144.90611,-0.0029375402,2.308733,5.330248,-19.0366,12.50182,156.29549,-0.004792858,2.2389827,5.013044,3.4480526,10.393948,108.03415,-0.003606255,1.9111108,3.6523445,-15.855877,9.77573,95.564896,0.0065679788,1.7734463,3.145112,3150.043417064128,919.1741788768188,844881.1711138741,1975.5323619396486,439.4621929509762,193127.01903328102,5595.2237033550155,1281.2400115017083,1641575.9670728974,21.935866880284934,9.634891183491163,92.83112811771576,0.15478845,0.19175325,0.036769312,122.55733190848308,9.60438125097851,94.11545282508624,152.01041679645533,57.894963971369094,122.75968568932456,-0.2083268867029596,0.07394727830402353,0.8773243746389062,82,0.8944390134824508,0.2473086419753083,0.42906031812786294,3.904,20.03199999999997,-1.0036564e-05,-4.616241e-06,321,188.30354,6551.071,0.014207520944889975,0.13364713736312606,4.444808027923212,326,0
325,phase1,157.06749999999994,12.800000000000068,12.270897478836066,0.07535284854371829,0.028399713,0.019573538,0.0005730912,0.18781535,0.18724227,0.024154207,0.00038312338,0.2531596183956489,0.14218629377263808,0.02021694213679894,-281.19824,79.39344,6303.3184,0.024765942,13.306009,177.04988,13.675482,51.241283,2625.669,0.052218508,10.06995,101.4039,-37.707558,39.10884,1529.5016,-0.035374597,7.861332,61.80054,-5.2706246,27.922941,779.6906,0.00047951154,5.2785635,27.863234,-24.451124,19.545538,382.02808,-0.00033124635,3.7964387,14.412947,-22.551851,19.292604,372.20462,-0.006948453,3.5409403,12.538258,-24.43557,17.207325,296.092,-0.007825549,3.2821426,10.77246,-12.771876,13.435887,180.52306,-0.003629865,2.476495,6.133028,-20.14296,15.099628,227.99878,-0.00030209866,2.9552982,8.733788,-5.7403865,11.486821,131.94705,-0.0020094807,2.1388626,4.5747337,-17.330994,10.403522,108.23326,-0.00028064396,1.9739028,3.8962924,-5.6453648,9.706599,94.21806,-0.001475408,1.7897118,3.2030683,-15.584685,8.005021,64.08037,0.00032255423,1.4726679,2.1687508,2746.868098794702,1116.3146912095615,1246158.4898102984,1767.2584848978884,310.21282517937027,96231.99690576656,4631.051045394613,1444.738057211466,2087268.0539551608,24.19903095092265,10.2029407585048,104.1000001215585,0.06216216,0.081082165,0.006574318,257.4793769374295,35.002253717768276,122.75968568932456,493.88330125612407,371.1236155667995,246.94165062806206,2.0749370468745965,0.6451309096543358,0.5121638924455826,87,1.8053735424669701,0.14883720930232455,0.14911973185806657,0.671999999999997,12.799999999999912,-1.2918994e-05,-2.3107627e-06,918,2096.72,87226.625,0.01032186907988199,0.07984709164582085,3.24064494564439,509,1
325,phase2,156.52349999999996,13.344000000000051,11.729877718084657,0.0785553446068262,0.024368364,0.01680635,0.00056249363,0.13197267,0.13141018,0.021001972,0.00028245334,0.2733417567750518,0.15147166777307225,0.02294366613795597,-294.72314,78.65029,6185.868,-0.0013302192,13.631257,185.81117,12.410856,52.213493,2726.2488,-0.0134845115,10.2717905,105.50969,-31.777905,40.538525,1643.3721,0.018250773,8.1452675,66.34538,-6.476961,25.29889,640.03375,0.009313082,4.9170895,24.17777,-21.617624,18.56243,344.56378,4.476467e-07,3.6654239,13.435331,-22.269705,20.226812,409.1239,-0.0036183484,3.7738943,14.242279,-23.804693,16.787771,281.82925,-0.0019865963,3.1694026,10.045114,-13.598986,14.044617,197.25127,-0.003897498,2.7060974,7.3229628,-19.939528,14.125836,199.53925,-0.0037015432,2.6871607,7.2208323,-4.9794645,11.286766,127.39108,-0.005342288,2.1353881,4.559882,-18.610243,10.049634,100.99515,-0.0038894522,1.8550215,3.4411047,-4.8531914,9.165647,84.00908,0.0025998107,1.703423,2.9016502,-15.318042,7.9539733,63.265694,-0.00114577,1.5059454,2.2678716,2871.1302798124007,1164.3751244988835,1355769.4305517904,1822.4695085336589,315.7720459467564,99711.98500140043,4861.707419005463,1455.4626109484784,2118371.4118689615,23.76327127023843,10.321621363533795,106.53586757215724,0.06991575,0.0878362,0.0077151977,250.61416383101965,31.17804221671955,113.87914162255151,535.48154601506,421.60240439250845,242.6993408760242,2.5638500275726632,0.580146920214702,0.5298247163230164,90,1.7391499806761108,0.14993258426966366,0.16882420866880216,1.1200000000000045,13.344000000000065,-1.3031578e-05,-2.2869795e-06,1013,1735.9673,74275.54,0.011942358329511037,0.08370102965899738,4.261340948803216,667,1
325,phase3,159.808,15.207062500000006,10.508800729345277,0.08689002125174229,0.024702707,0.01721271,0.00056898163,0.13928646,0.13871747,0.021393243,0.00029627734,0.27538830410191956,0.15375691630549893,0.023641189311776206,-296.32755,82.48452,6803.696,-0.06451346,13.573067,184.22815,8.1922245,51.405815,2642.5579,0.0072602993,9.58557,91.883156,-32.660225,40.330776,1626.5715,-0.006618745,7.852492,61.661625,-4.2844057,26.564112,705.65204,-0.0018199199,4.9445734,24.448807,-22.451122,19.10845,365.13287,0.0042406176,3.7005315,13.693933,-21.77878,20.711828,428.9798,0.011955791,3.8540552,14.853742,-23.07688,17.292494,299.03033,0.0075160135,3.258383,10.61706,-13.88824,13.717956,188.1823,-0.00067734206,2.5914695,6.7157145,-21.11214,15.441634,238.44406,0.0030531208,2.9248765,8.554902,-5.2416525,10.952103,119.94855,-0.00023481746,2.0671535,4.2731233,-19.59425,10.021962,100.43972,0.0023591535,1.8784555,3.528595,-6.2347713,9.418041,88.69951,0.0005414611,1.7738965,3.1467087,-15.78534,8.246664,68.00747,0.0015779705,1.5510343,2.4057074,2904.815926760287,1132.5448846422294,1282657.9157292808,1827.374855552135,312.01962592138955,97356.24696012386,4930.981489945156,1397.3224336707726,1952509.9836396105,23.97323615253811,10.374479578370046,107.62982652201714,0.06891122,0.088083155,0.0077586425,253.18987219259932,32.84270175517672,206.4563592676515,508.35518662380014,301.8988273561487,244.1052838549259,2.8914043319056297,0.5932358317014194,0.4913862771097202,86,1.8582325365321797,0.17694117647058746,0.19260067515251558,1.0560000000000116,15.039999999999933,-1.29612745e-05,-2.2860931e-06,959,1756.3771,64339.453,0.011148810578179081,0.08172572723161589,3.7607629154985984,601,1
326,phase1,46.93625000000001,8.67199999999999,5.412389827907084,0.1559480832430438,0.01880251,0.016014175,0.0004735471,0.18486133,0.18438779,0.015234839,0.00025645384,0.2773319503380322,0.14168579603508966,0.020074864798097027,-291.40393,85.14486,7249.6465,-0.053718913,16.506077,272.45056,24.467188,48.31011,2333.8665,-0.114379324,9.377819,87.9435,-31.255743,29.22083,853.85693,0.012990515,5.6499305,31.921713,7.9499927,21.384224,457.28503,-0.026630972,4.1410923,17.148647,-17.843487,19.371687,375.26224,-0.014784137,3.7333553,13.9379425,-10.483392,17.982096,323.35577,0.018822843,3.3353403,11.124495,-16.899258,14.646977,214.53395,0.001050814,2.7379103,7.4961524,-13.695234,17.405558,302.95343,0.019776128,3.4199376,11.695973,-14.878419,11.018412,121.40539,0.0033559147,2.0626817,4.2546554,-7.206728,13.728023,188.4586,0.020443035,2.4944854,6.2224574,-15.3590765,10.568614,111.69561,0.0008552829,1.8649457,3.478022,-0.32131252,9.516237,90.55878,0.002672515,1.842225,3.3937929,-20.697668,11.030888,121.68049,0.014817658,2.0240529,4.0967903,2805.920405330221,914.6078233432677,836507.47052071,1842.820822807383,251.39100499565333,63197.437392724605,4836.153265247411,1162.0882976467685,1350449.2115275646,22.856263973108966,9.707589157373633,94.23728724835811,0.08761333,0.09041834,0.008175476,148.9130042623035,20.265169977642458,114.5388367788287,264.6655079380657,150.126671159237,145.9866916572425,1.80742812783706,0.3768699652607192,1.0250277611685317,57,0.8234429680097727,0.1548571428571432,0.18109778619095632,0.9280000000000008,8.672000000000018,-1.1416629e-05,-3.8081018e-06,260,831.9899,49362.9,0.011132160093947838,0.09682077281846442,1.704439532344403,80,0
326,phase2,49.144312500000005,6.4639999999999915,7.602769940784364,0.11624161405725074,0.015919171,0.012335099,0.00045496412,0.079400666,0.078945704,0.013764799,0.00015215467,0.3103350429732451,0.14619785037917496,0.021373811455491627,-310.76575,96.850876,9380.092,0.049460426,16.393301,268.74033,17.95399,50.6215,2562.536,0.04533458,9.982062,99.64156,-21.326956,28.302956,801.05725,-0.030830896,5.456296,29.771168,7.694667,20.770042,431.39468,0.0048495196,4.0323033,16.259472,-15.614227,18.44842,340.34418,-0.0220088,3.374055,11.384247,-11.399564,17.760847,315.44766,-0.007701742,3.5097885,12.318616,-20.666737,13.659317,186.57695,0.015122711,2.5623543,6.5656595,-10.062808,15.758906,248.34314,-0.017604914,3.0346136,9.208879,-16.495148,11.273612,127.09434,-0.0029694214,2.034294,4.1383514,-7.7079225,13.3012705,176.9238,-0.0028602844,2.5147662,6.324049,-14.671969,9.88131,97.64029,0.003339689,1.8330646,3.3601258,-1.3199815,10.495308,110.15148,0.01366667,1.9603161,3.842839,-21.497078,10.932853,119.52726,-0.007843134,1.9718869,3.8883376,3015.8624164893376,977.454065830089,955416.450807772,1913.348462396174,265.8199131440579,70660.2262239145,5203.534054948216,1153.037642880288,1329495.8058989306,21.96332911818114,9.768096739477025,95.4157139117817,0.10737687,0.099509925,0.009902226,147.1813058103811,16.181929043698872,103.82617439498627,205.2672581380976,101.44108374311132,143.47872767421205,0.7965977372849579,0.23072497109854717,0.6294023038372186,35,1.4041231741679097,0.19011764705882306,0.19846999546618105,0.8639999999999972,6.463999999999984,-1.1133543e-05,-4.0951827e-06,277,359.26328,24724.994,0.014794437277894881,0.11156222700122698,4.354522204375124,214,0
326,phase3,50.368,6.925437500000001,7.272896871439981,0.12087662744969702,0.017899908,0.015102421,0.00048784193,0.110869035,0.11038119,0.014612663,0.00022808311,0.28944609113274705,0.13402645617846268,0.017963090955757377,-293.06387,87.10857,7587.902,-0.075356096,17.129343,293.4144,23.161777,47.51093,2257.2883,0.0030811934,9.023946,81.4316,-25.92427,29.412575,865.0996,-0.0138634425,6.0384593,36.46299,7.5324497,22.460455,504.47205,0.01922014,4.388256,19.256792,-16.291822,18.209574,331.5886,0.04523996,3.521812,12.40316,-9.85219,18.20058,331.2611,-0.0061188936,3.4730167,12.061846,-18.232578,13.57358,184.24208,-0.018870376,2.5179586,6.340116,-10.327207,15.993284,255.78514,0.015510297,3.1480594,9.910278,-16.417269,10.909995,119.027985,0.010578251,2.0476165,4.1927333,-7.5434923,13.282607,176.42766,0.0068651037,2.376996,5.6501102,-12.262844,9.695094,93.99485,0.0064500645,1.7926408,3.213561,-1.7301059,10.074563,101.49682,-0.009720051,1.9596679,3.8402984,-20.739086,10.281158,105.70221,0.0033495768,1.9002182,3.6108296,2877.2010751930798,904.2733133927509,817710.2253143042,1884.2716563935883,249.07508415690558,62038.3975477696,4992.392518146287,1151.1566804026127,1325161.7028355629,22.316196950487313,9.68076160179767,93.71714519084017,0.095884696,0.08861646,0.007852877,149.89396852462554,23.53217199628557,113.22324603078411,285.30470202322215,172.08145599243804,145.14587018501834,2.2802338184482736,0.3439419316895913,0.7156142446506198,41,1.2284877749149326,0.17280000000000006,0.23206068171924352,1.4720000000000013,6.912000000000003,-1.0856838e-05,-4.4514386e-06,267,476.76138,23962.086,0.014844191770051184,0.11036848192635604,3.752382465057179,189,0
327,phase1,80.73674999999999,7.2320000000000135,11.163818976241823,0.0822110124333927,0.03219832,0.028636705,0.00057393446,0.2073217,0.20674777,0.023411391,0.0008200609,0.2841232244318182,0.14600346461482047,0.021317011679531133,-275.92987,77.54165,6012.707,0.009282053,14.162496,200.57628,9.708404,48.55359,2357.4512,0.0036306984,9.285619,86.22272,-49.153023,41.895554,1755.2374,-0.013961878,8.376191,70.160576,2.1515768,29.740992,884.52655,-0.015195232,5.340156,28.517267,-38.840115,22.362097,500.06335,0.0018815293,4.2772756,18.295088,-15.701938,17.969278,322.89496,0.02665941,3.2928474,10.842844,-22.048485,13.453807,181.00491,-0.0118509885,2.4571006,6.037344,-17.192425,16.367786,267.90442,-0.010936546,3.1364763,9.837483,-9.193746,15.754809,248.214,0.01987556,2.9627585,8.777938,-10.528217,11.447867,131.05367,-0.003495631,2.1760218,4.735071,-16.341255,9.40569,88.46701,0.011367258,1.7435415,3.0399368,-0.62126374,9.580162,91.7795,0.002412878,1.8007373,3.2426548,-16.93437,10.171888,103.467316,0.0025040095,1.7256427,2.9778426,2817.0498010515153,1068.4828100545694,1141655.5153821092,1645.885525832801,313.9505643917487,98564.95688189754,4556.082386363636,1291.8433789872615,1668859.3158332256,24.164192691222624,9.339076011111612,87.21834074132036,0.061689686,0.07803122,0.0060888715,271.18185879450846,45.8917121728008,111.27813843321147,493.88330125612407,382.6051628229126,263.1411467822288,0.020347906698658415,0.5359999998050909,0.7843694493783304,69,1.170097809129017,0.10635294117647047,0.10534031191751304,0.544000000000004,7.231999999999992,-1.3082289e-05,-2.1500712e-06,483,1904.2218,136781.62,0.0097748621014838,0.09653700156891247,2.229467993200123,180,0
327,phase2,79.48874999999992,8.480000000000075,9.373672243670635,0.09639786856127971,0.018186992,0.015258606,0.0005729694,0.13883393,0.13826096,0.014215358,0.00023282504,0.2886297940340909,0.14763372409989745,0.021795716491604642,-324.623,69.94427,4892.2007,0.0024126726,13.08098,171.11205,4.6001635,44.0356,1939.134,0.015076661,8.566604,73.3867,-41.090652,39.565243,1565.4086,-0.0004549852,8.118857,65.91584,4.6956315,28.87153,833.56525,-0.026246468,5.44958,29.697926,-36.788467,20.98736,440.46927,0.009134568,4.148437,17.209528,-14.293251,16.93309,286.72955,-0.0052319127,2.9864511,8.918891,-25.736141,13.6652355,186.73866,-0.00037747642,2.5580177,6.543455,-17.2025,14.939461,223.1875,0.011614536,2.8876574,8.338565,-12.769824,15.102311,228.07979,-0.0015908516,2.94825,8.692179,-9.603005,10.817093,117.00949,-0.005906182,2.0386555,4.1561165,-14.668318,9.29066,86.31635,0.008608483,1.7329377,3.0030732,0.26269007,9.405748,88.4681,0.0029579634,1.7563654,3.0848196,-14.517216,8.889183,79.01758,-1.567962e-05,1.5720125,2.4712234,2897.4232154107644,1061.2963082890162,1126349.8539878947,1692.23997567255,294.20068836243735,86554.04503293197,4674.318181818182,1245.0955548325355,1550262.9406637396,23.816776940257384,8.613855719153705,74.198510350397,0.06415955,0.0765732,0.0058634547,265.66413155910243,41.077214992124446,119.95585059317834,434.9461689552743,314.99031836209593,258.62053938239393,0.4098400889911604,0.5978181816007934,0.9207815275310834,81,0.9813425804772512,0.10600000000000112,0.09857788798711345,0.4800000000000004,8.48000000000009,-1.4036052e-05,-1.3403849e-06,488,1105.6873,66380.6,0.008824359831291484,0.08979842479442292,3.849601358682836,306,0
327,phase3,73.34399999999997,17.290500000000037,4.241866675812332,0.1907717259983785,0.018483358,0.01776675,0.0,0.13643695,0.13643695,0.013843682,0.0003156574,0.24335175691625485,0.14607318097201288,0.021337374199282427,-349.81613,118.46559,14034.097,-0.058792405,13.087799,171.29048,8.355366,39.85686,1588.5693,-0.037831858,7.8350015,61.387245,-40.98518,39.148388,1532.5962,0.012820472,7.3217573,53.608128,1.9066586,28.997396,840.849,0.019074343,5.1676574,26.704685,-34.364048,23.732626,563.23755,0.009811848,4.1612763,17.316221,-12.396488,16.35801,267.58444,-0.0023054013,2.9125903,8.483182,-20.193834,15.938547,254.03728,-0.007493315,2.6015732,6.7681828,-18.07565,16.866299,284.47202,0.0144471135,3.1213903,9.743077,-9.921334,15.3760605,236.42323,0.0058127586,2.9056427,8.44276,-9.020531,11.352841,128.88701,-0.0018429586,2.0190964,4.0767503,-14.122825,10.136809,102.754906,-0.0046634385,1.6535181,2.734122,0.898872,8.822335,77.833595,-0.00659796,1.7221861,2.9659247,-14.853768,11.653932,135.81412,-0.0035079855,1.9443247,3.7803986,2514.8546863895176,1225.2634485867575,1501270.5184427134,1529.6027961076861,579.2215378725962,335497.58993549534,4141.085532121426,1773.3919075701262,3144918.8578352113,23.376214039620045,8.32984358303943,69.38629411790316,0.15283851,0.28758702,0.08270629,269.7928391884533,42.98841356101335,106.86851352689665,429.9503861110682,323.08187258417155,263.1411467822288,0.5436861140803332,0.5608895162157115,0.7833661574786642,71,1.0330140699575479,0.24640000000000012,1.0652320256974201,9.056000000000001,17.248000000000008,-1.245656e-05,-1.2100301e-06,546,926.1859,93920.41,0.009629208022817463,0.08807778931474694,3.8857984293193737,285,0
328,phase1,171.04574999999986,48.16000000000014,3.5516143365528454,0.2197022660217633,0.022045981,0.020601686,0.00022557775,0.20807616,0.20785059,0.016794013,0.00042442948,0.2975115973033134,0.1378155530608394,0.01899312666546504,-322.29498,98.77436,9756.375,-0.03061596,17.276628,298.48187,13.615396,57.392914,3293.9465,-0.016923944,11.674157,136.28595,-39.2586,39.755104,1580.4683,0.012546515,8.106536,65.71592,16.906656,29.869345,892.1778,-0.010356388,5.794831,33.580063,-16.805506,22.39998,501.7591,0.0012660163,4.2001867,17.641567,-21.067432,22.515265,506.93716,0.014729008,4.4919515,20.17763,-17.16168,17.54301,307.75723,0.0034444171,3.2967606,10.86863,-19.391216,18.072588,326.61844,0.0065214993,3.4695904,12.038058,-20.659193,12.830151,164.61276,0.004514308,2.3530395,5.536795,1.904374,14.765292,218.01385,0.0029716494,2.7818096,7.738465,-20.655376,13.891441,192.97214,0.0035675839,2.4856985,6.1786966,5.1482797,11.546657,133.32527,0.0013971792,2.2104187,4.8859506,-8.406933,11.565357,133.75749,-0.0012148536,2.1856809,4.777201,2852.3830739460227,1040.0201691641942,1081641.9522683192,1611.8006958762874,318.0422133970522,101150.8495024961,4488.9648865129175,1402.1722798006422,1966087.1022413303,22.938475343045404,8.755671015220749,76.66177492677673,0.07096821,0.08932041,0.007978135,194.20676788579112,54.17756543280461,75.13221412149176,564.0553960451207,488.92318192362893,182.87233715141332,3.6501017970054765,0.25894030064823526,1.2408433629136097,272,0.6288446668057176,0.17771217712177126,0.18937416398378973,0.9920000000000186,48.16000000000001,-1.3826597e-05,-1.4243244e-06,1176,405.09317,33482.543,0.011303762397242931,0.0995695514884073,3.5662973210383804,610,0
328,phase2,164.22981249999992,54.976000000000084,2.9873000857228535,0.25079626937356,0.018377759,0.018548727,0.0,0.13817988,0.13817988,0.012761533,0.0003440553,0.28686391585170046,0.14750431597601615,0.021757523231552417,-355.76764,124.29447,15449.116,-0.037231077,17.983646,323.41156,11.418331,55.43062,3072.5535,0.020576913,10.923359,119.31977,-38.805103,39.85246,1588.2185,-0.0027782733,7.6888595,59.11856,13.303421,29.196186,852.4173,0.0025978133,5.6290307,31.685986,-21.037622,21.722937,471.88602,0.00075044605,4.053475,16.43066,-20.189165,22.408392,502.13605,-0.0034755373,4.3892875,19.265844,-19.217098,16.92607,286.49185,0.0047886474,3.0619125,9.375308,-18.067911,17.480583,305.5708,0.0018049966,3.2239726,10.393999,-21.992853,13.492281,182.04164,-0.00095957314,2.3074238,5.324205,0.8066825,14.212427,201.99307,-0.0005765249,2.5523417,6.514448,-22.522442,13.851031,191.85107,0.003424568,2.3938885,5.730702,3.5131772,11.532576,133.00029,0.0046913973,2.2452164,5.040996,-12.198571,11.771834,138.57608,-0.0006896979,2.1311486,4.541794,2742.7829748483573,1148.7548091006477,1319637.6114318655,1578.937192846767,460.90787352674414,212436.06787894518,4382.511449058532,1637.4141608955501,2681125.1343012787,22.18814982521048,8.667035614823888,75.1175063486257,0.12079627,0.2111697,0.04459264,192.64095001380747,48.722363872666286,66.16637698451642,488.2105677098518,422.04419072533534,181.8190699939266,2.801513869925594,0.2408407531395649,0.9990610992580318,219,0.7499078162104662,0.2521834862385322,0.7037761081263675,10.175999999999988,54.97600000000002,-1.3246583e-05,-1.3620516e-06,1059,566.2562,84028.984,0.012246184010115325,0.10562040975226178,4.104005172629667,674,0
328,phase3,165.95199999999974,59.896437500000246,2.7706488758926637,0.265206339981875,0.01938398,0.020543583,0.0,0.17286302,0.17286302,0.013748381,0.00042203878,0.26174344770561775,0.14719946915837787,0.021667683720508233,-352.09082,128.60376,16538.926,0.010272267,18.690876,349.34885,14.657077,54.340763,2952.9185,-0.012666084,11.193356,125.291214,-38.004704,40.672794,1654.2762,0.0009397589,7.9711046,63.53851,14.4819765,29.112682,847.5482,0.00039665718,5.580544,31.142471,-21.54055,22.432491,503.21664,0.00019653245,4.111384,16.903479,-20.487251,23.086494,532.98627,-0.0027772407,4.4874625,20.137321,-17.168295,16.359413,267.6304,-0.0043627666,2.9907444,8.944552,-17.91394,18.049143,325.77155,0.00020474325,3.2926826,10.84176,-21.372768,13.624006,185.61354,0.000399744,2.2483854,5.0552373,-0.022000363,13.721641,188.28342,-0.0016491932,2.5828788,6.671263,-21.923603,13.992623,195.79352,-0.002161881,2.3520675,5.5322213,2.7416701,11.303755,127.774864,0.003386096,2.1257584,4.518849,-11.294172,11.340046,128.59665,0.0010132227,2.0159123,4.0639024,2590.082713732264,1201.0287366283274,1442470.0262070363,1516.8463843429722,528.3474745679733,279151.0538823552,4165.346503967129,1751.2045926775274,3066717.5254148645,22.112253520688242,8.65511251279739,74.91097260918193,0.13874187,0.25500962,0.065029904,197.30437409713514,41.1667774537499,103.22817963382575,398.84739550836855,295.6192158745428,188.23090565017245,1.8176040102611621,0.22258430147030542,1.1689255100558311,264,0.6286060582249761,0.22654545454545388,0.6325423972331983,7.6800000000000015,59.80799999999982,-1.2586577e-05,-1.5021204e-06,971,365.1117,37019.85,0.01235744294094495,0.11149987224129257,4.236164674122644,703,0
330,phase1,35.79343750000002,27.615999999999985,1.2961122611488909,0.43551876642968146,0.011997235,0.015446305,0.00023140608,0.19281839,0.19258699,0.0071198056,0.00023858836,0.312190081830222,0.12376601229041623,0.01531802579827146,-352.8444,94.10749,8856.22,0.15285592,16.210896,262.79312,26.452818,54.067707,2923.3171,0.020406237,9.731491,94.70191,-43.656006,34.546402,1193.4539,-0.035418343,6.2661347,39.264446,13.339454,26.221094,687.5458,-0.012269383,4.6089334,21.24227,-29.579098,21.644491,468.48404,-0.028803566,3.8342133,14.701191,-6.7856493,13.997705,195.93576,0.0054644733,2.3862965,5.694411,-21.454796,13.541299,183.36678,0.0034987472,2.368759,5.6110187,-15.663548,17.795294,316.6725,-0.015969055,3.0301428,9.181765,-9.865796,11.172553,124.82595,0.007952076,2.100643,4.412701,-2.4692223,14.823909,219.74828,0.0057436447,2.588516,6.700415,-15.291672,9.787653,95.79814,-0.005538817,1.7014706,2.8950024,-5.756351,8.913397,79.44865,0.008090634,1.6414907,2.6944916,-7.0780463,8.687477,75.47225,-0.0035758442,1.444016,2.0851822,2774.6784595374024,921.7757554606508,849670.5433550535,1625.2224824842324,284.5404416881353,80963.2629560791,4513.555594096872,1179.3717011858048,1390917.6095578992,21.419070968178463,8.447501665237619,71.36028438419234,0.08270143,0.08794444,0.0077342247,116.84101083980846,9.01940836682782,96.87324609557632,141.8307339283537,44.95748783277739,114.5388367788287,0.8210623487387153,0.21493440957874146,1.4666586499840815,93,0.3848756679045629,0.29694623655913965,0.3513696202188203,2.1439999999999984,27.61599999999999,-1.1859404e-05,-3.3362933e-06,254,240.09421,25191.18,0.013107615483339654,0.08506694110082597,4.051021922663894,145,1
330,phase2,44.36949999999998,19.04000000000002,2.3303307599616163,0.30027046420489073,0.009574374,0.011169504,0.00029094337,0.10591132,0.10562038,0.0062321858,0.00012475783,0.32191899951122604,0.12497622140878865,0.015619055917618564,-368.81778,90.60874,8209.944,-0.08120083,15.132025,228.97816,25.54213,54.82692,3005.991,-0.037240993,9.996872,99.93745,-35.166447,31.98429,1022.99475,0.022566872,5.637258,31.778677,6.1393886,25.52854,651.70636,0.02082031,4.6404696,21.533957,-28.291151,23.690308,561.2307,0.021084625,3.8685012,14.965301,-0.89659584,13.755347,189.20958,-0.012756534,2.451945,6.012035,-21.104074,12.991536,168.78001,-0.018354915,2.2852273,5.222264,-14.187245,17.315277,299.81882,0.015599626,3.086735,9.527933,-9.345652,11.045171,121.995804,-0.0062506613,1.9281874,3.7179065,-3.8486743,12.944637,167.56363,-0.015737023,2.1785278,4.745983,-17.373703,8.834556,78.04938,0.0031474824,1.537031,2.3624644,-2.937722,8.578364,73.58834,-0.002401768,1.4387602,2.070031,-9.138783,7.3846455,54.532986,0.010648812,1.3128283,1.723518,2844.4404165247965,956.1361573679509,914196.351426351,1700.933837564643,287.7690035386801,82810.9993976449,4694.216700302724,1183.1502619101238,1399844.5422579944,20.915637718942214,8.48122439988242,71.9311673211609,0.09798251,0.095315725,0.009085088,125.94657975404986,17.430232565571,96.31529725464738,245.51937137864914,149.20407412400175,125.62905732418486,3.443664705765652,0.20635721483029404,1.4351161892145499,91,0.4875769177189348,0.21155555555555577,0.26056788883390436,1.4080000000000013,19.04000000000002,-1.2010963e-05,-3.3139088e-06,302,176.51442,15645.363,0.014365608785705565,0.08184198349470079,3.2680106830142344,145,1
330,phase3,48.38399999999999,16.94700000000001,2.8550184188931107,0.25940212150433956,0.013619824,0.019614069,0.00028640573,0.122328795,0.12204239,0.007509305,0.0003847117,0.3104636615450539,0.11882248181300034,0.014118782184200797,-345.96997,94.92799,9011.324,-0.029637516,13.725008,188.37585,19.26766,56.58935,3202.3547,0.02569822,9.450568,89.31323,-43.164894,32.373753,1048.0599,0.0132426955,5.493086,30.17399,11.922931,25.820538,666.7002,-0.026983634,4.443828,19.747608,-27.564745,22.577415,509.73965,0.01003282,3.7379017,13.9719095,-3.4696982,14.505951,210.42262,0.009562824,2.5459805,6.482017,-21.220697,12.890109,166.1549,0.00016505757,2.4237978,5.8747954,-15.547655,17.05687,290.93683,0.00030945378,2.9363487,8.622144,-9.422754,10.118405,102.38213,0.004718122,1.8424209,3.3945148,-3.7179549,13.062954,170.64076,0.014717937,2.257678,5.09711,-15.601588,9.315597,86.780334,-0.007441205,1.675876,2.8085606,-4.5427623,8.636749,74.593445,0.0005129087,1.3893113,1.9301858,-8.5487995,8.727452,76.16842,0.0037912368,1.3742473,1.8885558,2799.71718922151,887.3758624809407,787435.9213137933,1653.2106244028164,254.9964471828337,65023.18807586769,4580.944692703232,1142.2110325005146,1304646.0427658916,21.34782967079366,8.655495499437134,74.91760234077647,0.086670205,0.08027157,0.006443525,139.25584266560205,22.323752265987586,65.40639132514966,210.06515286029162,144.65876153514196,137.79308824865404,-0.27634215276717333,0.18315377072323516,1.1786135219114968,77,0.6283636282030697,0.2198441558441559,0.43426364201661494,3.0080000000000027,16.928000000000004,-1.2286831e-05,-2.9801033e-06,297,1845.0995,502049.1,0.014421601689551693,0.06270438096337225,3.141534391534392,152,1
331,phase1,109.79199999999994,23.128625000000056,4.747017829766441,0.17400328203392104,0.020990059,0.019032175,0.00034373245,0.17552434,0.17518061,0.015979689,0.00036222365,0.2830687712521064,0.11443113464551491,0.013094484576259963,-293.99777,96.18087,9250.76,-0.08570912,16.73585,280.08868,24.285902,50.45622,2545.83,-0.02020744,10.133157,102.68086,-47.92426,35.29699,1245.8774,0.008382579,7.2363567,52.36486,-0.23695384,25.002792,625.13965,-0.013280836,4.896501,23.975723,-20.49219,19.41942,377.11386,0.0025293014,3.7486796,14.052599,-2.88148,17.648424,311.46686,0.012934692,3.4496386,11.900006,-30.269258,17.780256,316.13748,0.011335635,3.2160215,10.342794,-9.023331,14.1587105,200.46907,0.0031902003,2.6133132,6.8294053,-18.300209,12.219686,149.32071,0.008863692,2.186031,4.7787323,-5.3544974,12.836107,164.76564,0.0041097836,2.4517524,6.01109,-17.418486,12.252782,150.13066,0.00852302,2.1023269,4.419778,2.794912,10.761559,115.81114,-0.0012972339,2.0762138,4.3106637,-20.247335,11.484388,131.89117,0.0054396875,2.0997074,4.4087706,2724.215181094758,883.7710025825347,781051.1850057385,1693.2834226916834,264.1207675642521,69759.7798587297,4566.370516369764,1198.1125489797912,1435473.6800228527,22.365069223642546,8.947958170362883,80.06595541856386,0.07542465,0.08030815,0.0064493986,155.691534960079,27.202224240018968,70.91536696417685,285.30470202322215,214.3893350590453,148.5384940785009,1.387617904650738,0.2566201251187722,0.9705040132033685,129,0.8511007685961176,0.17724999999999969,0.1879532854195425,0.9280000000000115,22.68799999999996,-1.3105564e-05,-2.1434319e-06,759,279.82013,18758.746,0.014137597073517435,0.11192766627424679,3.297143689886332,362,0
331,phase2,113.78468749999996,19.136000000000053,5.946105850433413,0.14396555088537327,0.023247512,0.019734263,0.00030696686,0.17830439,0.17799743,0.018579558,0.00038944115,0.28818726114889265,0.1237118264429139,0.01530461600184165,-284.3988,94.06667,8848.539,0.12353626,17.012009,289.40842,18.842192,52.483265,2754.493,0.008876725,10.406023,108.285324,-47.793507,36.486126,1331.2373,-0.016434293,7.595548,57.69235,1.481809,25.302229,640.2028,0.0017550123,5.143372,26.454275,-20.70012,19.037678,362.4332,-0.0044465023,3.7747824,14.248982,-4.2563972,17.44679,304.39053,-0.003033303,3.390593,11.49612,-34.42262,18.433968,339.81116,-0.01524516,3.5035279,12.274707,-7.2918572,13.542002,183.38582,-0.0053683817,2.5272958,6.3872237,-18.94339,12.065045,145.56532,-0.008112285,2.181408,4.75854,-5.3559976,13.318862,177.39209,0.0008675523,2.5272856,6.3871727,-17.924068,12.161036,147.8908,-0.0053318427,2.1214318,4.5004735,3.8239267,10.377644,107.695496,-0.002500825,1.9980137,3.9920588,-19.294804,10.970036,120.341675,-0.0028169183,1.9984596,3.9938407,2790.211265357819,937.1513299157489,878252.6151628568,1680.9793391407825,262.8188238888013,69073.73419029277,4654.875195594607,1200.2141483323592,1440514.0018571701,22.35222821626111,9.038053752141844,81.68641562660527,0.07570058,0.07806869,0.0060947207,159.57854458022723,26.79640014980712,125.62905732418486,251.2581146483697,125.62905732418486,151.1349012203898,1.2755068812274735,0.2079922965315377,0.8727008728419343,116,0.9809024699922197,0.1649655172413792,0.1753519579467736,0.9280000000000008,19.13599999999999,-1.2942927e-05,-2.2414222e-06,626,281.70395,21937.66,0.015112999996878368,0.10961597996746462,4.236070868498893,482,0
331,phase3,115.58399999999995,21.364625000000046,5.41006428102227,0.1560046696343249,0.021622933,0.019761879,0.00033893497,0.1268503,0.12651137,0.016584624,0.00039053187,0.2839802679614486,0.12194533753364431,0.01487066534619444,-298.05264,103.59994,10732.946,-0.064749464,17.45158,304.55765,23.475328,49.61968,2462.1125,-0.01409056,9.636085,92.85412,-46.93264,35.061466,1229.3064,0.0013927465,6.811794,46.400536,-0.02594901,25.532246,651.89557,0.008388958,4.9825287,24.82559,-17.136803,19.469343,379.0553,0.005492688,3.7173886,13.818978,-3.6924608,16.8978,285.53568,-0.0051817503,3.2128928,10.32268,-34.347,18.424622,339.4667,-0.00066944305,3.3339546,11.1152525,-7.301419,13.708213,187.9151,0.0043204376,2.5254478,6.377887,-19.837576,12.556122,157.65619,0.0029055357,2.2317908,4.9808903,-4.544493,12.833561,164.70029,0.0021956083,2.452094,6.012765,-17.776701,11.65055,135.7353,0.0019736097,2.0408664,4.165136,2.490285,10.201038,104.06119,-0.0007586686,1.942332,3.7726536,-16.864843,10.3339,106.7895,0.0017160531,1.8454107,3.4055405,2729.646925640317,911.4627521290428,830764.3485186488,1698.9614056612154,267.8649814172334,71751.6482696548,4628.077540887851,1225.1606310314912,1501018.5718294815,22.124152306014953,8.923714137840308,79.63267401389099,0.08068685,0.08895338,0.007912705,159.36871949075362,27.17347092286234,65.40639132514966,266.19869962824436,200.7923083030947,153.77669275969214,0.7153484722452512,0.221261682191294,0.7082948076331544,97,1.1915876165815704,0.22100000000000053,0.21806803219790516,0.9920000000000044,21.21600000000005,-1.3003224e-05,-2.3185441e-06,699,297.09653,23783.69,0.014639204420148965,0.11284884602454927,5.251591915836104,607,0
333,phase1,119.68062499999994,16.672000000000054,7.178539936507894,0.12227120673327745,0.026553826,0.021161055,0.00024217601,0.14057302,0.14033085,0.023088336,0.00044779025,0.28546958862476535,0.1425301811560445,0.020314852540374857,-273.66052,107.12929,11476.684,-0.020155234,19.060322,363.29587,35.42531,57.945812,3357.7173,-0.0074891923,11.515985,132.6179,-37.904556,37.09228,1375.8374,0.009970156,7.581935,57.48574,2.1432898,27.409327,751.2712,-0.011531413,5.341804,28.534868,-29.404287,28.003712,784.2078,0.0030282736,5.4214935,29.392593,-12.376829,16.909565,285.9334,-0.0005333219,3.3071928,10.937525,-19.360094,13.119137,172.11174,0.008266358,2.5067577,6.283834,-11.784416,14.125833,199.53915,0.012572294,2.6382158,6.960182,-20.351719,10.704324,114.58254,-0.0057885125,2.0074234,4.029749,-5.3131843,11.772472,138.5911,0.001684488,2.1893344,4.793185,-15.273563,11.130717,123.89286,0.0021128755,2.092032,4.3765974,-5.544555,8.672953,75.2201,0.0066549205,1.667997,2.7822142,-16.78151,8.932082,79.7821,0.0013130473,1.621078,2.627894,2633.274891799809,1045.0988510250618,1092231.6084139042,1669.655425506634,324.77538547520624,105479.05101056882,4426.774768301267,1391.5772294433825,1936487.1855053208,21.454026874724438,9.360851372481704,87.6255384176926,0.08472534,0.10281568,0.010571064,135.2099596516515,32.81972532187607,65.40639132514966,241.30149553281768,175.89510420766803,139.3941668115768,-0.5183889848561626,0.13796339743360783,0.6527193737560976,89,1.3447261084862228,0.18945454545454551,0.1908585214409135,0.8319999999999936,16.672000000000004,-1.134182e-05,-3.8175954e-06,876,237.9221,15507.247,0.03277397384469582,0.1195115996088036,3.375650820673774,404,0
333,phase2,115.77599999999998,20.57668750000002,5.626561339060941,0.1509078249741137,0.026448837,0.022363028,0.00051096926,0.15557247,0.1550615,0.021407763,0.000500105,0.283897510888374,0.14060060196820912,0.019768529273822767,-275.33276,112.64525,12688.952,-0.07048308,19.220411,369.4242,36.830727,54.89376,3013.325,-0.03815691,10.52556,110.78742,-39.245342,35.984604,1294.8918,0.023232365,7.307257,53.396008,-0.94128,25.960167,673.9303,-0.0046004336,5.0062337,25.062374,-26.78521,26.236704,688.3646,-0.0006788371,4.7952394,22.994322,-12.900789,16.412626,269.3743,0.009751331,3.0875525,9.532981,-20.306433,13.179029,173.68683,-0.00348357,2.4709597,6.105642,-12.921458,14.026809,196.75137,0.011255764,2.5099,6.2995987,-21.42796,10.93997,119.68295,0.0048094015,1.961153,3.846121,-3.7705944,11.231822,126.15383,-0.0031300893,2.1093488,4.4493523,-16.070822,10.496977,110.18652,-0.004740166,1.9366693,3.7506883,-5.2123747,8.1013,65.63107,0.0018499544,1.5068331,2.270546,-18.180344,9.421767,88.76971,0.00070995593,1.6484046,2.7172377,2627.5828090867903,1028.2177078266807,1057231.6546883532,1694.9541788692707,324.6147621016539,105374.74377431336,4436.808936532145,1416.8342642578493,2007419.3323750815,21.265167366453927,9.432357074548765,88.96935998179015,0.093350954,0.107200176,0.011491877,125.06175770767305,30.163339819087582,65.40639132514966,192.63059450929475,127.2242031841451,136.21039964151845,-0.9044573145971581,0.10159549504889828,0.6820547633137044,93,1.2449032124203954,0.2233043478260863,0.21089507689691803,0.7360000000000042,20.54399999999994,-1.1234205e-05,-4.1194508e-06,808,243.18169,15885.069,0.028808270981282746,0.12226177191840766,4.1027501381979,475,0
333,phase3,119.93599999999994,20.548625000000058,5.836691952055558,0.14626956508585945,0.024952492,0.020079028,0.0005110146,0.13537176,0.13486074,0.021275414,0.00040316733,0.29293805867114553,0.15024129142695627,0.022572445649639603,-282.26825,111.89326,12520.102,0.049668036,19.280132,371.7235,33.233112,57.762222,3336.4744,0.0011149289,11.189598,125.2071,-35.50416,35.709373,1275.1594,-0.0076959794,7.0309286,49.43396,-1.3896405,25.851725,668.3117,-0.0044024405,5.0692306,25.6971,-28.204939,27.29556,745.0476,0.00051906466,5.104277,26.053646,-11.701532,16.998259,288.94077,0.00095124444,3.2264843,10.410201,-18.7568,13.306895,177.07347,-0.0013497784,2.4354997,5.9316587,-11.63354,14.382442,206.85464,0.0041468036,2.6110787,6.817732,-20.657589,10.659385,113.62249,-0.00016429696,1.9561627,3.8265727,-4.668395,11.156613,124.470024,0.005613384,2.1037648,4.4258265,-16.489294,10.349721,107.11672,0.00093985006,1.884421,3.5510426,-4.5709615,8.074859,65.20334,-0.0045563555,1.5185118,2.3058782,-18.230122,8.914154,79.46215,-0.0009508622,1.6228713,2.633711,2688.127792220762,1060.1890748312667,1124000.8743915772,1710.7593809611685,321.6211838754763,103440.18591746294,4528.924575836939,1410.7155210168196,1990118.281237757,21.275480951635153,9.345675338376266,87.34164753033433,0.095373526,0.10928221,0.011942601,128.221621087288,34.07101236130272,65.40639132514966,187.14677540918822,121.74038408403857,141.01384901128017,-0.9300595505183616,0.13368253242229958,0.7189398839908638,101,1.1874851367575723,0.2034059405940593,0.2111905984545721,1.1199999999999999,20.54399999999999,-1.1539413e-05,-3.7202342e-06,792,242.27275,19073.506,0.03376654056106071,0.1164719312706485,3.5769076840981877,429,0
335,phase1,122.66675,19.616,6.253402515629969,0.13786632603038668,0.021687213,0.01773231,0.0004748532,0.13950199,0.13902713,0.017761774,0.00031443476,0.30524857874690803,0.13601727097815292,0.018500698004344278,-303.52783,98.10485,9624.562,-0.010877592,16.499304,272.22705,7.2749314,46.654736,2176.6643,-0.013648596,8.972795,80.51105,-43.642315,37.66097,1418.3485,0.00578623,7.1611037,51.281406,-2.3928404,27.265362,743.39996,-0.008938069,5.164825,26.675417,-29.530504,19.850487,394.04184,0.01333338,3.7972538,14.419136,-19.473217,18.397335,338.46194,0.0075064544,3.2829971,10.77807,-22.721127,14.60832,213.40303,0.008993931,2.7316787,7.462068,-8.223018,14.427632,208.15657,0.0037395258,2.6258218,6.8949404,-15.091898,12.970711,168.23933,0.0020720833,2.3995264,5.757726,-7.091154,10.243527,104.92986,0.005870845,1.9395562,3.7618783,-21.464891,10.800455,116.64983,-0.0018116514,1.9236891,3.70058,-2.2273786,8.68829,75.48638,0.0054552355,1.5899299,2.5278773,-13.625128,8.412732,70.774055,0.0027373563,1.493347,2.2300854,2919.918767383887,997.6528787753173,995311.2665286779,1758.115296737478,297.72984355680285,88643.05974435831,4818.455559928041,1293.0356660553991,1671941.2336913298,22.74721620719543,9.565359072495644,91.49609418577474,0.08466751,0.09728368,0.009464116,275.6145905872612,40.47793989386021,144.30989148811935,479.82340237271336,335.513510884594,264.6655079380657,1.523366410232087,0.37733303342088304,0.766080217032634,109,1.125383017198321,0.18162962962962984,0.18920577630915866,0.7680000000000007,19.61600000000002,-1.3055165e-05,-2.2230797e-06,718,796.9895,59615.023,0.012133486579921355,0.08422343064273394,3.391302043952416,416,1
335,phase2,113.3119999999999,28.970750000000095,3.9112551828566517,0.20361393071191058,0.02434142,0.022025576,0.0,0.18489617,0.18489617,0.020096665,0.000485126,0.27971620175820777,0.15466845675732369,0.023922331515692105,-313.5593,131.21536,17217.47,0.00026235543,15.900025,252.81082,3.277452,48.208195,2324.03,0.0004458349,9.118211,83.14177,-39.511593,39.612644,1569.1615,-0.020114299,7.6532693,58.572533,1.1591079,27.658024,764.96625,0.0047079427,5.181124,26.84405,-30.558807,23.034132,530.5712,-0.0075843628,3.9987488,15.989991,-19.710588,19.096645,364.68185,-0.0043157763,3.4777906,12.095027,-18.826128,15.487117,239.8508,-0.008861341,2.6817644,7.1918607,-9.236463,14.463222,209.18477,-0.0012607364,2.6863241,7.2163377,-15.102453,13.550344,183.61185,-0.0055612177,2.375433,5.642682,-6.8172,10.1917715,103.8722,-0.005718272,1.8244298,3.328544,-20.090113,12.166337,148.01976,0.0029141598,1.9626174,3.8518672,-2.2439694,8.790618,77.27496,-0.0016576381,1.5497622,2.4017632,-12.650834,8.882986,78.90744,-0.00025730443,1.4331617,2.0539527,2701.9242891843423,1256.5888934709749,1579015.6471946088,1582.8986509763988,549.4794172848256,301927.6300196714,4394.3880706094,1787.5468087110914,3195323.593333207,22.06104107407617,9.608871307302378,92.3304078002989,0.14986663,0.26619998,0.07086243,290.6980894440473,99.37674157215942,112.57112811964524,1230.213542077537,1117.642413957892,266.19869962824436,6.275265105958176,0.3100966943309879,0.6887693694421847,98,1.1562448861607655,0.29426804123711264,1.1822970348729456,11.776,28.543999999999926,-1.1757012e-05,-2.2326963e-06,747,818.507,62066.38,0.011976198820720499,0.08527219947013319,4.244916690200512,481,1
335,phase3,125.50399999999992,21.09043750000008,5.950753465841853,0.14386928903765586,0.020398606,0.016782513,0.00048190806,0.16266812,0.16218622,0.016735777,0.00028165276,0.29875395569620256,0.13511770100969078,0.018256793126144196,-307.30975,90.230515,8141.5454,0.007827193,16.03311,257.06058,6.2910686,49.31179,2431.6526,0.0075208745,9.64292,92.98589,-41.332962,36.83765,1357.0125,0.0011577456,7.164618,51.33175,-2.1384997,29.457016,867.7158,-0.0020988062,5.433799,29.526169,-32.12365,21.417622,458.71454,-0.0006154022,4.0299807,16.240746,-19.013432,19.121094,365.6162,0.0034843863,3.5910609,12.895719,-21.05278,13.82999,191.26863,-0.00085769745,2.6084375,6.8039465,-9.523098,14.258896,203.3161,-0.004227717,2.6289055,6.9111443,-16.629047,13.229368,175.01619,-0.003327111,2.4791608,6.1462383,-7.286328,9.80799,96.19666,0.0018946936,1.8804206,3.5359814,-23.031431,10.233126,104.71686,0.0004185989,1.8703012,3.4980268,-3.030704,8.629531,74.4688,-0.0032335594,1.5731412,2.4747732,-14.447394,8.073263,65.177574,0.0001688886,1.4861405,2.2086136,2924.6127055301695,987.1966337633888,974557.1937137664,1768.6030997501475,289.50836752025646,83815.09486424389,4843.969950349193,1253.5229016281805,1571319.6649063334,22.78444674893838,9.561903911436051,91.43000641153606,0.08057412,0.09295452,0.008640543,274.6019497965314,41.0632419488873,129.31026969119696,458.1553471153147,328.8450774241178,263.1411467822288,1.5315436351545049,0.380619816590873,0.8322280304803517,122,1.0287213030432674,0.17180327868852435,0.18776535930033733,1.024000000000001,20.959999999999972,-1.3059672e-05,-2.2042939e-06,837,843.69293,75199.695,0.011024871065233418,0.08699535110288631,3.62538245792963,455,1
336,phase1,92.44799999999987,34.78912500000014,2.6573820796762613,0.27341960925319664,0.020027952,0.023183068,0.0005963382,0.20113052,0.20053418,0.013087377,0.0005374547,0.2726006569021876,0.1286257788031214,0.016544590972709515,-325.97214,91.950226,8454.845,-0.063935116,15.545309,241.65665,26.852257,50.597717,2560.1292,-0.0016848554,9.972335,99.44747,-32.31116,31.7894,1010.566,0.020710927,6.1284685,37.558125,24.071323,29.174316,851.1407,0.009324595,5.0388484,25.389992,-21.322702,20.998075,440.91916,0.0065556075,3.7192757,13.833012,-15.39346,21.348696,455.76678,0.010370263,4.027864,16.22369,-11.980309,15.657092,245.14455,-0.0060033216,2.7278686,7.441267,-20.292645,17.53602,307.512,0.008883038,3.2439733,10.523363,-21.744001,12.720681,161.81572,0.010056603,2.2422476,5.0276737,5.540766,13.120039,172.13542,-0.005395222,2.4075186,5.7961454,-20.622435,12.532781,157.07059,0.002874212,2.1202781,4.4955792,-1.070549,8.028718,64.46031,0.00017347305,1.5082593,2.274846,-11.565642,8.048921,64.785126,-0.0006301087,1.4132751,1.9973466,2665.401768349246,858.1956163725127,736499.715960997,1679.5506488635244,334.5756639177533,111940.87488600537,4374.589436132764,1267.5982863559161,1606805.4155724552,22.78612018015162,8.989853671644747,80.81746903758453,0.080442004,0.10462327,0.010946029,144.06852853251473,31.509001982623843,71.32617550580554,291.9733833144849,220.64720780867938,139.3941668115768,1.3832382537192605,0.5265275331841771,1.2103385706019372,154,0.6003116844135596,0.22504575163398638,0.2929975872632435,2.0799999999999983,34.43199999999992,-1.1895041e-05,-3.3838985e-06,525,1359.4806,164158.38,0.010078483965786724,0.07260185602555794,2.487885081343029,230,0
336,phase2,88.96512499999987,38.27200000000013,2.3245485648895015,0.300792712818685,0.01934153,0.023795372,0.0,0.18885124,0.18885124,0.012014308,0.00056621974,0.25386155943550415,0.14062654294069993,0.01977582457945252,-334.77966,112.716286,12704.962,-0.004715123,15.672274,245.62016,25.497368,45.935932,2110.1099,-0.003809206,8.980918,80.65689,-29.57169,30.945148,957.60223,0.0035860525,5.913061,34.964294,21.522024,26.948502,726.22174,0.012648807,4.8259907,23.290184,-17.272957,19.958586,398.34512,0.009328221,3.680504,13.546111,-14.046529,20.157862,406.33936,-0.003101443,3.9837062,15.869916,-8.386484,14.9538965,223.61903,5.2879168e-05,2.8267677,7.990615,-19.181515,18.377941,337.74872,0.0035871328,3.2990086,10.883458,-19.42934,14.294637,204.33664,-0.004933306,2.3112044,5.3416657,7.0142965,13.029175,169.7594,-0.0117951445,2.4146438,5.8305044,-17.0755,12.467269,155.4328,-0.0026707745,2.023047,4.0927186,-0.118006326,8.665554,75.09183,0.0022911986,1.5272018,2.3323452,-9.175397,8.645522,74.745056,-0.0057710153,1.4888428,2.2166529,2482.563148037646,1066.9593666775902,1138402.2901410444,1559.7664159018639,542.0695196168593,293839.36409765267,4046.996794065879,1659.3175439321485,2753334.711601018,22.73156608465159,8.755690303591848,76.66211269241232,0.14847511,0.26220524,0.06875159,141.45431866200718,29.53172554898357,70.10083450255941,295.3659506116579,225.26511610909853,131.5705733911144,1.6712410137606977,0.5114407843823383,1.1160264741913966,142,0.6265149603766543,0.2714326241134751,0.8430524184250128,9.823999999999998,38.271999999999984,-1.0728396e-05,-3.349008e-06,505,723.9327,69698.15,0.010018208289225648,0.08436154228370338,3.8666837145454522,344,0
336,phase3,100.67199999999984,30.420812500000167,3.3093132108383387,0.2320555331742552,0.020043386,0.022316188,0.0005998767,0.161291,0.16069113,0.012675525,0.00049801223,0.28453782397943617,0.1351204050033109,0.01825752384825877,-322.2023,92.555275,8566.479,-0.04155648,16.19366,262.23465,23.928904,50.405792,2540.744,0.013811528,9.366252,87.72667,-29.977356,30.838226,950.9962,-0.006938754,5.6360707,31.765295,19.090622,26.864243,721.68756,0.0021209586,4.6951284,22.04423,-20.571241,21.873777,478.46216,0.005338259,3.6645722,13.4290905,-13.256374,20.735374,429.95575,-0.010605857,3.8672493,14.955617,-12.566182,15.749667,248.052,0.007219938,2.771418,7.680758,-19.069292,18.00704,324.25348,0.0033985444,3.228043,10.420261,-22.520124,14.71116,216.41821,0.00042775215,2.4431217,5.968843,6.399674,13.716162,188.1331,0.00070164545,2.422351,5.8677835,-19.271883,11.805914,139.37961,0.0024849875,2.1128964,4.4643316,-1.3034614,9.825657,96.54354,0.0023167997,1.6414617,2.6943965,-11.460348,8.42836,71.037254,-0.002096463,1.5475655,2.394959,2754.360034278694,885.8953499742735,784810.5711060404,1722.5097027808229,321.3655647898393,103275.8262326924,4521.47341042226,1274.509010277796,1624373.2172792875,22.750231626089377,8.979729912292393,80.63554929771877,0.08438573,0.102761365,0.010559898,143.54868063090618,34.39944894541997,72.15494574405967,323.96475278211557,251.8098070380559,133.09934981412218,1.6552616120861425,0.4893824748622449,1.1671120413256828,153,0.657986923804006,0.19957894736842108,0.2329848234925174,1.4399999999999995,30.336000000000006,-1.16462925e-05,-3.5960973e-06,531,856.09705,91640.25,0.01110435665127988,0.08281991934739082,3.5660362364907874,359,0
338,phase1,80.92543749999999,11.39200000000001,7.103707022146497,0.12340030560315336,0.023297902,0.021432048,0.00017848366,0.13723512,0.13705663,0.017051022,0.0004593327,0.27662122914861353,0.13098592353287206,0.017157312163759406,-313.35095,97.90139,9584.683,0.1963185,17.40682,302.99738,16.20342,44.12568,1947.0754,0.0042421496,8.521344,72.61331,-56.769783,40.250877,1620.133,-0.035678804,7.8527303,61.66537,5.5540843,30.933678,956.89246,0.012179687,5.6444707,31.86005,-43.43955,24.837175,616.8853,-0.014925054,4.7897043,22.941267,-6.983549,14.321963,205.11864,-0.018610252,2.6336312,6.936013,-39.06056,20.38626,415.59958,-0.028134787,3.7220356,13.85355,-2.2602339,11.919177,142.06679,-0.00035693368,2.3000255,5.290117,-22.242182,14.858306,220.76924,0.00037618104,2.7972207,7.8244433,-6.5701904,13.210917,174.52835,-0.0029708634,2.3057,5.316253,-8.639421,10.535067,110.98763,9.283532e-05,1.9055374,3.6310725,-10.782449,10.575214,111.83515,0.0003011472,1.9754082,3.9022374,-12.195762,9.268817,85.91097,-0.0040618456,1.7955468,3.2239883,2705.3250831343084,890.8662967479528,793642.7586814115,1631.9355313009307,287.2050893638031,82486.76335647014,4595.271880415945,1114.9848409635172,1243191.1955784399,23.31869628437449,8.630491005801252,74.48537500121631,0.06809628,0.0941162,0.008857859,250.77365055175574,61.36043811102019,168.66611791365605,541.703541871763,373.03742395810696,227.75828324510303,1.5718617017190224,0.5410745232093329,0.7365889028278109,68,1.1900799457341182,0.16752941176470654,0.15878291419680757,0.7040000000000077,11.392000000000044,-1.4184221e-05,-8.6718086e-07,383,753.2341,56519.04,0.012208944272299724,0.07013476628571923,2.100699177560826,170,1
338,phase2,82.07999999999994,10.237500000000054,8.017581634424213,0.11089446746283266,0.0269092,0.024867268,0.00024867686,0.1738311,0.17358243,0.019313514,0.000618381,0.27133425178726167,0.11683464475586086,0.013650334215228205,-287.47037,94.695984,8967.329,-0.14070295,17.576836,308.94513,17.861254,40.890686,1672.0482,-0.007860944,7.7600107,60.217766,-59.14012,40.058804,1604.7078,0.038588166,8.187974,67.042915,5.4760623,27.446495,753.31006,-0.001647889,5.245765,27.518055,-44.87614,24.57813,604.0845,0.0044456497,5.1049776,26.060795,-5.7314816,14.375478,206.65437,0.003488305,2.7159417,7.376339,-40.01333,18.900717,357.23712,0.032002192,3.5355873,12.500378,-3.3057706,12.186231,148.50423,-0.0009868761,2.3099728,5.335974,-19.446728,14.662889,215.0003,-0.0064053866,2.8803117,8.296195,-5.6334,12.412126,154.06085,0.0018564716,2.2929053,5.2574153,-7.7630653,11.442861,130.93906,-1.8094359e-05,2.2112136,4.889466,-10.426429,9.97441,99.48886,0.005252616,1.9273223,3.7145712,-10.227331,9.539772,91.00725,-0.0064706164,1.872605,3.5066495,2692.413133904238,821.1597324320435,674303.3061678652,1633.261737347486,281.73255980355583,79373.23525346415,4588.661720103986,1037.3811809905517,1076159.714673352,23.45258218805138,8.901074000372596,79.229118360109,0.06571649,0.08681581,0.007536985,243.78733526186568,57.43659154911531,161.9823763910578,554.3652619537442,392.38288556268634,226.44649206156825,2.71460260083901,0.5303292892442533,0.8449102282882445,78,1.0523076788165675,0.13174025974025996,0.14236056314019985,0.7680000000000007,10.144000000000016,-1.4069302e-05,-1.3978554e-06,469,704.1072,36350.805,0.012322618865894717,0.07430691659456351,4.191033138401562,344,1
338,phase3,79.08299999999997,16.032000000000025,4.93282154860144,0.16855385585869764,0.025797712,0.024893658,0.0,0.18938749,0.18938749,0.01872492,0.0006196942,0.2574004254435755,0.12584626781062244,0.015837283121862906,-299.77887,113.85995,12964.088,0.1322405,16.189205,262.0904,14.82702,41.10589,1689.694,0.02888302,7.784533,60.598953,-54.619236,40.21088,1616.915,-0.030032516,7.6807737,58.99428,8.885473,28.762392,827.27515,0.018968765,5.3522234,28.646294,-41.409466,25.98126,675.0259,-0.017584002,4.772576,22.777481,-5.635694,14.865542,220.98436,-0.0058825538,2.5411873,6.457633,-38.19933,20.35576,414.35696,-0.026428381,3.624952,13.140278,-1.7225702,11.485581,131.91858,-0.008555781,2.1469977,4.6095986,-17.4283,15.497379,240.16876,-0.014610531,2.796769,7.821916,-6.6213164,12.8170395,164.27649,-0.0058945925,2.194654,4.816506,-8.039407,10.73378,115.21403,0.0020811434,1.8658413,3.4813638,-9.305031,10.228678,104.625854,-0.009775093,1.915987,3.6710062,-8.793633,8.659666,74.989815,0.0057616537,1.6370718,2.6800041,2595.446074290126,964.2234335328301,929726.8297738399,1558.6533359423477,430.584100392083,185402.66751045937,4413.337222502522,1365.2077812695625,1863792.2860389617,23.326618958767327,8.905425842955626,79.30660944438192,0.10684354,0.20971575,0.043980695,234.02213300410426,38.578962490348324,161.9823763910578,420.1303057205832,258.14792932952537,225.1422562392905,1.9295452755485465,0.48469559351338865,0.8095463386426958,77,1.027051934713611,0.2082077922077918,0.5343591461574686,4.639999999999999,16.031999999999968,-1.3179865e-05,-1.3492574e-06,560,815.0705,83475.2,0.012530988517172234,0.07411375262887775,4.109606362935145,325,1
339,phase1,116.30412499999993,21.98400000000008,5.290398458406161,0.15897243526875557,0.01161184,0.009658089,0.00035013683,0.07729792,0.07694778,0.009445984,9.3278686e-05,0.3033410548501851,0.13373558043926595,0.017885205475427376,-344.6877,100.754845,10151.539,0.037140634,18.61855,346.65036,34.626698,56.75851,3221.5286,0.05705981,11.357307,128.98843,-32.79028,31.331873,981.6863,-0.012092285,6.3455377,40.26585,7.1100097,22.896086,524.2308,-2.9154367e-05,4.2164197,17.778194,-29.250063,23.104166,533.8025,-0.014922559,4.394614,19.312634,1.9484975,13.15653,173.09428,-7.645899e-05,2.4547248,6.0256734,-23.322783,13.778081,189.83551,-0.0014968266,2.5755274,6.6333413,-6.826978,12.865917,165.53181,-0.004186438,2.4632685,6.0676923,-16.671068,12.172384,148.16693,0.0037240572,2.2294705,4.9705386,-5.8141203,12.774455,163.18669,-0.0021921615,2.3465235,5.506173,-8.476496,11.342884,128.66101,-0.0018050248,2.0263329,4.1060247,-9.107923,8.758346,76.70861,-0.0010817798,1.6249744,2.6405416,-13.870816,9.475282,89.78096,0.0043986184,1.703572,2.9021578,2740.149086255139,999.1382249460485,998277.1925483405,1729.3943866523462,295.07103147997196,87066.9136186546,4724.290331443776,1224.6217848561525,1499698.515944269,21.00303807959518,8.806628501709966,77.55670556713032,0.10373846,0.11431086,0.013066973,110.53050374967238,13.252635170441524,66.93519325188251,155.56349186104043,88.62829860915792,107.48759652776705,0.8217437278628588,0.2635354002166739,0.7737468419649192,107,1.0869544290938833,0.20545794392523298,0.2201011781093366,1.1839999999999975,21.983999999999927,-1.0345145e-05,-4.9130226e-06,749,264.98904,15993.254,0.014372115573625758,0.10368606297247292,2.2183220070655287,258,1
339,phase2,118.32012499999996,19.968000000000046,5.925486732497644,0.14439417701266863,0.013367608,0.011295439,0.00038656645,0.07885682,0.07847025,0.010611232,0.00012758693,0.3005044593793383,0.1335908112053199,0.01784650483849543,-332.21744,99.650314,9930.186,0.04759568,18.883612,356.5908,34.15197,58.21079,3388.496,0.00368173,11.631765,135.29797,-33.529095,31.995895,1023.7373,-0.023167344,6.5483575,42.880985,9.379248,24.839468,616.9992,-0.0008419051,4.737693,22.445732,-27.783274,22.728657,516.59186,0.000934942,4.4311476,19.635069,1.367559,13.805774,190.59938,-0.0067138644,2.589324,6.7045984,-26.040007,15.060913,226.8311,-0.001443535,2.9465458,8.682133,-5.255976,13.045828,170.19363,-0.0010743827,2.5392177,6.447626,-17.367367,12.421582,154.29572,0.0017506654,2.2716122,5.160222,-6.494953,13.008045,169.20924,0.0047567994,2.395328,5.737597,-8.431291,11.711018,137.14793,3.0751475e-05,2.1867883,4.7820435,-9.480576,8.959453,80.2718,0.0017250815,1.7327424,3.0023963,-12.24182,9.162153,83.94506,0.0003499795,1.7276381,2.9847333,2749.0103094592355,1008.0963297174198,1016258.2099897328,1709.5387932282727,301.7221863827822,91036.27775560635,4682.097047084683,1245.7990538115669,1552015.2824777954,20.839483735636456,8.866387624031061,78.61282949957118,0.10068804,0.10833708,0.011736923,104.10861347427134,12.635986436268489,65.40639132514966,151.1349012203898,85.72850989524014,102.04250286354403,0.9397874275582937,0.16658954184021527,0.7592842841711824,105,1.1268583226013489,0.19199999999999992,0.18706477693363624,0.8319999999999936,19.967999999999993,-9.593246e-06,-5.629858e-06,772,140.53992,6674.7227,0.018174128761058467,0.11100942008936375,2.9242700681731035,346,1
339,phase3,123.24674999999995,19.232000000000042,6.4084205278483335,0.13498153233376936,0.013656056,0.011341686,0.00037942876,0.07412786,0.07374843,0.010728415,0.00012863385,0.29486518481220525,0.14030010156194145,0.019684118498291086,-331.09647,97.37594,9482.073,0.047180604,17.877243,319.59583,36.20503,58.966217,3477.0146,0.031730913,11.735421,137.72011,-31.726456,31.907845,1018.1106,-0.011843117,6.3682632,40.554775,5.821399,23.761618,564.61444,-0.009689446,4.4249463,19.580149,-28.387901,22.685991,514.6542,-0.008415926,4.3559647,18.974428,3.1329098,14.258723,203.31119,-0.0024304814,2.694004,7.257658,-24.74791,14.667923,215.14796,-0.00031111392,2.7091527,7.3395085,-5.961802,12.974881,168.34753,0.0012545347,2.5366771,6.434731,-16.900373,11.924156,142.1855,0.0010813244,2.1715827,4.715771,-5.855214,12.641085,159.79701,0.0010387505,2.357061,5.555736,-9.189066,11.416515,130.33682,0.010381389,2.1113284,4.4577074,-8.880207,9.103649,82.87642,0.0005354425,1.671034,2.7923546,-12.705403,8.657994,74.96086,-0.0037962666,1.6400716,2.689835,2716.721822565694,1031.5441872249773,1064083.410197639,1717.3879734012935,306.1018708662117,93698.35534779495,4658.320233550416,1281.936791309534,1643361.9369129841,21.14949495895758,9.024921321094949,81.4492048519542,0.09839769,0.10768008,0.011595,105.51640692151088,10.83144071721349,70.91536696417685,141.8307339283537,70.91536696417685,104.73010486735146,0.4786180550006845,0.2721760610212944,0.7299334111227114,104,1.1850648924512988,0.18671844660194073,0.18664890551934032,0.73599999999999,19.231999999999896,-9.6725e-06,-5.565892e-06,734,295.4285,16924.59,0.014636107674036426,0.09940728763167739,3.1319284281329947,386,1
340,phase1,46.79931249999998,9.76000000000002,4.795011035347218,0.17256221068811647,0.018490316,0.017314414,0.0003461273,0.14704974,0.14670362,0.014195284,0.00029978892,0.31238980530613686,0.13180250915131939,0.017371901418583628,-303.95914,103.62099,10737.309,-0.069349565,18.286076,334.38058,25.430916,47.179466,2225.9019,0.042365562,8.780989,77.10576,-26.033493,28.421436,807.778,-0.014755904,5.327369,28.380861,-1.0018548,26.316475,692.5568,-0.04727976,4.994754,24.947567,-21.189825,18.309351,335.23236,-0.007254361,3.533439,12.485191,-6.5630336,14.970879,224.12721,0.013133288,2.762871,7.6334567,-30.44184,15.803358,249.74612,0.009079402,2.935043,8.614478,-10.511029,13.8617115,192.14703,0.015815271,2.506407,6.2820764,-22.67217,12.157085,147.79472,0.008295082,2.2118793,4.8924093,1.316168,11.880901,141.15582,0.00022258262,2.1077964,4.442806,-14.042446,14.901154,222.04437,0.02220222,2.5698404,6.60408,3.4975815,12.323211,151.86153,-0.0010621554,2.1527987,4.6345425,-18.945454,11.340624,128.60974,0.00019644073,2.1149924,4.4731927,2899.987388209524,864.3319687482982,747069.7522003091,1872.076572551006,245.51829859242122,60279.234943717296,5084.82395361991,1031.1218137099513,1063212.1947084994,22.071553996150477,9.376285025278102,87.9147208752544,0.09298422,0.09580157,0.009177941,211.89635966323215,251.9685761501013,90.90953499696329,1010.8545523973909,919.9450174004276,121.34967043801211,2.438806326129631,0.18269230758897492,0.9901110449318139,56,0.8357019940053212,0.17745454545454548,0.23322855104980872,1.088000000000001,9.760000000000002,-1.0346456e-05,-4.939394e-06,300,285.34964,21029.896,0.015849427502749695,0.1404578707100498,2.9914969370543654,140,0
340,phase2,46.400000000000006,10.159312499999992,4.567237737077416,0.17962227705649697,0.018259421,0.016814182,0.0003510856,0.15808259,0.1577315,0.014306195,0.00028271668,0.2915950447186086,0.12773564731160952,0.016316395594115896,-308.01004,104.52605,10925.694,-0.20827535,18.044775,325.6139,27.909523,48.325684,2335.3718,0.013417662,8.882065,78.89107,-27.915586,27.65203,764.63477,0.05314449,5.094226,25.95114,5.9113092,27.043217,731.3356,-0.015364617,5.12468,26.262346,-19.855822,18.71884,350.39496,-0.00868244,3.3962114,11.534252,-6.747519,16.252117,264.13132,0.0117204795,3.1508338,9.927753,-29.697058,15.275429,233.33873,0.008032691,2.8604326,8.182075,-13.138419,13.435338,180.5083,0.0039984826,2.4307714,5.90865,-20.506653,12.137037,147.30766,-0.004766267,2.228667,4.966957,-2.4221673,12.404631,153.87486,0.001189015,2.300264,5.2912135,-12.430007,14.048267,197.35382,0.004824844,2.3107798,5.3397036,3.3202012,11.730288,137.59964,-0.010051559,2.1684935,4.702364,-17.24889,12.997952,168.94676,0.0073840166,2.3172648,5.3697166,2773.058512765835,837.8164785365742,701936.451707426,1801.14507307415,241.65207786118162,58395.72673462658,4824.35573388009,1034.7306780227973,1070667.576041518,22.508931701299552,9.115589217939288,83.093966790211,0.0816777,0.09189389,0.008444487,114.315568588098,11.305459161225865,84.82159539743674,154.66751207845843,69.84591668102169,111.9227661312955,0.7011270163325084,0.22737556548225363,0.9193888274366844,52,0.8923076751479295,0.19701960784313718,0.18435744162414267,0.7999999999999972,10.047999999999996,-9.923262e-06,-5.2852306e-06,298,318.41516,20288.193,0.012466394994643392,0.12564844442548567,4.762931034482758,221,0
340,phase3,47.26399999999997,11.009312500000036,4.293092389457328,0.1889254622345355,0.017378012,0.016154902,0.00034333268,0.1060921,0.10574877,0.013660453,0.00026098086,0.32003218046789245,0.13624956183390294,0.01856394309993054,-317.36603,112.1571,12579.214,-0.042134643,18.59556,345.79486,23.500307,49.473133,2447.591,-0.06260167,9.224699,85.09508,-27.31214,27.748661,769.9882,-0.018941894,5.2276397,27.328218,4.616078,24.114975,581.53204,-0.005428335,4.451044,19.811792,-22.519232,17.571033,308.7412,0.02391206,3.3109345,10.962287,-5.305261,16.044138,257.41434,0.013681747,3.089651,9.545944,-28.775003,15.300112,234.09341,0.0020901489,2.8879395,8.340195,-12.730675,14.543148,211.50316,0.020313108,2.5555933,6.531057,-22.036858,12.849129,165.1001,0.013412384,2.476425,6.1326804,-2.2592216,11.61327,134.86803,0.0047732736,2.2059639,4.8662763,-13.505215,13.14786,172.86621,0.0025152192,2.4301803,5.9057765,3.2541497,11.645075,135.60776,-0.0024642197,2.158789,4.6603694,-17.363096,11.901946,141.65631,0.0050398703,2.1300702,4.5371995,2902.200475345294,899.7002817981551,809460.5970676796,1809.9139763478177,246.42326981341316,60724.42790553423,4931.7413899560925,1101.4123089514208,1213109.0743097002,21.908137927532252,9.110871974413111,83.00798813414627,0.10086666,0.103512816,0.0107149035,115.86612248575605,11.443285397203491,94.11545282508624,156.46466200170096,62.34920917661472,115.86971395503193,0.7798552154085708,0.17727771669743264,0.7550626197884323,44,1.074181793768595,0.24872727272727246,0.23513751910863231,0.9920000000000044,10.943999999999988,-1.0283404e-05,-4.9847345e-06,271,195.51453,9480.344,0.013394225165046571,0.1286840433774072,4.591232227488155,217,0
341,phase1,48.46224999999999,78.62400000000002,0.6163798507277692,0.6186664568354171,0.0030154642,0.0052112835,0.00017680952,0.04200502,0.04182821,0.0003988847,2.7157475e-05,0.41846588226963743,0.11249512619259075,0.012655153417086916,-523.02673,116.78555,13638.866,0.07268563,14.245014,202.92044,-3.6098535,31.092072,966.7169,0.010727024,5.821291,33.88743,-17.723274,20.619823,425.17712,0.0032572031,3.769486,14.209023,-10.747868,20.014702,400.58832,0.0056824787,3.7747319,14.2486,-13.634931,11.469635,131.55252,-0.0038298874,2.0322978,4.1302342,-7.7460723,15.669055,245.51927,-0.009632815,2.5162785,6.3316574,-16.141634,12.47417,155.6049,-0.010406886,1.9938141,3.9752948,1.9182314,9.847064,96.964676,0.0003165027,1.6312121,2.660853,-15.150178,12.30614,151.44107,-9.016856e-05,1.8179379,3.304898,-0.33295628,8.225522,67.65921,-0.0018089422,1.4294403,2.0432994,-13.320416,9.470793,89.695915,-0.0028822776,1.3608106,1.8518057,-1.7565182,7.6949883,59.212845,-0.0010080193,1.328327,1.7644525,-8.787637,6.7317166,45.316006,0.0045783883,1.1451027,1.3112603,3566.568329617577,649.0047783775633,421207.2023569101,2089.384714776181,187.67726169674089,35222.75455798696,6072.177114803625,590.3230960474698,348481.3577270703,18.707190095056827,7.218932774682835,52.112990405390015,0.24218605,0.14660098,0.021491848,371.3896593843324,344.2853366646181,110.63722351746388,1661.2187903197807,1550.581566802317,248.37216905734888,2.6799347944553107,0.1387210472963945,0.48785765572593415,62,0.7816491809411421,1.2681290322580645,1.2891445461118902,5.343999999999994,78.624,-1.4856091e-05,-4.3750364e-07,297,78.00538,4673.4526,0.012014917713056295,0.09927137569429977,4.869769769253389,236,0
341,phase2,74.31824999999998,52.76800000000003,1.4083961603927337,0.41521407705396945,0.0063315975,0.008412841,0.00017990984,0.06861775,0.068437845,0.00407542,7.0775895e-05,0.3786830076158107,0.13459963468736502,0.018117061657972115,-450.6493,125.782326,15821.194,-0.00805983,15.438933,238.36066,-2.229165,39.46253,1557.2913,0.008135236,7.408212,54.881607,-16.979753,27.163204,737.83966,-0.001117472,5.0558763,25.561884,-9.613377,24.550333,602.7188,0.013092809,4.5562935,20.759811,-15.3116045,13.7371645,188.70969,-0.008926301,2.4202654,5.8576846,-13.151468,18.486351,341.74518,-0.0038760963,3.1306162,9.800757,-16.749989,13.640078,186.05171,-0.0032397301,2.222464,4.939347,1.0896955,12.157675,147.80905,-0.0052227075,2.0986612,4.4043784,-18.412197,14.526407,211.01651,-0.00449021,2.1669648,4.6957364,-1.9497093,9.739328,94.85452,-0.0013573505,1.675044,2.8057723,-16.275944,10.298751,106.06428,-0.0010308651,1.5064081,2.2692652,-2.3611557,8.954493,80.18294,-0.0013707384,1.5678929,2.4582882,-8.721669,7.6561522,58.61667,-0.0018546552,1.318134,1.7374771,3434.6938012790038,811.4134867907086,658391.8465458554,2051.70351300895,223.13810809507075,49790.61528424748,5924.0169467522655,726.4811594381918,527774.8750186594,20.257544393170416,8.316581503605835,69.16552790611871,0.17465997,0.1367803,0.018708851,328.15147890524173,282.3390637535344,109.99999999999999,1941.5947270081936,1831.5947270081936,245.51937137864914,3.505169572993673,0.2640986907693609,0.6373624211903333,81,0.9175092479319843,0.6595999999999995,1.0361095694954277,4.927999999999997,52.76799999999996,-1.43081725e-05,-9.26991e-07,441,186.82428,7774.333,0.009304758762648756,0.10264819403499952,6.620177412681275,492,0
341,phase3,67.87199999999994,63.065437500000044,1.0762154615003572,0.48164557596447577,0.004826974,0.0064487946,0.00017933389,0.0626611,0.06248176,0.0024143774,4.158695e-05,0.3768724607465787,0.12524279740556057,0.015685758301970294,-469.0871,120.43067,14503.547,-0.061352525,15.112244,228.37991,3.9095867,36.12883,1305.2925,0.0017190693,6.9039392,47.66438,-17.014683,25.600967,655.4095,-0.003939688,4.9339414,24.343777,-9.137713,23.250162,540.57,-0.0057608397,4.623705,21.378645,-16.013353,12.969669,168.21231,0.0028794361,2.321564,5.389659,-12.505483,17.757095,315.31445,0.010854927,2.888292,8.342232,-18.549976,14.308188,204.72426,0.000980627,2.2316415,4.980224,0.955933,12.031525,144.75758,0.0028202848,2.0964472,4.395091,-18.352861,13.250909,175.58658,0.008074391,2.1766202,4.7376757,-2.611397,9.119426,83.16393,0.0033987807,1.622526,2.6325908,-17.136826,9.298318,86.45872,0.004099809,1.5029147,2.2587523,-2.3967953,8.579224,73.60307,-0.0032155158,1.486227,2.208871,-9.162398,7.183755,51.606335,0.0018937626,1.2789538,1.6357228,3370.6480002128696,772.0329249917328,596034.8372712905,2067.734113858516,203.04562600052492,41227.52623794504,5876.189439760508,745.6891585034962,556052.3211096523,19.894036158019194,8.028963037348953,64.46424745511574,0.18526112,0.13723576,0.018833654,311.38143602476714,268.68525035395635,107.48759652776705,2080.94970340778,1973.462106880013,242.6993408760242,4.201619723371755,0.2429130009181542,0.5727926361778694,75,0.9049599879338661,0.846270270270271,1.3324408135255297,7.584000000000003,62.62400000000005,-1.4356945e-05,-9.0929626e-07,439,155.97966,9494.607,0.010953478129810061,0.09972215734661262,7.160537482319667,486,0
343,phase1,67.53849999999998,10.688000000000017,6.3190955914019735,0.1366288917438466,0.02591911,0.026490005,0.0013848156,0.21027853,0.20889372,0.017430367,0.0007017203,0.28323967120398774,0.12432449114116113,0.015456579097508654,-264.12173,66.39803,4408.699,0.026658652,11.374176,129.37189,18.780548,59.990707,3598.885,-0.01081524,12.165308,147.99472,-28.317785,28.242516,797.63965,-0.015645895,5.4142,29.313559,-2.802311,23.802519,566.55994,-0.020724468,4.4864283,20.128038,-21.777546,17.913568,320.8959,-0.0067025605,3.3896482,11.489715,-13.203627,17.407246,303.0122,0.0088697,3.494351,12.210488,-17.46405,15.343299,235.41682,0.019742725,2.7420137,7.5186396,-10.834896,10.753529,115.63838,0.00018395987,2.0795443,4.3245044,-27.376543,11.975431,143.41096,0.00042467684,2.2961073,5.272109,0.35147142,10.554989,111.4078,0.0085706,1.9443467,3.780484,-16.301683,10.56878,111.699104,0.013287358,1.9335307,3.738541,-0.9780463,8.815484,77.71275,0.0061715017,1.5954374,2.5454204,-14.15586,8.491288,72.10198,0.00034837314,1.5708431,2.467548,2851.1506457550004,911.0367802070328,829988.0148899974,1861.6622687073311,272.0087889008207,73988.78123929125,5053.460506134969,1141.9952840170868,1304153.2287172668,22.68583886980598,9.525733728574558,90.73960306770296,0.08095243,0.073235475,0.0053634346,137.63877407087975,17.955723227704684,103.22817963382575,198.27510177438265,95.0469221405569,133.09934981412218,0.7492716577317522,0.3153374231839111,0.9843211699360191,77,0.8771233652321639,0.14063157894736905,0.15882337443187697,0.6720000000000006,10.688000000000049,-1.0471513e-05,-4.813951e-06,461,346.92117,16437.9,0.010687183106012866,0.12210411391115064,2.6651465460441086,180,0
343,phase2,68.30649999999997,9.92000000000003,6.88573519297022,0.12681124682812128,0.02430321,0.023752127,0.0014158995,0.18405473,0.18263884,0.016504114,0.0005641635,0.2930362506390593,0.12299287170197815,0.015127246489499258,-269.62534,63.470352,4028.4856,0.07052948,11.379194,129.48607,14.317614,63.04563,3974.7517,-0.057758972,13.538035,183.27841,-26.774145,28.483145,811.2895,0.027703015,6.0152187,36.182858,-1.0708002,23.649897,559.31757,0.004543064,4.546025,20.666342,-25.669619,17.794718,316.652,-0.016853673,3.323342,11.044603,-13.153624,16.59433,275.3718,0.014998403,3.5058157,12.290745,-16.621378,15.135644,229.08772,-0.003510121,2.816299,7.93154,-10.842405,10.42998,108.784485,-0.0066158394,1.9345797,3.7425985,-27.554317,11.740072,137.8293,0.0017689368,2.26847,5.1459565,2.2759016,10.318553,106.47253,-0.010572823,1.9995646,3.9982586,-16.150524,11.169558,124.759026,-0.0102712335,2.051687,4.2094197,-1.8550334,7.9646235,63.435226,0.00922559,1.5738255,2.4769266,-14.70171,8.51103,72.43763,-0.0041363984,1.6199973,2.6243913,2915.5151017155545,922.6738199744264,851326.9780662002,1845.6793826058004,265.50798612616404,70494.49069677133,5118.015081799591,1096.286447407494,1201843.974769344,22.361601503589544,9.429381282745409,88.91323137538944,0.086652316,0.075959705,0.0057698763,132.9902268765277,16.714565315504732,97.99885899543732,190.41804342135148,92.41918442591417,127.82501456536235,1.3646838566693869,0.1926380367310274,0.9204042108492646,72,0.9487013757124805,0.1377777777777774,0.13924381317018356,0.6400000000000006,9.919999999999972,-1.0427752e-05,-5.032632e-06,420,265.72424,12695.895,0.012288775387922557,0.1325670443805591,4.274849392078354,292,0
343,phase3,64.57599999999994,16.02106250000007,4.030693717679831,0.1987797322017793,0.023550238,0.025248982,0.0014145945,0.22193971,0.22052512,0.014731769,0.0006375111,0.2887880235212386,0.11813992064122854,0.013957040849115776,-264.71005,71.74781,5147.7485,-0.07298243,11.816229,139.62326,21.6846,55.418358,3071.1946,0.04321955,11.507003,132.41112,-27.236174,26.565235,705.7117,-0.019713731,5.3410687,28.527014,-2.7483256,22.36414,500.15472,0.0039902483,4.1562586,17.274487,-20.815058,17.622255,310.54385,0.015234612,3.2208095,10.373613,-13.342296,15.801219,249.67851,-0.015890636,3.2480917,10.550099,-17.921183,13.712364,188.02893,-0.008030054,2.4534557,6.0194445,-7.369055,10.9080715,118.98603,0.0011045471,1.9703501,3.8822799,-26.356497,11.864968,140.77748,0.0010185302,2.1939614,4.813467,2.8298264,10.828625,117.25911,0.0056691943,2.1042347,4.427804,-14.326497,10.163366,103.29401,0.00047729033,1.8452075,3.4047904,-0.3917011,7.906158,62.50733,-0.0045058844,1.4529022,2.110925,-13.351572,8.030595,64.490456,-0.0024423734,1.537129,2.3627658,2858.3303398738144,852.688070527278,727076.9456195321,1889.4188876289286,256.5179898147692,65801.47909861003,5153.852595275903,1061.2234944225493,1126195.3051144064,22.09970820127828,9.363657546140939,87.67808264140216,0.09518005,0.0804088,0.0064655747,129.26428997818707,13.197062594061357,82.40688922821748,181.8190699939266,99.41218076570912,127.08879665595002,1.0257043658129972,0.20365224287270653,1.215925208192296,98,0.6589387687863385,0.16461855670103112,0.17569170768847983,0.8960000000000008,15.968000000000018,-9.733415e-06,-5.323523e-06,425,288.38156,14202.185,0.012062502910602855,0.13644968615689032,3.592666005946485,232,0
344,phase1,133.4504999999996,65.9520000000004,2.023448841226194,0.3307481099785629,0.013897713,0.016056543,9.38776e-05,0.17956355,0.17946967,0.008868426,0.00025781256,0.25480093607088417,0.09940448314265037,0.00988125126885746,-352.45953,105.71979,11176.674,-0.015213172,18.271715,333.8556,48.609283,47.71037,2276.2793,0.0068599335,8.887361,78.985176,-50.51781,39.14087,1532.0076,-0.0015187527,7.375445,54.39719,20.672163,35.793995,1281.2101,-0.010280107,6.2344594,38.868484,-20.867353,20.715227,429.12067,-0.004014931,3.637187,13.22913,-20.336391,20.748423,430.49704,0.006081978,3.9984605,15.987687,-12.7620125,16.262463,264.4677,0.00015882748,2.8434863,8.085414,-14.729062,15.86706,251.7636,2.3519273e-05,2.9791238,8.875178,-12.898413,12.5738,158.10045,0.00043826047,2.2240088,4.9462156,-8.709133,14.11716,199.2942,-4.1521253e-05,2.557769,6.542182,-10.274421,13.686104,187.30943,0.004593694,2.408117,5.7990274,-5.454978,9.665492,93.42174,-0.00089642784,1.7401108,3.0279856,-11.195169,9.623927,92.61997,-0.0015130258,1.770755,3.1355736,2374.9114144520568,762.0178188731195,580671.1562801463,1539.0486446935192,335.60295460855815,112629.34314199394,3905.8927210365855,1209.647073657035,1463246.0428070284,21.56204744327016,8.403041664347908,70.61110921276686,0.061120577,0.07992749,0.006388403,114.51378861532147,13.360330576872608,81.93226047174862,188.23090565017245,106.29864517842383,111.9227661312955,1.0630233465474186,0.20137997429374518,1.6298692343375836,325,0.4106169218134852,0.20355555555555546,0.21351658795825035,1.3760000000000048,65.95199999999997,-1.1063365e-05,-4.185675e-06,856,119.08025,5138.313,0.013249698129274023,0.11617604317855763,3.6268129381306284,484,1
344,phase2,148.20249999999976,51.200000000000244,2.8945800215902158,0.2567670916864144,0.016673936,0.018621814,9.1656984e-05,0.15685114,0.15675949,0.010405568,0.00034677194,0.25779369584403083,0.10943558687991169,0.011976147675750698,-340.10196,112.88342,12742.668,0.00576414,19.543133,381.93405,51.27887,49.821136,2482.1455,3.2034397e-05,9.546445,91.134605,-55.09101,42.731586,1825.9884,0.0012039563,8.444239,71.30516,20.570578,32.01289,1024.8251,7.9888894e-05,5.8470893,34.188454,-25.39762,22.121744,489.37155,-0.0006781659,4.1046534,16.84818,-19.337067,19.8861,395.457,0.008958422,3.773473,14.239099,-14.800234,16.021841,256.6994,-0.0024299156,2.8717468,8.24693,-14.847012,15.853863,251.34496,-0.0032128443,2.840372,8.067714,-14.168508,12.6496105,160.01265,-0.004318523,2.2838886,5.216147,-7.355233,14.361172,206.24326,0.0049094837,2.645718,6.9998245,-9.6994915,13.710819,187.98656,0.00040584977,2.4968088,6.2340546,-5.659542,10.739361,115.33386,-0.0047088065,1.9703248,3.8821795,-10.746091,9.899643,98.00292,0.0014088919,1.7820382,3.1756604,2369.5480124111655,830.9940340977586,690551.0847060666,1487.050677978873,346.9429899166292,120369.43825229025,3863.028020699615,1257.72517036099,1581872.6041595812,21.439543728140517,8.401465137284102,70.58461645300017,0.06106834,0.08689244,0.007550296,114.11854252526298,12.400261228091816,67.32294488175604,179.73069985652097,112.40775497476493,112.57112811964524,1.5943045685911523,0.13767650832193892,1.4242549616980729,284,0.5218397868949295,0.18091872791519487,0.19773817441504896,1.3119999999999998,51.200000000000145,-1.0954692e-05,-4.3219325e-06,965,120.45564,5928.8706,0.014839028770799727,0.12371195015779678,4.709772102359954,698,1
344,phase3,149.1519999999995,56.29300000000049,2.6495656182905973,0.27400520820657837,0.017070606,0.019639766,9.136628e-05,0.15968129,0.15958993,0.010025657,0.00038572037,0.2571884034077636,0.10713068077812053,0.011476982763983564,-346.10175,117.67393,13847.152,-0.030027755,20.60499,424.5656,49.164642,47.972248,2301.3367,-0.003957593,8.972614,80.507805,-53.711388,42.733856,1826.1824,0.0034403312,8.230507,67.74124,23.525671,33.32717,1110.7004,0.006407526,5.808871,33.742977,-26.618973,22.403967,501.93777,0.009304185,4.0015492,16.012398,-19.47254,21.000996,441.04184,-0.0010556505,3.971886,15.775878,-14.760505,16.241684,263.7923,0.0003834145,2.9001076,8.4106245,-14.496605,15.703233,246.59152,0.00579841,2.8764672,8.274063,-14.997557,12.541926,157.29993,0.0015392158,2.2548943,5.084548,-8.654384,14.727056,216.88615,0.00023562691,2.6843915,7.2059574,-11.107453,13.216503,174.67596,0.0044318414,2.2927115,5.2565265,-5.1849084,9.817693,96.38709,-0.0046567284,1.8427054,3.3955631,-11.72453,9.826904,96.56804,-0.0020234666,1.7666053,3.1208942,2374.609769541114,785.560868926537,617105.8787886157,1499.3418756845424,345.1775737733051,119147.55743602547,3894.5014405855786,1214.7276205797311,1475563.1921992954,21.49248870172068,8.37502628625708,70.14106529549707,0.062087644,0.085915424,0.00738146,119.90261346032621,16.695289690673047,77.78174593052022,202.90956258890662,125.12781665838641,118.57804013471404,1.3929172498091826,0.17847687273345633,1.523522110540534,313,0.4765239601388995,0.18030769230769214,0.18448850340752002,0.9920000000000186,56.25599999999995,-1.1247514e-05,-4.0062578e-06,1025,154.68071,14269.774,0.013770992317930227,0.11606928044164334,4.833994850890383,721,1
345,phase1,123.8203124999998,35.04000000000019,3.533684616618565,0.22057113855923072,0.023002073,0.024376798,0.00024451566,0.18915893,0.18891442,0.014589548,0.00059422833,0.2989382710221551,0.1394482295384316,0.019445808721403113,-334.3276,100.82007,10164.686,0.019871483,18.990036,360.6215,-17.208218,41.466263,1719.4509,0.013755319,7.8635736,61.835793,-41.802387,38.938248,1516.1873,0.00059892976,7.634581,58.286827,-4.3263035,30.972229,959.27893,-0.00053309643,6.08014,36.9681,-31.68478,22.540192,508.06027,-0.016475992,4.273698,18.264492,-13.984588,18.644678,347.62405,0.005621955,3.5634382,12.698092,-26.445751,16.544348,273.71542,-0.0038298727,3.2204742,10.371454,-13.1423855,15.667932,245.48409,-0.0027752994,2.8673384,8.221629,-15.383999,12.990718,168.75874,0.003314011,2.4018173,5.7687263,-2.613535,11.996985,143.92766,-0.0059907595,2.2112346,4.889559,-14.979491,10.151634,103.05568,0.0012943415,1.8370866,3.374887,3.0630572,11.409373,130.1738,0.00067108753,2.1490774,4.618534,-9.673516,9.905224,98.11346,-0.0031964253,1.7187783,2.9541988,3084.086114990998,863.5596069519991,745735.194759091,1829.2466860370475,258.18746892427265,66660.76910952227,5205.07143756294,1084.4148654662108,1175955.6004441003,23.717272325383767,8.226757621466877,67.67954096236336,0.07438902,0.08380183,0.0070227464,320.2583579724582,74.45162273728668,157.37105256787842,735.7268232938883,578.3557707260098,298.79793764201077,2.0499430334514814,0.5824773412724114,1.265262524269553,201,0.6160214521590963,0.1743283582089561,0.1947360802139795,1.4720000000000084,35.04000000000018,-1.4801489e-05,-4.5214213e-07,546,1193.3782,137796.88,0.007431176892304999,0.07042015847489337,3.319326140450507,411,1
345,phase2,127.40431249999982,31.456000000000174,4.050238696902353,0.19801043762897153,0.019678123,0.021269059,0.00024024739,0.1593595,0.15911925,0.012601199,0.00045237286,0.29551154959718023,0.14888646720089316,0.02216718011556263,-346.9573,95.210686,9065.074,-0.006957381,18.082508,326.9771,-14.02878,42.803814,1832.1664,-0.0075431215,8.1363945,66.20092,-40.51824,40.005142,1600.4115,-0.0019361167,7.9261246,62.823452,-3.296617,31.432735,988.01685,0.001986417,5.8512816,34.237495,-34.191017,23.31869,543.7612,0.015282136,4.358488,18.996418,-13.474023,18.38685,338.07623,-0.0022422175,3.4622095,11.986895,-27.640493,16.189972,262.1152,0.0034563893,3.0324013,9.195458,-16.80802,16.536318,273.4498,0.0031054497,3.019942,9.12005,-12.486895,13.598928,184.93085,-0.0007747914,2.415927,5.8367033,-5.3656235,11.941809,142.6068,-0.0019109178,2.188742,4.7905912,-13.24396,10.006635,100.132744,-0.0011765822,1.8442252,3.4011667,-0.42814618,10.819173,117.0545,-0.0009235647,1.9981296,3.9925218,-9.096604,9.186667,84.39485,-0.0025564576,1.6635556,2.7674172,3047.517078207534,928.3194643189299,861777.027833385,1798.321203461404,261.34967138914203,68303.65073521253,5051.132930513595,1139.3637298785611,1298149.7089627867,23.591439957655442,8.04989361992022,64.80078729203225,0.07130748,0.08179657,0.0066906787,307.9817413071886,60.712585808844956,140.20166900511882,793.1004070975306,652.8987380924118,290.2917403700367,2.127793389791665,0.5867069485223148,1.233788332123544,196,0.6500219992345807,0.1613128205128213,0.17351981957215296,1.1839999999999975,31.456000000000156,-1.4877883e-05,-3.682541e-07,634,1339.1387,111251.41,0.007812561742080892,0.07348987827394753,3.7125901841038598,473,1
345,phase3,124.41599999999977,39.258312500000244,3.169163137891774,0.23985628471786152,0.01729981,0.01761504,0.00024114481,0.17158116,0.17134002,0.011443416,0.00031028967,0.28960328461021506,0.1459927717229521,0.021313889395350005,-352.71558,94.80926,8988.795,-0.06405899,18.247976,332.98865,-11.60075,41.50476,1722.6451,0.00044224982,7.688659,59.115482,-41.27753,38.27153,1464.7101,0.0047719507,7.6932817,59.186584,-4.0778027,30.923944,956.29034,-0.010446279,5.825042,33.931114,-34.629406,22.809649,520.28,0.0040036826,4.356387,18.978107,-13.050229,18.104807,327.78406,0.0028543079,3.3899126,11.491508,-27.412342,14.887867,221.64859,0.0033751652,2.7712128,7.6796203,-17.130352,16.54885,273.8644,0.00826164,2.9587379,8.75413,-13.507069,13.2800255,176.35909,0.007953889,2.3753564,5.6423182,-3.063061,11.941924,142.60956,0.0035389203,2.1132941,4.466012,-12.705223,9.8036785,96.11211,0.000100914964,1.8034766,3.2525277,-1.0578951,10.736225,115.26653,0.0063922526,2.0296485,4.1194735,-9.05952,9.370624,87.80858,-0.0039718496,1.6676818,2.7811627,3015.6308332319854,882.9196358459903,779547.0833624162,1815.4286010946332,245.35049206581627,60196.86395693817,5053.601539589443,1048.0462151018244,1098400.8689892597,23.58549221669309,8.061477605637005,64.98742118618694,0.070683934,0.08222649,0.006761196,294.62612521668257,51.91855650053891,124.18608452867444,718.922799426084,594.7367148974096,282.02769802256034,2.5617403611305702,0.585923753551139,1.4418878344150674,236,0.5271864384441243,0.16626382978723467,0.18545433162168976,1.2480000000000047,39.072000000000145,-1.4883813e-05,-3.8898668e-07,690,1209.7278,71231.95,0.007936164555351287,0.08216931181457825,4.267939814814823,531,1
346,phase1,186.46399999999994,29.098687500000068,6.407986394300881,0.13498944477578045,0.017952735,0.015815917,0.0,0.13709356,0.13709356,0.013825634,0.00025014323,0.26596202060449753,0.14405511098992424,0.020751875002319394,-320.4828,90.78187,8241.348,-0.0016080104,15.840205,250.9121,17.620678,44.807896,2007.7477,0.0019590885,8.848125,78.28933,-34.38573,37.342945,1394.4955,-0.021899221,7.557415,57.11452,-4.51202,27.57173,760.20026,-0.008542431,5.2869544,27.951887,-27.02562,20.826933,433.76114,0.004305142,4.0284157,16.228134,-14.008545,20.026655,401.06696,0.0074162707,3.5291018,12.45456,-25.13695,16.571356,274.60986,-0.0005194987,3.0965464,9.5886,-10.221783,13.022755,169.59215,0.0017352385,2.4481788,5.993579,-9.100871,16.795748,282.09717,0.0039192503,3.2405415,10.501108,-12.019852,11.142297,124.15079,0.0019203195,1.993654,3.974656,-21.334608,13.263711,175.92604,-0.002741318,2.4871907,6.186118,-5.4686375,10.230813,104.66953,0.0028095224,1.9284292,3.7188394,-18.804047,11.484317,131.88954,0.0018569755,2.0777946,4.3172297,2727.254821428478,1007.785469419965,1015631.5523740192,1784.6416631322593,365.14702378855606,133332.3489816403,4711.177545643462,1320.8252143282432,1744579.2468052497,23.048922921717637,9.126422225681505,83.29158264141336,0.08179847,0.13816495,0.019089554,250.76037486712247,67.28652871709804,65.40639132514966,532.3973992564887,466.991007931339,248.37216905734888,0.09741971806453702,0.38726436093405603,0.8814141362010992,190,0.9813894685190026,0.15373544973544917,0.26272393595006505,3.391999999999996,29.05599999999989,-1.3260987e-05,-1.7557613e-06,1160,957.1417,48342.26,0.012168058783291118,0.09745863135532773,3.4162090269435397,637,1
346,phase2,181.48268749999986,34.080000000000155,5.325196073204313,0.15809786190386105,0.017721098,0.01631394,0.0005480981,0.14712489,0.14657679,0.0135265505,0.00026614463,0.2879514191683984,0.1452136357733077,0.021087000014502873,-318.3527,88.27878,7793.1426,0.0051770965,16.678495,278.1722,15.277638,45.916725,2108.3457,-0.01463951,8.93898,79.905365,-32.51502,38.970364,1518.6892,0.016653577,7.8257027,61.24162,-2.335411,26.960424,726.8645,0.004878162,5.304645,28.13926,-26.919363,19.92672,397.0742,0.0022704483,3.9161794,15.336462,-14.844964,20.155441,406.2418,-0.0020762875,3.7127523,13.78453,-26.004105,16.923653,286.41,-0.0009981452,3.1820235,10.125274,-10.153149,13.575172,184.28531,-0.0005663976,2.5622222,6.564983,-9.1013975,16.562794,274.32614,-0.003384226,3.191541,10.185934,-11.3354225,11.012522,121.27563,-0.0011620988,2.0039036,4.0156293,-20.9076,11.796146,139.14906,0.0001171911,2.2842305,5.217709,-4.417543,10.228985,104.632126,-0.0019952145,1.9154437,3.6689243,-18.06364,11.264349,126.88556,0.00012093537,2.0213547,4.085875,2859.2256702422164,988.966910728341,978055.5505155582,1812.7998529384492,295.5526037258336,87351.34156911963,4872.801321062788,1217.1094254130212,1481355.3534292146,22.64155785236907,9.253515634123971,85.62755159097676,0.07747048,0.08627926,0.0074441102,249.47646632186587,53.08261874327127,113.22324603078411,477.05982293262406,363.83657690184,244.1052838549259,0.17975159945250652,0.2915244173531951,0.9370823974348529,202,0.8984291415919342,0.1687128712871287,0.14904304226696236,0.8640000000000043,34.08,-1.3396596e-05,-1.8584149e-06,1124,651.4736,24045.174,0.013382094538550243,0.11065922647238648,4.4632356460998555,810,1
346,phase3,162.97599999999983,59.11893750000016,2.756747738290318,0.26618768606556,0.017470282,0.016472224,0.0005307204,0.21273857,0.21220785,0.013136269,0.0002713342,0.2865311897826322,0.13311280902836925,0.017719019927423103,-318.93857,90.41248,8174.4175,-0.0326765,16.2887,265.32175,14.122525,43.44332,1887.322,1.5240103e-06,8.570388,73.451546,-34.30098,36.83999,1357.1848,0.00024087937,7.2221127,52.158913,-1.7650213,27.33736,747.3313,0.0008657339,5.334497,28.456858,-28.191813,20.587511,423.84558,0.003538393,3.9941137,15.952944,-13.956147,20.601196,424.40927,0.0031171183,3.707251,13.7437105,-27.499458,16.854744,284.08237,0.008370606,3.1523423,9.937262,-9.38673,13.750218,189.06851,0.0026141305,2.6445265,6.9935203,-11.055519,16.533737,273.36444,-0.0026083074,3.1398537,9.858682,-13.044392,10.814601,116.95559,0.0019790453,1.9757315,3.9035149,-22.120934,12.811493,164.13435,0.0022330615,2.4349449,5.928956,-5.5675764,10.260348,105.27474,-0.0005027332,1.9002805,3.6110659,-19.51464,11.680866,136.44264,-0.0018662387,2.1171834,4.4824657,2858.7473574711103,892.3925909131799,796364.536316738,1829.0868419695869,293.1029300280642,85909.3275910363,4925.257302622101,1153.3980142058208,1330326.979173931,22.52450094866762,9.153430793114495,83.78529528433667,0.08032874,0.08501489,0.0072275316,251.39237245755845,63.042640886607906,66.54967490706109,577.2395659524774,510.6898910454163,245.51937137864914,0.47877273715973023,0.23944676556123803,1.233706644033703,274,0.594802917537215,0.21626373626373563,0.21006174751532164,1.343999999999994,59.03999999999983,-1.3293083e-05,-1.9705653e-06,1157,646.5716,31511.65,0.014349434152169927,0.1085480063101151,4.405556646377385,718,1
347,phase1,36.310062500000015,5.9199999999999875,6.133455467321727,0.14018449534617636,0.028156402,0.025677288,0.000695223,0.15995437,0.15925914,0.020869292,0.0006593231,0.26962705669981063,0.12422210079670618,0.015431130326347029,-275.9296,94.7326,8974.266,0.039981842,17.291155,298.984,39.361454,57.17416,3268.8845,0.02425526,11.191663,125.25331,-44.906456,39.365913,1549.675,0.023917198,7.800098,60.84153,12.94128,25.99518,675.7494,-0.10411395,5.3127394,28.2252,-23.904083,20.645542,426.23843,-0.047560323,3.980066,15.840925,-13.43944,18.350267,336.73233,0.024084952,3.6914682,13.626938,-16.56537,14.094239,198.64758,0.021480791,2.6706433,7.132336,-18.993319,13.034618,169.90128,0.0119610485,2.5466042,6.4851933,-19.607723,12.5637865,157.84872,-0.0303228,2.3198535,5.381721,-4.8049493,12.067955,145.63553,0.010046548,2.357061,5.5557356,-10.510661,9.928802,98.58109,0.027987044,1.930859,3.7282164,-6.097228,9.160618,83.91692,0.016551623,1.7715666,3.1384485,-16.071205,7.6211047,58.081238,0.0044411304,1.5152221,2.295898,2549.9575659881853,987.2824627829441,974726.6613187554,1603.9410483229524,360.00548232062584,129603.94730090645,4226.219223484848,1457.602421183767,2124604.81824078,22.33304081449878,8.971904586108838,80.4950719022408,0.079289295,0.09897008,0.009795076,141.933333918917,15.648305848403881,118.57804013471404,208.85526660911424,90.2772264744002,137.79308824865404,1.3340205375706113,0.3030303028007346,0.7340742154951818,31,1.1712923009260552,0.19733333333333328,0.20002488734043938,0.7679999999999998,5.919999999999998,-1.078031e-05,-4.5196102e-06,261,354.23203,15032.131,0.011967038983913913,0.12221604524615136,2.836679226316395,103,1
347,phase2,35.55199999999999,6.6781250000000085,5.323649179425478,0.15813651984217447,0.024525832,0.021616518,0.0006032753,0.13274011,0.13213684,0.019598097,0.00046727387,0.2837561405066288,0.13104039377651291,0.017171584801103566,-290.26962,100.36315,10072.762,-0.2342292,19.425064,377.33313,35.679314,57.436226,3298.9202,-0.04253195,11.038705,121.853004,-41.963223,40.57372,1646.2266,-0.02125805,8.24136,67.92001,11.613462,23.722748,562.76874,0.012079936,4.7640715,22.696379,-19.202436,19.973213,398.92926,0.03939264,4.131548,17.069689,-15.307821,19.273975,371.4861,-0.011456131,3.8098478,14.51494,-14.875816,13.874021,192.48845,-0.01028015,2.7355318,7.483134,-15.293572,13.43786,180.57607,0.014493594,2.720464,7.4009247,-19.135921,12.670707,160.5468,0.031718045,2.4309192,5.9093676,-2.4359148,10.265561,105.381744,0.008245584,1.8903838,3.5735512,-11.701818,9.755917,95.17792,-0.013866301,1.850248,3.4234176,-5.5363016,8.766647,76.85411,-0.006656335,1.7343572,3.0079951,-14.723509,7.5227475,56.591732,-0.0021647662,1.5031706,2.2595217,2624.3430921386557,990.9945054711166,982070.1098739429,1644.5339891162566,379.5586835291261,144064.79424236328,4362.949810606061,1517.45522609034,2302670.3631888847,21.871094978420285,9.017657211890366,81.31814159115834,0.09285482,0.11012321,0.012127122,140.7458374525953,16.82073609578865,109.99999999999999,226.44649206156825,116.44649206156826,135.4258854679408,1.4841554548034788,0.3606060603328742,0.8998315775764338,38,0.935578922747923,0.16691891891891897,0.14371337434768833,0.6720000000000006,6.176000000000002,-1.0769212e-05,-4.433082e-06,268,367.3558,20474.105,0.011599429531760047,0.11882156730180723,4.331683168316832,154,1
347,phase3,36.92800000000001,6.5818749999999895,5.610558448685461,0.1512731305249668,0.024052177,0.021119786,0.00050613924,0.12144073,0.12093459,0.018616263,0.0004460454,0.29153729607077206,0.13380354782998624,0.017903389411891416,-293.83456,97.97963,9600.008,0.074014306,17.820341,317.56458,34.816544,61.1217,3735.862,0.0058418945,12.007408,144.17786,-46.944473,39.511578,1561.1647,-0.026153782,7.958674,63.340492,12.398508,26.85759,721.3301,0.045602016,5.406496,29.230198,-23.311968,19.905493,396.22867,0.022969216,4.098375,16.796677,-14.937286,17.21979,296.52112,-0.008017627,3.3981416,11.547366,-15.595156,13.961765,194.93088,-0.003956719,2.757592,7.604313,-17.223446,14.502307,210.3169,0.000107138294,2.7238305,7.419253,-20.65525,12.552639,157.56876,0.007028459,2.3590624,5.565176,-2.6839364,10.3335905,106.7831,0.005374357,2.0939984,4.384829,-11.97582,9.624667,92.634224,-0.0055477656,1.9095857,3.6465175,-5.8240952,9.019447,81.350426,-0.008586917,1.7580451,3.0907226,-14.920688,8.046268,64.74244,-0.0007026858,1.5492175,2.4000747,2629.007163133028,1021.9663728483405,1044415.2672327933,1587.0425158397904,368.16855534183355,135548.08514249275,4293.594898897059,1507.0580464004752,2271223.955220417,21.779843459545088,8.838917918976698,78.12646997840736,0.09190581,0.11285349,0.012735911,139.03685799697664,15.31896390382997,111.27813843321147,216.22053167995523,104.94239324674376,133.87038650376502,1.8346237297374337,0.3036764703649438,0.6435320717423343,28,1.318857095755104,0.2331428571428569,0.1679961126858324,0.6720000000000006,6.527999999999993,-1.1185058e-05,-4.0764467e-06,257,268.7433,13790.531,0.012904536517787136,0.11712537074560447,4.874350086655111,180,1
348,phase1,88.11368750000001,9.727999999999994,9.05773832671276,0.09942592210503313,0.012758294,0.009388444,0.00026394476,0.08246018,0.082196236,0.01107127,8.8142886e-05,0.2787250845630314,0.15856502959639224,0.025142868610904742,-359.9574,88.27822,7793.044,-0.04289925,16.380468,268.31976,3.6266265,54.07839,2924.472,-0.049596097,10.271045,105.49436,-33.29183,36.4012,1325.0472,0.024778318,7.2104287,51.99028,-0.7658854,24.066738,579.2079,-0.015396805,4.5479813,20.684134,-30.481035,20.693943,428.2393,0.01660147,4.013175,16.105574,-11.808009,16.559608,274.22064,0.0158677,3.210513,10.307394,-30.408936,14.506313,210.43312,-0.001335565,2.7040184,7.3117156,-15.965464,13.890917,192.95757,0.0025639173,2.6368988,6.9532347,-21.470898,12.193386,148.67867,-0.0026739468,2.2507985,5.0660934,-3.6076498,12.739153,162.28603,0.012188979,2.4449985,5.9780173,-22.148281,10.714258,114.795334,-0.00290381,1.9758406,3.903946,-8.317233,9.277311,86.0685,0.0055185608,1.7488327,3.0584157,-11.370698,7.794898,60.760433,0.00050539384,1.4551963,2.1175961,2936.8910837144754,1123.6174686286527,1262516.2158074612,1749.9370039683956,286.6828869246897,82187.07765547442,4856.194305918902,1244.749851684917,1549402.1932696232,22.917186298834256,8.676168974001081,75.27590806541897,0.06993154,0.08180091,0.0066913883,259.8094590003188,52.5136638666355,113.22324603078411,544.8415985660737,431.61835253528955,252.71363809934766,1.3808567132638403,0.5451275341579047,0.6847796855507015,67,1.315129644550304,0.14739393939393997,0.12762111048747674,0.671999999999997,9.728000000000037,-1.4437726e-05,-8.129456e-07,648,741.5677,21742.936,0.010129742360721106,0.09626002083674791,3.109619036202519,274,1
348,phase2,86.48168749999996,11.360000000000042,7.612823933730256,0.11610592877397011,0.013941343,0.010814264,0.00025720228,0.102506034,0.10224883,0.0121876355,0.00011694831,0.2885965730256704,0.15237048670187806,0.023216765217767193,-352.6806,90.7602,8237.414,0.024652647,16.159714,261.13635,-2.2392406,50.151936,2515.2166,0.049674958,9.9676,99.35305,-36.111057,37.45702,1403.0284,-0.037415918,7.4844556,56.017075,3.45677,24.674068,608.8097,-0.0049555856,4.785523,22.901232,-29.655437,20.893902,436.5551,0.0010240441,4.199648,17.637041,-10.919267,16.784176,281.70856,0.00016447109,3.1537914,9.946401,-32.1886,15.3742485,236.36752,-0.00051909074,2.9718976,8.832175,-13.630383,13.2360735,175.19363,-0.0047615655,2.390914,5.7164693,-21.857044,13.530205,183.06645,0.012548359,2.481978,6.160214,-2.1552472,12.42649,154.41765,0.0072614783,2.3963537,5.742511,-23.88605,11.042454,121.93578,0.0063338,2.0158536,4.063666,-7.4902434,9.112067,83.02977,-6.469548e-05,1.7128062,2.933705,-11.841167,7.981439,63.70337,0.003476042,1.4550507,2.1171725,2999.9801172559783,1064.3742527481268,1132892.5499131333,1743.7324263518688,285.00694575766886,81228.95913011479,4923.530493786789,1198.0185220978567,1435248.3792895328,23.038826001161393,8.637680145046144,74.60951828812438,0.069898576,0.08289059,0.00687085,264.9327355652619,50.37144121008693,113.22324603078411,434.9461689552743,321.72292292449015,255.6500291307247,0.43740356581446416,0.5261608892981815,0.786985608767224,77,1.1231387841150804,0.14947368421052618,0.16045309805641098,0.8320000000000007,11.359999999999989,-1.4377563e-05,-9.185085e-07,606,744.2425,29450.148,0.009811407674390888,0.09244221492980326,3.7927104509842056,328,1
348,phase3,89.37599999999999,11.430625000000006,7.81899434029247,0.11339160496643952,0.013569474,0.01066997,0.00025982418,0.07637976,0.07611994,0.011333126,0.000113848255,0.2648593390491114,0.14234199197740152,0.020261242680094643,-358.58997,92.72521,8597.965,-0.0745346,16.810648,282.5979,8.182688,48.92684,2393.836,-0.022796936,9.672073,93.54901,-37.940495,36.9823,1367.6906,0.02335751,7.5603437,57.1588,1.1906306,24.174854,584.4236,0.022153297,4.6225176,21.36767,-28.923288,20.416267,416.82397,0.0059609665,4.066069,16.532917,-12.813131,17.297903,299.21747,-0.014162042,3.283545,10.781668,-29.83054,15.255926,232.74327,0.0037192693,2.8871257,8.335495,-17.191423,13.479895,181.70755,0.014581825,2.559338,6.550211,-20.314095,12.872849,165.71025,-0.005635719,2.367859,5.6067557,-4.586758,12.73973,162.30072,-0.007816509,2.4623811,6.0633206,-21.933598,10.793191,116.49298,0.0031962104,1.9957042,3.9828353,-9.221818,9.30674,86.6154,-0.0026813473,1.7414336,3.032591,-11.584732,8.101072,65.62737,-0.0039032397,1.4970802,2.241249,2809.4625907848513,1017.6257924551879,1035562.2534700491,1748.539978305443,287.8121002498488,82835.80505022901,4705.59693351317,1238.9352230787738,1534960.486985251,23.16167304268125,8.638792710745598,74.62873949923129,0.06959479,0.085951164,0.0073876027,260.23942775460597,43.163174162284534,119.26495573315601,437.46578647972086,318.20083074656486,251.2581146483697,0.7751291568396402,0.5537924466665209,0.6745588397587956,68,1.314352921847751,0.1705074626865669,0.15998930683804155,0.7359999999999971,11.423999999999984,-1.4288307e-05,-9.098443e-07,650,826.3157,36882.992,0.008493889679007823,0.08302244087343437,3.8489079842463307,344,1
350,phase1,121.79199999999992,29.58818750000009,4.116237126176195,0.19545614250213614,0.013766794,0.013764053,0.00052958814,0.13868964,0.13816005,0.0096353,0.00018944916,0.29613581794282395,0.12660899916758633,0.01602983867021788,-336.5086,81.87305,6703.196,-0.054473974,13.591859,184.73863,11.860233,39.106823,1529.3438,-0.0119707575,7.394326,54.676064,-35.888832,31.65674,1002.14923,0.026506677,6.009694,36.116425,-7.818841,26.013817,676.7187,0.003893395,5.048807,25.490454,-24.186028,17.88626,319.91824,0.012891294,3.2654967,10.663468,-16.989632,16.217493,263.0071,0.0028748692,3.011726,9.070493,-25.916136,15.075733,227.27774,0.004017367,2.5953057,6.735611,-8.973795,13.214805,174.63106,0.0050493185,2.4641173,6.0718737,-21.717606,12.831346,164.64342,0.00021169313,2.3574698,5.5576634,3.582809,12.494604,156.11514,-0.0056183646,2.409323,5.8048368,-19.400467,9.849361,97.00992,-0.00041285358,1.7996197,3.238631,-3.8951344,9.108549,82.965675,-0.0023476777,1.7152326,2.942023,-14.61551,8.806887,77.56125,0.0010231454,1.6022516,2.5672102,2887.0417715973504,853.5837745620606,728605.2601956148,1904.5529364868094,259.13452734945236,67150.70326462407,5164.696615409004,1126.400686570826,1268778.5067072283,22.458697823963803,8.713325282938754,75.92203748629971,0.09416312,0.09842922,0.00968831,257.4819263570864,41.54964856788044,146.8323839587038,532.3973992564887,385.56501529778495,248.37216905734888,2.13598973005124,0.5206087506826023,1.0569414838384976,160,0.7611999952424995,0.1859622641509437,0.22462216736747354,1.3119999999999976,29.568000000000048,-1.3942095e-05,-1.318488e-06,861,598.0256,34541.656,0.010821942589333477,0.09974726127333466,3.1036521282186045,378,1
350,phase2,118.42024999999984,32.96000000000015,3.592847281770389,0.21772985577709214,0.01368306,0.014326856,0.00053922547,0.15158843,0.1510492,0.009441121,0.00020525878,0.27936829555062354,0.12641282688691513,0.015980202801541173,-338.04034,78.06199,6093.674,-0.01441594,13.895092,193.07358,20.37812,41.64045,1733.9269,0.0061419797,8.000747,64.011955,-39.29028,33.341274,1111.6405,-0.0041467547,6.616369,43.776333,-10.76635,27.025736,730.3904,0.00017781318,5.1983786,27.023142,-23.330444,16.756428,280.7779,-0.00154621,3.2107358,10.308825,-15.65392,16.163311,261.25262,0.0060688816,2.982978,8.898158,-26.430954,14.427445,208.15117,0.0066009327,2.5841255,6.6777043,-11.888161,12.799555,163.8286,-0.008575064,2.3616326,5.577308,-21.765877,12.355307,152.6536,-0.002596046,2.3503907,5.524336,3.0829911,12.539379,157.23604,-0.0022928067,2.3751495,5.641335,-19.548775,9.399371,88.34818,0.0029199186,1.7352936,3.011244,-4.872895,8.903568,79.27352,-0.002936478,1.6934367,2.867728,-13.651324,8.856866,78.44408,0.0012815321,1.6222762,2.63178,2737.349566915108,906.0440907743688,820915.8944271526,1857.246416739171,295.8888730270208,87550.22518120043,4891.463881843162,1293.1619610745292,1672267.857570122,22.469723853181552,8.709083241586839,75.84813090888873,0.087462634,0.09517158,0.00905763,231.47550169113651,43.26652401310826,124.18608452867444,517.2410787647879,393.05499423611343,221.27444703492776,2.676585689927541,0.5178609172441638,1.2154822045808487,184,0.6435883117196278,0.18010928961748654,0.18093789977477134,1.120000000000001,32.960000000000036,-1.3854156e-05,-1.4044791e-06,818,554.7198,26218.457,0.010739525597758521,0.08511703232003318,4.205361836341341,498,1
350,phase3,136.86399999999986,19.10350000000014,7.16434123776573,0.12248385080225135,0.011520284,0.010432351,0.0005355015,0.09700953,0.09647403,0.008547431,0.00010883395,0.28911529528493024,0.1317096625706204,0.01734743521446668,-347.05826,73.15414,5351.5273,-0.045082062,12.564964,157.87833,14.098909,42.644398,1818.5446,0.019927729,8.369625,70.05063,-39.59133,31.527906,994.00885,-0.0016415917,6.169623,38.064247,-7.3563905,26.588037,706.9237,-0.0057792235,5.1055613,26.066757,-21.111628,15.561152,242.14946,0.009445042,2.9804986,8.883372,-19.153643,16.79052,281.92154,-0.007091951,3.1312878,9.804963,-28.856073,14.18637,201.25308,-0.00042597798,2.5823839,6.668707,-9.820141,12.699478,161.27675,0.002482316,2.347489,5.510705,-23.359459,12.595444,158.6452,0.0017777486,2.3522408,5.533036,2.5097802,12.153648,147.71117,-0.0030740907,2.30496,5.3128405,-20.620672,9.52625,90.749435,-4.251873e-05,1.7618635,3.104163,-4.5459146,8.847985,78.28685,0.0006109763,1.6764134,2.810362,-14.928009,9.362906,87.66401,-0.0039690514,1.7645284,3.1135604,2829.789653371614,925.6596306507436,856845.751816471,1867.8553804279866,264.65653950566735,70043.08390311486,5021.284814833812,1237.6916113399332,1531880.52478124,22.576568695379933,8.78521455104776,77.17999470794129,0.08790042,0.092468776,0.008550474,230.865344047,27.344772454441074,161.0494265540188,532.3973992564887,371.3479727024699,227.75828324510303,2.7532058677429747,0.4944604020323224,0.7693910590347348,120,1.140533323828888,0.16000000000000045,0.17079546960319184,0.8320000000000078,19.040000000000052,-1.4118353e-05,-1.1388119e-06,908,516.93365,24372.363,0.01127775346034531,0.08441013842768581,3.923602992751933,537,1
351,phase1,120.76799999999999,13.502375000000015,8.94420359794453,0.10056108802853954,0.027849784,0.020370794,0.00050606375,0.12660885,0.12610279,0.024584118,0.00041496925,0.3094157754408961,0.13532138001087168,0.018311875888046746,-289.7224,88.246315,7787.4116,-0.06406701,16.03543,257.13507,-15.80675,37.65055,1417.564,-0.009403056,7.479324,55.940285,-42.693325,38.224735,1461.1304,0.019039158,7.601127,57.777134,5.0529575,28.651852,820.92865,-0.0022219366,5.570854,31.034418,-37.136036,24.281364,589.58466,0.016824381,4.7696586,22.749641,-3.9422264,18.444075,340.18387,0.007937887,3.2774484,10.741669,-31.984852,15.4193945,237.75772,0.008158592,2.8798635,8.293614,0.6392395,15.387834,236.78542,0.0036126697,2.7090425,7.338911,-23.461578,13.194118,174.08475,0.0014843141,2.4664974,6.08361,-1.525227,10.734492,115.229324,-0.0022800348,1.9556706,3.8246477,-18.030678,9.729897,94.67089,0.0026896792,1.8232981,3.3244162,-9.575574,12.401403,153.7948,0.001765586,2.247974,5.053387,-14.3118725,9.2977915,86.44892,0.004985549,1.7646276,3.1139107,3154.339228614529,870.596341843529,757937.9904313347,1760.92123892424,254.31633179461002,64676.79661746617,5167.892412416587,860.5685631887598,740578.2519487664,24.32714113516619,9.360178848326239,87.61294807265391,0.07167683,0.0862403,0.00743739,276.9672878133688,40.36545933581499,204.08500572708806,445.11255373284587,241.0275480057578,266.19869962824436,1.478773490381932,0.5819828406620632,0.5436791250489916,73,1.6543561417211485,0.18666666666666698,0.14942854107863296,0.6400000000000006,13.440000000000023,-1.3105488e-05,-2.1524759e-06,653,1925.6494,108344.53,0.006794410055813418,0.0694957712236446,2.293653948065713,277,1
351,phase2,120.51037499999998,13.76000000000002,8.758020802469405,0.10247979124211144,0.026398618,0.019472387,0.0005094134,0.13066526,0.13015585,0.022866918,0.00037917384,0.3041425474037774,0.13309770256744816,0.017714998428732892,-291.2632,84.76994,7185.943,0.066477105,15.371709,236.28943,-12.784722,40.665485,1653.6816,0.031104896,7.877421,62.053757,-38.572086,38.609734,1490.7117,0.009479573,7.8565717,61.725716,5.832809,28.870428,833.50165,-0.008690869,5.6267304,31.660093,-35.808414,23.456713,550.21735,-0.016556358,4.6662827,21.774193,-5.596495,17.3962,302.6278,-0.0028813574,3.1155317,9.706537,-30.937786,16.540964,273.6035,-0.00420705,3.1152043,9.704497,0.21602724,14.604724,213.29796,-0.01566306,2.7464905,7.54321,-23.164871,13.506799,182.43361,-0.00085462944,2.476968,6.135371,-2.6680446,10.790177,116.427925,-0.0051310104,1.9246854,3.7044137,-17.19321,9.326143,86.976944,0.0026949744,1.7151355,2.9416897,-9.381873,11.334558,128.4722,-0.0005982679,2.1197102,4.4931717,-13.860802,9.5171995,90.57708,-0.0027175618,1.757607,3.0891824,3155.966267256321,909.7873317347555,827712.9889850462,1760.7122505415591,264.2100996180397,69806.97674017446,5159.0409765252625,898.9873467848003,808178.2496791747,24.12519335448938,9.660217188780283,93.31979613440603,0.07366995,0.08567078,0.007339482,269.03990052673777,36.37051251844983,204.08500572708806,439.99999999999994,235.91499427291188,258.62053938239393,2.0732457739959154,0.5560057196005705,0.5958127397797168,80,1.506379668670254,0.17200000000000043,0.1452721583786791,0.7040000000000006,13.760000000000034,-1.2980445e-05,-2.2625545e-06,661,1514.2491,81991.2,0.008496293144278952,0.07218556436752768,3.5017731875782485,422,1
351,phase3,114.75199999999991,23.587250000000083,4.865001012623281,0.1705029483678716,0.021979623,0.01719885,0.0005094598,0.17692798,0.17641853,0.01940012,0.00029580042,0.3039770982091235,0.13736424808659276,0.018868936652395002,-308.15564,90.1869,8133.6763,-0.016881913,16.595274,275.4031,-10.329196,39.438793,1555.4183,-0.011234043,7.618654,58.043888,-35.95244,35.043118,1228.02,-0.012245655,7.0080714,49.113064,6.3388114,29.95001,897.0032,0.0063627465,5.8174443,33.84266,-33.753906,23.810595,566.94446,0.0009385064,4.5262814,20.487225,-3.1924775,17.293287,299.05777,0.0017445729,3.0250862,9.151146,-30.653587,16.690798,278.58273,0.002884501,3.1496418,9.920243,-0.8249996,15.305119,234.24664,-0.0007247682,2.75848,7.6092124,-20.51177,13.161348,173.22108,0.0031814126,2.471066,6.1061673,-2.144812,10.059991,101.20341,0.004563822,1.8005056,3.2418206,-14.831476,9.792637,95.89573,0.0030907213,1.862067,3.4672933,-8.699747,11.386574,129.65407,-0.001307576,2.1352236,4.5591803,-13.348748,9.778398,95.61705,0.0033936668,1.8473986,3.4128819,3143.457358887201,858.8705799099655,737658.6730348804,1786.5684087497898,257.53308012500617,66323.28735867285,5179.065969010176,884.7599803640544,782800.2228538019,23.724557492286582,9.528282079627356,90.78815938894783,0.08323029,0.095938355,0.009204168,264.4978476477797,31.36995657091619,178.6955271983718,458.1553471153147,279.45981991694293,257.13099468347406,1.7996018111184895,0.5663737278986184,0.8818899914521728,122,0.9405901562246701,0.19226446280991752,0.17379211332642086,0.7680000000000007,23.26400000000002,-1.2981905e-05,-2.2702884e-06,684,1543.9265,78318.805,0.008647533541422883,0.07503693842332308,3.6339235917456807,417,1
352,phase1,123.42699999999978,41.40800000000023,2.9807524396070004,0.25120878454211926,0.022163663,0.024565877,0.00038493786,0.26753816,0.26715323,0.015849752,0.00060348236,0.285830669521545,0.15045509198280843,0.022636734703555345,-316.186,94.31071,8894.51,0.032127634,16.373045,268.07663,5.0361876,48.325317,2335.3362,-0.01559757,9.347905,87.38334,-36.733627,38.841225,1508.6409,0.0022773158,7.451296,55.521812,4.875049,29.582476,875.12286,-0.009055925,5.641292,31.824179,-28.348171,20.504404,420.4306,0.0034947102,3.8703527,14.97963,-14.326977,16.951365,287.34875,0.0112562375,3.0398767,9.24085,-20.12098,14.397122,207.27713,-0.004569338,2.7303846,7.455,-12.7241335,14.383057,206.87231,0.0025288505,2.6555452,7.05192,-11.415712,12.605193,158.89088,-0.0014394455,2.3704329,5.618952,-7.5489244,11.273186,127.08471,0.0037674378,2.1152177,4.4741454,-16.209625,10.607469,112.518394,-0.0024643487,2.007665,4.0307183,-4.925421,9.58927,91.95409,0.0014206431,1.7897103,3.2030628,-9.237458,8.827401,77.923004,-0.00011728565,1.6023928,2.5676625,2930.9198975737277,1034.9288916583648,1071077.8107892114,1754.7785304202012,306.5165978107412,93952.42473347166,4841.752899359472,1236.2664916251476,1528354.8383151514,23.16190108825789,9.131965347787864,83.39279111319833,0.07310285,0.09163444,0.0083968695,291.19876197376846,53.05005766039622,124.18608452867444,597.5958752840215,473.4097907553471,277.1826309768721,1.5490624177287544,0.4704968943186147,1.3407346740680073,221,0.5584932101425637,0.1873665158371039,0.19626474999724397,1.3119999999999998,41.40799999999996,-1.3233702e-05,-2.0274738e-06,947,1507.7212,65384.66,0.010346474111093093,0.06975306982625022,3.281291775705484,405,1
352,phase2,142.62699999999992,22.208000000000084,6.4223249989947035,0.1347286680620019,0.023822257,0.021266907,0.00037576343,0.18095843,0.18058267,0.018390715,0.00045228138,0.2888266995826863,0.14278075434094842,0.020386343810170262,-298.33017,89.825134,8068.554,-0.009481437,16.335438,266.84656,8.628276,47.33278,2240.392,-0.006600485,9.170402,84.09627,-39.49888,41.16024,1694.1655,0.015591298,7.934222,62.95188,2.6731389,30.053225,903.19635,0.009167583,5.9346848,35.22048,-27.77388,21.544365,464.15964,-0.0029206886,4.34656,18.892582,-15.718434,16.364836,267.80783,-0.0034491704,3.143977,9.884591,-21.153961,15.522998,240.96346,-0.008389734,2.9483395,8.692706,-15.296235,15.054128,226.62677,-0.0021360184,2.8686092,8.228919,-11.175657,12.204996,148.96193,-0.00060834567,2.298882,5.284858,-7.1813126,11.88658,141.2908,-0.0013070263,2.204709,4.860742,-16.213451,10.825231,117.18561,6.2886604e-05,2.0365772,4.147647,-3.9935508,9.712998,94.34233,1.0647389e-06,1.8787898,3.5298512,-9.79377,9.568191,91.55027,0.005125102,1.8238878,3.326567,2921.334767852891,1048.5412782255498,1099438.8121428697,1753.0105519842339,319.6431165650575,102171.72196742291,4810.126831812888,1300.1347271371208,1690350.3087079155,23.214289904538504,9.47195977261462,89.71802193402961,0.07344517,0.08726872,0.0076158284,274.21838647312137,50.419854569497495,119.26495573315601,611.5640167306283,492.2990609974723,267.74077300753,1.142741205810224,0.39208074526551223,0.9767343100676433,161,0.8858819820752667,0.13879999999999942,0.14234099901293362,0.8640000000000043,22.207999999999906,-1.2860248e-05,-2.3849334e-06,880,1165.7897,177094.5,0.012457810378426902,0.08468600998339049,4.389070793047602,626,1
352,phase3,147.26399999999992,22.566062500000072,6.5259055927055885,0.13287436963641272,0.022493882,0.019270353,0.0003816342,0.14461318,0.14423154,0.017825594,0.0003713465,0.2933316493088263,0.149371360709157,0.022311803400105086,-308.07468,95.0868,9041.5,-0.046274073,17.505411,306.43942,6.7525706,47.33713,2240.804,0.0052816463,9.306732,86.61526,-41.825523,41.03857,1684.1643,0.0119642615,8.140684,66.27074,3.0167465,28.238403,797.4075,0.0024591782,5.3842993,28.99068,-29.701376,21.17713,448.47086,-0.0012390409,4.2362084,17.945463,-17.031479,17.99165,323.69946,-0.00040700368,3.3164082,10.998563,-23.931585,15.041783,226.25523,0.0043075536,2.8965483,8.389992,-13.885573,14.758174,217.80371,0.0018252261,2.859448,8.176443,-12.686016,12.163214,147.94377,-0.0006805832,2.3179855,5.3730574,-8.035245,11.56194,133.67845,-0.00035856303,2.15459,4.642257,-17.085377,10.627344,112.940445,0.005652855,2.0269876,4.108679,-4.266596,9.116429,83.10928,-0.002288445,1.6774514,2.813843,-10.962363,9.276131,86.04661,-0.0007460269,1.7291086,2.9898164,2932.854708996368,1054.1617618581863,1111257.0201639554,1745.729466389917,319.2624219822243,101928.49408995584,4824.171651281085,1290.1706758016753,1664540.3726985517,23.05268974721981,9.338660290713982,87.21057602535815,0.076789506,0.09222405,0.008505275,279.0399675022635,50.59353272141014,128.565497341737,496.74433811469765,368.17884077296065,267.74077300753,0.6780883357684993,0.38903541816333165,0.7890240280633471,134,1.098985066425484,0.16938345864661727,0.17753130495116096,1.3120000000000118,22.528000000000098,-1.2962023e-05,-2.306018e-06,901,1307.754,96940.79,0.011329929798965535,0.08571752222758379,4.237288135593222,624,1
353,phase1,125.65793749999996,11.42400000000005,10.999468356138925,0.08333701878119464,0.03148587,0.025076663,0.00035560096,0.1909363,0.1905807,0.025203297,0.000628839,0.27848956965598737,0.12677468344107626,0.016071820361585096,-284.31284,80.622,6499.9077,-0.026193768,14.712129,216.44672,12.193753,42.42784,1800.1217,0.0033690678,8.122316,65.972015,-61.536865,43.159607,1862.7518,0.011372538,8.506652,72.36312,9.342827,29.808554,888.5499,-0.00091775216,5.3693104,28.829496,-41.952263,26.482779,701.3375,0.008498052,5.1920004,26.956867,-9.601946,20.39761,416.0625,0.0003551315,3.505491,12.288466,-25.669485,14.695724,215.9643,0.0020234378,2.6494963,7.0198307,-15.719979,15.702703,246.5749,-0.004615219,3.0500755,9.30296,-1.5659887,18.139427,329.03882,-0.0032854963,3.3668616,11.335757,-11.3909445,12.880767,165.91415,-0.0011998111,2.2921255,5.253839,-11.412341,10.781832,116.247894,0.0004301671,1.9711317,3.8853602,-9.890273,10.530251,110.88617,0.003928249,1.9243585,3.7031555,-10.918739,9.278937,86.09868,0.0008224832,1.6287874,2.6529484,2703.1486006680752,911.8195203000149,831414.8376001492,1577.3116626092071,339.12510769979224,115005.83867239568,4440.499897875817,1184.730318922477,1403585.9285741537,24.777335881367325,8.84424143224082,78.22060651176514,0.05630813,0.08077462,0.006524539,272.10008231750163,49.25795870487802,161.0494265540188,580.5834807400734,419.53405418605456,261.6255653005986,0.919342743884245,0.5651260502882525,0.7149008964073038,98,1.2822238389568992,0.11777319587628858,0.10104112719398826,0.6400000000000148,11.423999999999992,-1.37358165e-05,-1.5395409e-06,614,2074.0608,142119.56,0.009070590110854232,0.07202077252580806,2.952459728220512,371,1
353,phase2,122.32999999999998,14.75200000000001,8.292434361955365,0.10761442056579282,0.033789806,0.02784465,0.00035526,0.20854692,0.20819166,0.02686952,0.00077532453,0.2895212609783497,0.13807301136408098,0.019064156467145633,-280.12506,89.960075,8092.815,0.0072097955,16.514582,272.7314,10.347304,42.083443,1771.0161,-0.03721389,7.7302613,59.75694,-60.252502,44.131416,1947.5819,0.009325857,8.609775,74.12822,6.5084205,27.42439,752.0972,0.018566497,5.198915,27.028715,-39.226547,26.340307,693.8118,-0.007870147,5.0745273,25.750826,-10.032866,20.496834,420.1202,0.0046873526,3.6249592,13.140329,-21.102993,14.95224,223.56947,0.0062358314,2.7772338,7.7130275,-15.8673115,16.580893,274.926,0.006322136,3.1050622,9.641411,0.7945186,19.37662,375.45337,-0.0067683873,3.5060782,12.292585,-11.879547,13.238433,175.2561,-0.008101778,2.5074809,6.2874603,-9.627453,11.539072,133.15018,0.0044636875,2.1849337,4.7739353,-8.762692,9.528161,90.78586,0.0013138914,1.8723712,3.505774,-10.884429,9.702606,94.140564,-0.00078683207,1.7197638,2.9575872,2776.814456651201,953.7498757191895,909638.8254343695,1604.8998761527425,331.2492989776537,109726.09807318701,4523.827760270775,1199.5732115106223,1438975.889773908,24.905630698508322,9.128200536069345,83.32404502669668,0.060387917,0.086905725,0.0075526047,262.7463658857152,51.03725473364435,161.9823763910578,517.2410787647879,355.25870237373005,251.2581146483697,1.118134303878524,0.5492530344189418,0.8024394158241053,110,1.1120908989809917,0.13533944954128468,0.13187763442707873,0.7040000000000077,14.75200000000003,-1.3702463e-05,-1.5174634e-06,711,1859.8317,136387.08,0.00869450704405284,0.0731081139516249,3.997384124908036,489,1
353,phase3,118.8799999999999,22.356000000000094,5.317587881660919,0.1582882551190921,0.026607184,0.022963956,0.0,0.1728503,0.1728503,0.021722034,0.00052734325,0.2791130228392614,0.1402077973277253,0.01965822643149249,-309.30222,113.951164,12984.868,-0.04036048,15.745496,247.92062,4.9284396,42.32524,1791.4259,0.0043009478,7.577095,57.41237,-53.345078,42.16739,1778.0886,0.0011391236,7.902776,62.45386,7.4800324,29.492659,869.81696,-0.016707668,5.077281,25.77878,-39.64529,25.94566,673.17725,0.0045488584,4.7370343,22.439493,-9.697853,19.734074,389.4337,0.0021811784,3.4048517,11.593015,-22.729784,16.640152,276.89465,-0.0016999091,3.0103002,9.061907,-16.249933,17.463951,304.98956,0.004401075,3.0960238,9.585363,-4.69743,17.190899,295.527,0.0043184836,3.1659873,10.023476,-9.666598,13.233259,175.11916,0.0024469767,2.3229647,5.396165,-12.544785,11.311661,127.95367,-0.0010571402,1.9462706,3.787969,-9.208855,10.601852,112.39927,0.0034596464,1.8798333,3.5337732,-12.085422,9.513461,90.50595,0.00041087493,1.6177716,2.6171849,2712.893674911559,1051.177867362576,1104974.9088329335,1560.0997505322775,450.6306757383395,203068.00591639246,4370.353916515632,1437.1896596632619,2065514.1178430023,24.19119743047919,9.203189947982585,84.69870521864769,0.10170833,0.20689179,0.042804215,268.26633833468685,113.90194781005195,160.1218501126406,1102.3447059892326,942.222855876592,242.6993408760242,5.5693114703089135,0.49954689612606545,0.7505168653884279,106,1.1215094233819856,0.21180952380952373,0.6209175099761732,6.3359999999999985,22.23999999999999,-1.3167026e-05,-1.418007e-06,566,1165.9688,68129.54,0.008673138209295068,0.07693990088028696,2.944145356662183,350,1
355,phase1,101.74112499999998,7.936000000000021,12.820200627494843,0.07235784125450062,0.038750418,0.02941695,0.0011332189,0.21738148,0.21624826,0.03129816,0.00086535694,0.2336375927563448,0.12848177553971904,0.01650756664583875,-229.16861,76.33457,5826.9673,-0.013562126,13.247393,175.49342,30.87923,49.055614,2406.4531,-0.01783336,9.540937,91.02949,-35.167633,25.13698,631.86774,0.02818174,4.77658,22.815716,-0.7441085,24.280907,589.56244,-0.0042439573,4.4104514,19.452082,-19.013744,17.4089,303.06976,0.0018947984,3.1998909,10.239301,-3.2889056,15.466644,239.21707,0.0074452343,2.9373088,8.627783,-38.962784,14.253279,203.15594,-0.00056701055,2.6736364,7.148331,-5.66212,11.828708,139.91832,0.009133049,2.1671855,4.6966934,-19.877207,10.345543,107.030266,0.0009794912,1.92373,3.7007372,-5.8170867,10.695598,114.395805,-0.0035626502,1.9718602,3.8882327,-19.182455,8.236555,67.840836,0.011985037,1.5198895,2.310064,-4.1497655,7.88026,62.098495,-0.0016543957,1.4482485,2.0974238,-16.65681,7.559529,57.146477,0.0003844448,1.4037971,1.9706464,2555.234303868461,902.296498914797,814138.9719539003,1782.799379968577,273.976821694276,75063.2988256971,4628.874343640607,1149.6716729747732,1321744.9556406138,23.41984800748714,10.21940019658949,104.43614037805331,0.064530276,0.07940864,0.0063057323,191.727734182067,23.608460583563616,141.01384901128017,410.5345162761952,269.520667264915,186.06888929891866,2.1721232551563077,0.6878646439066907,0.4832365910393803,53,1.9196438317048332,0.15261538461538443,0.13410302495385823,0.5439999999999969,7.935999999999991,-1.0974697e-05,-4.1398175e-06,623,3400.9922,217440.5,0.010440000792856407,0.11180529241661677,2.624307525594985,267,1
355,phase2,101.26112499999998,8.416000000000025,12.031976350763228,0.0767343235884422,0.035435725,0.027303375,0.0011250783,0.23017213,0.22904705,0.029182518,0.0007454743,0.24335151236143523,0.12368145220686234,0.015297101619998373,-233.84886,73.646614,5423.8237,-0.014227394,13.911579,193.53203,30.509003,49.110588,2411.8499,0.023705373,9.533253,90.882904,-29.558,24.3292,591.91,-0.017525865,4.7741566,22.792572,-2.228091,23.366373,545.98737,-0.026897885,4.3886743,19.26046,-18.697042,18.570568,344.86603,0.0009839012,3.400414,11.562815,-4.5166264,16.701668,278.9457,0.012085771,3.257829,10.613449,-37.2377,14.052859,197.48286,-0.011010294,2.5937479,6.727528,-5.7290373,11.826886,139.87523,0.005881039,2.2673907,5.1410604,-22.460901,10.713997,114.789734,0.0029644235,2.0560994,4.227545,-3.380754,11.39977,129.95476,0.009270143,2.1159623,4.477296,-19.610823,9.83583,96.74354,0.0007912342,1.8565629,3.4468255,-2.3924274,9.05166,81.93253,-0.000633536,1.6639068,2.768586,-17.162884,7.84401,61.52849,0.0040574265,1.4695837,2.1596763,2631.9527959884163,895.1371665272679,801270.5468984658,1828.0760232991938,271.539545944893,73733.72501195865,4801.704255396733,1063.6372883307772,1131324.281127649,23.211205665190267,10.190517342857028,103.84664371506986,0.065572776,0.076085836,0.0057890546,188.59609913481265,33.54965102163003,129.31026969119696,538.5835590540482,409.2732893628513,181.8190699939266,5.92347424993354,0.6356476077492277,0.6108839924460091,67,1.5113600520692527,0.12751515151515108,0.10605776619574706,0.6080000000000041,8.415999999999972,-1.1177857e-05,-4.249427e-06,583,2113.3071,134073.69,0.012398426636183912,0.11530263053381094,3.4267839706501393,347,1
355,phase3,107.35999999999999,5.640750000000011,19.03292664398761,0.04991781028002037,0.030720944,0.02156942,0.0011680219,0.17687249,0.17570446,0.025830247,0.0004652399,0.24010940154303512,0.1181934315158105,0.013969687253482585,-237.60475,68.9327,4751.718,-0.013302052,13.060159,170.56773,28.938654,46.207436,2135.127,-0.00029434514,9.482189,89.91192,-28.314548,23.070124,532.2306,0.004530872,4.502014,20.268133,1.5556552,23.055126,531.5388,0.0016681778,4.644788,21.574053,-16.792776,17.37734,301.972,-0.0024356965,3.3970425,11.539898,-3.311014,15.283926,233.59839,-0.0032042218,3.0763361,9.463844,-42.477234,14.907035,222.21968,-0.00054720766,2.9166186,8.506664,-0.92641664,12.088615,146.13463,0.0018092045,2.264569,5.1282725,-24.463264,11.423272,130.49115,-0.00333365,2.2200086,4.9284377,-5.292213,10.347412,107.06895,-0.005951082,1.8738713,3.5113935,-18.880013,8.551592,73.12973,-0.0027902357,1.6715031,2.7939224,-4.3821254,7.753525,60.11715,0.0037021397,1.408756,1.9845934,-14.919417,7.422328,55.090954,-0.0008576302,1.3538859,1.8330069,2670.0884038204554,826.6411153033714,683335.5335100018,1853.6720938733674,258.9263624500601,67042.86117161988,4898.178705407701,926.6381833916189,858658.3229193196,22.94838592898143,10.046562714946994,100.93342238536312,0.064183064,0.06965784,0.004852215,181.75131033022421,24.585678070870177,110.63722351746388,471.580323515969,360.9430999985051,176.64303400994282,5.000934018851084,0.6460928650492376,0.48672243325818637,55,1.9519999645090913,0.1037037037037032,0.09028629969274679,0.4480000000000075,5.599999999999973,-1.09723715e-05,-4.2507168e-06,594,2493.7856,137286.94,0.012470667010596079,0.12257519272997693,3.6978390461997024,397,1
356,phase1,140.03199999999998,34.11918750000001,4.104200778397762,0.19591705339362106,0.025028499,0.023867693,0.0006448048,0.186331,0.1856862,0.017869929,0.0005696668,0.3392580457410895,0.13638240106538635,0.018600159320359893,-291.82077,95.5221,9124.472,-0.02822427,16.597305,275.47052,9.66173,60.972466,3717.6414,-0.0072264136,12.306984,151.46185,-16.496227,30.555714,933.6517,0.0039738435,5.8594084,34.33267,2.6621406,25.399878,645.1538,-0.017413277,5.1056967,26.068138,-18.362228,17.307596,299.5529,0.008621244,3.3515074,11.232602,-8.693142,17.00329,289.11188,0.01148286,3.3346317,11.119768,-24.383081,15.974448,255.18298,0.0022047935,2.9478939,8.690078,-10.362855,14.205012,201.78238,0.0031899223,2.6855416,7.2121344,-11.30167,11.971971,143.32808,0.0033217196,2.260671,5.1106334,-2.1698744,11.956407,142.95566,0.0037592724,2.289907,5.2436743,-20.37183,10.602182,112.40628,0.0019199708,1.992537,3.9702039,-0.84685,8.920869,79.58191,-0.0032724629,1.5912519,2.5320826,-15.455827,10.130863,102.63439,0.0046177567,1.9671248,3.8695803,3152.3824965740523,1041.9310372884627,1085620.2864650118,1879.6125076807386,343.12823814421284,117736.98781195165,5326.671010931472,1128.4251566586258,1273343.3341800442,22.201632027928333,9.967931774925484,99.35966386956912,0.094506316,0.09511585,0.009047025,152.05653243752838,22.033339299713944,65.7852866955572,251.2581146483697,185.4728279528125,147.682975305829,0.7525296678301421,0.2287341539171901,0.9359683522112073,163,0.8590920192693741,0.2105679012345687,0.22688034254616954,1.6640000000000015,34.11200000000013,-1.0901775e-05,-4.349199e-06,1118,379.33405,32029.219,0.015129881732085682,0.11807121163970616,2.349462979890311,329,1
356,phase2,135.20724999999985,38.94400000000016,3.471837677900617,0.22362170814163068,0.023413073,0.022666601,0.00063650066,0.17242481,0.1717883,0.017139219,0.0005137748,0.3487525728286331,0.13317591620501937,0.01773582465704634,-295.99673,103.67146,10747.771,-0.029146597,17.662312,311.95728,6.6818633,54.028618,2919.0916,-0.022031017,10.898711,118.7819,-20.292128,30.840101,951.1119,0.01454167,5.9167547,35.007988,3.0525737,24.221779,586.6946,0.014613649,4.6060324,21.215534,-19.288189,16.52471,273.066,0.006786296,3.1639001,10.010263,-7.8723545,16.50477,272.40744,-0.006766157,3.1038802,9.634072,-23.487362,15.841572,250.9554,-0.0035591896,2.9655335,8.794389,-10.3718405,14.418313,207.88774,0.002018374,2.6578526,7.064181,-10.3365345,12.288882,151.01662,0.0034998232,2.260525,5.1099734,-2.8809445,12.403026,153.83504,-0.006070004,2.2451665,5.040773,-19.489607,10.079931,101.60502,-0.0012346263,1.8985319,3.6044235,-0.73831165,8.535569,72.85595,0.0036251247,1.5087422,2.276303,-15.008876,10.034128,100.68372,0.0024886825,1.8413701,3.390644,3226.1602116606236,985.3006570537045,970817.3847904619,1887.17052946265,322.77195482099495,104181.7348189664,5412.849646334742,1075.4649845567437,1156624.933007637,22.00803780829182,9.920162947312521,98.40963290123226,0.11010825,0.102533594,0.010513137,161.34600480770308,27.709917406631934,110.63722351746388,269.2917795270241,158.65455600956022,153.77669275969214,1.1661119242555391,0.15726621345631706,0.9417101513770357,164,0.824434446192472,0.23892024539877255,0.20986144952094463,0.8640000000000043,38.943999999999924,-1.0925406e-05,-4.3511477e-06,980,322.9836,16888.604,0.015036375184803583,0.11944651407112863,4.592948972780681,621,1
356,phase3,146.1439999999998,33.28456250000019,4.39074407570341,0.1855031441830795,0.01991791,0.019620009,0.00064408046,0.14877039,0.1481263,0.014028557,0.00038494472,0.34203631391538875,0.1303090791557342,0.0169804561104154,-305.01816,90.82366,8248.9375,0.005771429,16.05324,257.7065,7.2376776,55.51315,3081.7097,0.0035452128,11.1284895,123.843285,-16.252987,29.243938,855.20795,-0.016551543,5.7008834,32.500072,4.464845,24.931286,621.569,0.005878196,4.88847,23.897142,-19.929792,16.428448,269.89392,-0.010534649,3.2601798,10.628773,-8.328121,16.621372,276.27002,-0.005202346,3.1464489,9.90014,-22.961496,15.161775,229.87941,0.0018011177,2.8676474,8.223401,-11.18239,14.382228,206.84848,0.0018256109,2.7507856,7.5668216,-11.01603,11.731022,137.61688,0.0042141015,2.2661667,5.1355114,-1.3501612,12.241856,149.86302,0.007117262,2.2872815,5.2316566,-19.781172,9.87901,97.59484,0.0014065471,1.8470412,3.4115613,0.43979305,8.554303,73.1761,0.00035252652,1.5439651,2.3838282,-15.409078,9.6334915,92.80416,-0.00059994636,1.7852303,3.1870472,3216.03363143881,966.7588969756338,934622.7648815442,1909.5924048289914,326.0966082866228,106338.99793603914,5468.525711037803,1028.8179809426604,1058466.4379109323,21.98914500783668,9.788746730686688,95.81956255752931,0.10640411,0.09661009,0.00933351,151.03158998705854,26.337185255806652,68.10519982075922,288.6197829762387,220.51458315547947,145.9866916572425,1.7250586688347238,0.1742154065309887,0.9084395356508527,163,0.8965889515546679,0.20543209876543161,0.19919770799611042,1.1519999999999868,33.27999999999992,-1.1117455e-05,-4.1261237e-06,1226,317.2091,30711.959,0.013949678633830322,0.11792595331903341,4.283446463761775,626,1
357,phase1,37.952,6.249812500000004,6.072501203435905,0.1413926747913336,0.018359877,0.01563247,0.00031802573,0.09604334,0.09572531,0.014984421,0.00024437407,0.2975749169003256,0.1272972706425092,0.01620459511303224,-315.404,105.89677,11214.126,-0.22384189,20.108858,404.36615,29.292868,50.167984,2516.8267,-0.013288426,9.064964,82.173584,-44.59797,34.815235,1212.1006,0.010512364,7.0349526,49.49056,11.255528,28.229916,796.92816,0.009865297,5.0087256,25.087334,-21.918081,21.028965,442.21735,-0.0017288645,4.1865244,17.526985,-10.978402,16.214556,262.9118,0.030688856,2.8491466,8.117637,-32.629974,19.770224,390.86176,0.023387693,3.7046285,13.724273,0.29260445,11.619788,135.01949,-0.0031172957,2.2998595,5.289354,-27.73094,15.2591715,232.8423,0.0010218734,2.7231216,7.415391,-1.9003689,14.040771,197.14325,-0.0063233078,2.2665787,5.137379,-16.86946,11.127204,123.814674,-0.008660491,2.0774288,4.3157105,-12.909907,11.660821,135.97475,-0.0143566225,2.0743995,4.3031335,-11.345448,9.954302,99.08812,0.0050370498,1.7281702,2.986572,2745.975295157107,919.0645577869685,844679.6613801561,1694.716403106477,308.03480518391063,94885.44120468979,4668.89019536903,1249.4359162706592,1561090.1088671018,21.83374171241876,8.603987693382438,74.02860422787644,0.08102524,0.09481586,0.0089900475,133.78766109031025,42.75406913804426,72.99334582862124,205.2672581380976,132.27391230947634,153.77669275969214,-0.3642825869197339,0.1613603472059621,0.8144462401852864,36,1.0542221929382725,0.17097142857142889,0.15240350309327524,0.5760000000000005,5.984000000000011,-1.30354865e-05,-2.213267e-06,225,335.85645,12820.71,0.020719393647740395,0.12075674512996389,2.450463743676223,93,0
357,phase2,36.42581250000001,7.775999999999989,4.684388865176337,0.17592038788002162,0.017774861,0.016218627,0.00029314513,0.098187804,0.09789466,0.014212008,0.00026304385,0.323151385559877,0.14120690506318684,0.019939390037523864,-324.84854,113.229385,12820.895,0.20247895,21.457027,460.40402,23.359262,55.637184,3095.4963,0.017106235,9.162231,83.94648,-37.205383,33.864094,1146.7767,-0.02416118,6.217108,38.65243,4.1834264,28.39371,806.20276,-0.007410615,4.9696374,24.697296,-24.432808,19.448029,378.2258,-0.036789805,3.7341974,13.94423,-7.643973,17.382486,302.15082,0.007920671,2.8572385,8.163812,-29.4996,17.302313,299.37003,0.00059394486,3.3808014,11.429818,-1.288451,13.883075,192.73978,-0.018419897,2.4056988,5.787387,-24.270622,14.9000225,222.01067,-0.00043066574,2.6198711,6.863725,-0.7926438,11.362166,129.09882,0.014318454,2.047678,4.1929855,-15.295162,10.697967,114.44648,-0.0008235868,1.7763159,3.1552982,-11.197624,11.120538,123.66636,0.012316952,1.8388778,3.3814716,-10.365358,9.4097,88.542465,-0.008919951,1.6451398,2.706485,2916.536394260151,1033.5108725358825,1068144.723649881,1739.9722118719108,301.99362406783473,91200.14897762469,4903.169093704776,1245.601724620508,1551523.656377584,21.435286937992856,8.91994353097223,79.56539259573331,0.092088744,0.10139813,0.010281581,183.04173724910908,56.06492959852345,72.15494574405967,374.29355081837645,302.1386050743168,176.64303400994282,1.2335335514187051,0.12879884216440024,1.2669163736215567,56,0.6504609258846266,0.13885714285714265,0.11188186189194435,0.5120000000000005,7.775999999999988,-1.284446e-05,-2.4245387e-06,262,366.47195,17785.555,0.020324354415017405,0.11007539214416245,4.365036469673805,159,0
357,phase3,36.037312500000006,9.50399999999999,3.7918043674448314,0.20868963756808703,0.01459469,0.014686478,0.0002910004,0.08719785,0.08690685,0.00980036,0.00021569263,0.3209753143653441,0.1383282684485669,0.01913470985197879,-347.63516,115.465225,13332.218,-0.028737957,21.545267,464.19855,22.100555,48.599617,2361.9229,-0.041689564,8.962083,80.31893,-34.832443,33.732464,1137.8792,-0.026579576,6.577603,43.26486,4.6141553,25.940256,672.8969,0.027750643,4.793121,22.974009,-21.322815,20.20344,408.179,0.022573363,4.005845,16.046795,-6.9788957,16.484577,271.7413,-0.014035399,2.8478012,8.109971,-28.123667,16.565468,274.41473,0.0074225194,2.8761184,8.272057,-2.1938052,11.627405,135.19655,0.02298218,2.0484276,4.196056,-24.179163,13.58883,184.6563,0.029612433,2.3484209,5.5150805,1.9107565,11.731832,137.63586,-0.005858557,1.8219538,3.3195157,-16.726267,10.357645,107.28081,-0.005549168,1.9060158,3.6328962,-10.755331,10.27306,105.53575,0.0041040336,1.768277,3.1268036,-10.848801,8.688597,75.49171,0.0042956127,1.5447311,2.3861942,2939.720531398914,956.8900978642613,915638.6593906756,1804.5285206681865,310.18498145598966,96214.72272085266,5058.0725509129215,1171.7234888270532,1372935.9342690415,21.228289496469525,8.628627927678144,74.45321991430721,0.108248875,0.11178148,0.0124951,160.80961764935304,45.77789376130523,68.10519982075922,298.79793764201077,230.69273782125154,151.1349012203898,0.8938995651588052,0.18820224705884672,1.1857365770914048,54,0.6673576265304144,0.17932075471698117,0.1629719009910538,0.6400000000000001,9.504000000000001,-1.3066163e-05,-2.1799542e-06,229,517.19214,30503.148,0.015379570811035375,0.09965249243616607,3.246634998100926,117,0
358,phase1,69.27425,9.376000000000005,7.388464442356605,0.11921131846370488,0.025167137,0.021474376,0.0006695031,0.16149895,0.16082944,0.019051123,0.00046114885,0.31384048896460537,0.12279242866586883,0.015077980537662483,-274.02316,93.08814,8665.402,-0.0794239,15.602153,243.42717,15.705482,54.63343,2984.8115,-0.014418475,10.756362,115.699326,-32.432884,33.633457,1131.2094,0.024333656,6.494344,42.17651,2.3792062,29.497494,870.1021,-0.017598247,5.506843,30.325321,-26.523159,20.132338,405.31104,0.00386633,3.6710217,13.4764,-15.158926,17.490772,305.92712,0.02043496,3.3385558,11.145955,-22.76487,14.377237,206.70494,0.010541156,2.627599,6.904277,-8.1435585,13.547557,183.5363,0.013068563,2.457457,6.039095,-18.380226,11.458512,131.2975,0.00017968439,2.149606,4.620806,-0.64983886,14.302195,204.55276,0.017000008,2.613209,6.8288608,-17.281801,10.188074,103.79685,0.007953294,1.804705,3.2569602,-5.4274807,8.938913,79.90417,-0.006916414,1.6151721,2.608781,-13.61046,8.883751,78.92103,0.0018167903,1.5789759,2.4931648,2915.2384747397823,935.680377193592,875497.7682651426,1791.4521235393995,310.3460103631312,96314.64614831274,4953.140891985354,1277.5859703633623,1632225.9116692943,22.222572220943157,9.85800753574829,97.18031257487009,0.09291824,0.09312942,0.008673089,182.43479501259858,36.574614443495555,137.79308824865404,345.2170030745703,207.42391482591626,170.6259238017108,1.9115405866555064,0.14564686731259283,0.7120129942371448,56,1.2370401564814257,0.17047272727272708,0.16878343892751552,0.671999999999997,9.375999999999989,-1.1738575e-05,-3.519892e-06,435,325.9004,16838.861,0.014825349832134873,0.1155284768602429,2.8437695103158824,197,0
358,phase2,70.29825000000002,8.351999999999975,8.416935055443629,0.10619165228336815,0.02173785,0.016725551,0.00066022266,0.1290314,0.12837118,0.01791841,0.0002797441,0.303991828341131,0.12660786613003935,0.016029551766001966,-285.2446,87.42741,7643.551,-0.031939883,15.344836,235.46399,18.160461,57.564804,3313.7068,-0.03165668,11.593116,134.40034,-33.526825,32.68118,1068.0594,-0.013142412,6.7211757,45.174202,1.1525273,29.821589,889.3271,-0.0030643248,5.241312,27.47135,-25.415173,17.824696,317.71976,0.010110542,3.4643471,12.001701,-14.497613,17.613695,310.24225,0.0014013627,3.4954436,12.218125,-25.179422,13.797163,190.36171,0.0027035289,2.4969456,6.2347374,-8.582719,14.031338,196.87845,0.0017039599,2.529387,6.397798,-22.044384,12.595904,158.65681,0.011114951,2.3675191,5.605147,-0.53179973,14.306572,204.67801,-0.0025628775,2.6611753,7.0818534,-17.853292,10.045261,100.90728,0.001965563,1.8237597,3.3260992,-6.4185734,8.661737,75.0257,0.0012216254,1.5947146,2.5431147,-14.147006,8.999243,80.986374,-0.0013728896,1.6321046,2.6637654,2862.9003616490636,959.5469346310123,920730.319759772,1771.9002531201754,311.40161724734617,96970.96722426268,4859.270112896664,1286.8540933576598,1655993.4575913649,22.1200915549961,9.673835506228842,93.58309340157383,0.08571701,0.09138363,0.008350967,175.13494051480313,32.232434503333025,130.8127826502993,331.5370699244067,200.72428727410738,168.66611791365605,1.819107904025072,0.16517493890757734,0.5975823344490323,47,1.4957074149849492,0.18156521739130393,0.1998459898515247,0.9280000000000044,8.35199999999998,-1.2126789e-05,-3.1258896e-06,406,382.8437,21938.05,0.015159821327357362,0.11976765582380396,3.229098875149807,227,0
358,phase3,54.815999999999924,26.217625000000076,2.090807153935286,0.32354007364226983,0.019235618,0.024322847,0.0006603353,0.2893317,0.28867137,0.013631521,0.0005916009,0.31959578871397554,0.12290322438773052,0.01510520256490084,-294.04614,85.00081,7225.137,-0.08953712,14.116512,199.27592,15.2576475,54.900673,3014.084,-0.0540101,11.19369,125.298706,-26.474148,29.596432,875.9488,0.028075932,5.620013,31.584547,3.612259,26.495085,701.98956,0.024372114,5.1108127,26.120405,-18.087029,18.73898,351.14932,0.006790976,3.5970776,12.938967,-15.878126,18.004005,324.14423,-0.016734743,3.6102962,13.034239,-19.471302,15.055322,226.66272,0.012410266,2.7867184,7.765799,-5.359116,12.430801,154.52483,0.014186996,2.2246993,4.9492865,-14.417906,12.246426,149.97495,0.01268429,2.1393268,4.5767193,4.3388004,13.374534,178.87814,0.0021772743,2.5129802,6.31507,-13.161936,9.73859,94.84013,-0.0040826253,1.793046,3.2150137,-2.520048,8.188156,67.0459,-0.0012901649,1.4781103,2.1848102,-10.13322,8.97877,80.61832,-0.001288165,1.6388469,2.6858191,2965.7769000175044,917.1038956381551,841079.5553946801,1812.4501922378388,284.26031786626396,80803.92831342944,5041.57927852349,1224.7743542264188,1500072.2187707415,21.514468784196232,9.427061127681476,88.86948150504315,0.101313055,0.093636684,0.008767828,191.12149034750047,83.04186208840316,113.22324603078411,488.2105677098518,374.9873216790677,167.69467255813382,2.6170583782107033,0.07698381362929972,1.665975081331978,135,0.4060444414367073,0.19534328358208966,0.21057487428173954,1.1200000000000045,26.176000000000016,-1.2294768e-05,-2.9803562e-06,447,995.9105,428428.5,0.015488123235138629,0.10037882266805805,3.940455341506135,216,0
360,phase1,60.822875,6.143999999999998,9.899554866608911,0.09174685245503837,0.04646613,0.0372822,0.0008461459,0.23363696,0.23279081,0.038519796,0.0013899624,0.23289335918836598,0.14179696202000125,0.020106378438101678,-251.82692,81.24115,6600.125,-0.029546462,15.136596,229.11652,16.520386,46.461884,2158.7065,0.007766918,9.072061,82.302284,-33.580677,31.20408,973.6947,-0.007829647,6.1184545,37.435482,-1.8514942,28.470936,810.59424,-0.0023282203,5.3297014,28.405716,-33.68961,19.44054,377.9346,0.012475188,3.6800854,13.543029,-10.167349,16.467394,271.17505,-0.00025169938,3.1312294,9.804597,-21.252365,15.150012,229.52286,0.0029118985,2.95827,8.751362,-21.25238,14.271098,203.66425,0.0054302528,2.6999855,7.2899213,-16.069887,12.221013,149.35315,0.0052008093,2.3500395,5.5226855,-9.301908,11.296354,127.60762,0.0059485883,2.1797276,4.751212,-20.352064,9.553916,91.27731,0.0024133679,1.8485638,3.4171882,-6.0330787,8.641569,74.67671,0.007496285,1.581124,2.4999528,-15.417096,8.309093,69.04103,0.0019619341,1.5660403,2.4524822,2574.693761539282,966.6390403792276,934391.034385274,1797.4863686165988,319.50728437512623,102084.9047687678,4531.727783086479,1383.3897552769588,1913767.2150052441,24.288624798165397,9.449604453762793,89.29502433257362,0.06267407,0.08263064,0.0068278224,295.6776373089563,35.36170850524483,214.97519305553408,517.2410787647879,302.2658857092538,288.6197829762387,1.248587560378067,0.7085523169094351,0.6869067729381131,46,1.322236384299209,0.13653333333333373,0.13832162199421713,0.6079999999999997,6.144000000000018,-1.1494257e-05,-4.411303e-06,359,7337.528,425096.8,0.01127134249210133,0.08108981487256173,2.088030202452613,127,0
360,phase2,60.88687499999998,6.08000000000002,10.014287004229075,0.09079115607529871,0.054940596,0.045386057,0.00082215964,0.24743226,0.2466101,0.04201575,0.0020598941,0.21101495311753463,0.13137138071010507,0.017258439669679368,-246.2092,83.40609,6956.575,-0.013009091,14.638893,214.2972,22.057007,45.12394,2036.17,0.035807602,9.050322,81.908325,-41.766617,34.879425,1216.5743,-0.022861555,7.2533326,52.610832,-7.56802,29.799152,887.9895,-0.019499125,5.975074,35.701508,-34.13265,18.734148,350.9683,-0.009526866,3.5637677,12.70044,-11.9349985,16.053066,257.70093,0.00348345,3.0473595,9.2864,-24.173296,15.254287,232.69327,-0.013188381,2.9281716,8.574189,-20.606808,14.294554,204.33426,-0.015840907,2.7551322,7.5907536,-14.8478565,12.654126,160.1269,0.0017367626,2.3600965,5.570055,-9.70715,11.085934,122.89792,-0.007936255,2.0484746,4.1962476,-18.200277,9.374314,87.87778,0.0018007511,1.7289214,2.9891691,-5.2038593,9.152538,83.76896,0.0017800236,1.5922508,2.5352628,-15.08811,9.300441,86.49819,0.0013468526,1.6358459,2.6759918,2417.9417142054494,932.9742638024624,870440.9769177466,1737.987465697265,339.18962391183965,115049.6009694552,4261.896052317248,1406.0661137784957,1977021.9163161616,24.331651206481666,9.190330745703267,84.46217921541879,0.05250473,0.07689113,0.0059122466,305.87296743421405,48.30880977973302,199.42369775418427,583.9467666289698,384.52306887478557,295.3659506116579,1.5922919437603826,0.7271858572732032,0.6122429932709268,41,1.48504569548669,0.15199999999999989,0.1451950412376393,0.6720000000000006,6.079999999999996,-1.2052803e-05,-2.4636915e-06,316,8060.7466,477346.34,0.01041701717354099,0.07987021343032669,3.9581601125037222,241,0
360,phase3,62.367999999999995,6.628250000000008,9.409420373489162,0.09606681522546527,0.044638094,0.038179126,0.00068100827,0.26021558,0.25953457,0.033257734,0.0014576457,0.22660664225486787,0.13385122947038872,0.017916151630734657,-254.47375,75.03353,5630.0312,-0.09761937,13.552007,183.65688,19.592735,47.09379,2217.8247,0.023459818,8.873319,78.73578,-36.7019,33.331573,1110.9938,-0.014384932,6.6447783,44.153076,-4.1404243,28.597685,817.8276,-0.00097535993,5.353181,28.656548,-32.600166,19.82265,392.93747,0.004877362,3.7226279,13.857959,-11.837466,16.042353,257.3571,-0.00866425,2.9961789,8.977088,-22.88695,15.332789,235.09442,-0.00072810537,2.9622746,8.775071,-18.895142,14.018706,196.52412,-0.005975687,2.6942327,7.25889,-16.729069,12.093449,146.25151,0.0074139703,2.2844775,5.2188377,-9.327904,11.04661,122.027596,-0.0031195094,2.0174417,4.0700707,-18.309752,9.167715,84.047,0.005988437,1.7401544,3.0281372,-3.6938665,8.72291,76.08916,0.00091080763,1.6069181,2.5821857,-13.878155,8.507557,72.37852,0.001803647,1.5726397,2.4731956,2527.513106104803,976.4129449965278,953382.2391567924,1765.623108690956,325.74219021257716,106107.97448448681,4436.217837273992,1415.819373711359,2004544.498976425,24.259770382471373,9.480931134025964,89.88805516814284,0.059178825,0.07683482,0.005903589,288.25178840151676,31.738565787737933,223.84553226259098,466.1637615180899,242.31822925549895,280.40333801023763,1.7888143402965873,0.720445062252923,0.5072739460477924,35,1.7819428062302056,0.19105882352941156,0.1842327398215247,0.8960000000000008,6.495999999999993,-1.21629355e-05,-3.1967281e-06,448,5150.998,299300.12,0.010906104928285785,0.08354963512813136,3.816059517701386,238,0
362,phase1,37.08800000000001,51.07806249999999,0.7261042697908863,0.5793392724099479,0.015464943,0.023313483,0.0,0.21384129,0.21384129,0.002185244,0.0005435185,0.34369684892053703,0.17188969477554203,0.029546067170029,-377.2929,144.9612,21013.75,0.02814098,14.587851,212.80537,4.234336,36.256187,1314.5111,-0.0018736226,6.6344676,44.01616,-23.445002,26.605309,707.8424,-0.015241578,4.6209664,21.35333,1.3952136,19.439785,377.90524,-0.00052215916,3.7669892,14.1902075,-21.977169,20.70746,428.79895,0.005179775,3.087601,9.533279,-5.418284,13.774092,189.7256,-0.010384641,2.4061036,5.789335,-18.556656,15.255188,232.72075,-0.001955735,2.2996962,5.2886024,-3.9269013,10.126844,102.552986,0.0027348304,1.700946,2.8932173,-10.446443,10.752719,115.620964,0.0025100724,1.7345731,3.0087438,-4.0456924,10.746312,115.483215,-0.0021423511,1.7688533,3.1288419,-9.686298,9.467346,89.630646,-0.005657361,1.6106825,2.594298,-7.124952,11.124681,123.75854,-0.0065090875,1.7603909,3.0989761,-7.6591983,7.008584,49.12025,-0.0013797972,1.0998167,1.2095966,2934.0477814476135,1281.2327462340002,1641557.3500223176,1704.2140736573813,613.8676845376583,376833.53411962604,4898.780501632801,1912.9242435823285,3659279.161685024,20.186797099838373,8.797783672357134,77.4009975455938,0.26181826,0.28058583,0.0787284,227.08101858456993,47.94625032846897,97.43442710125966,374.29355081837645,276.8591237171168,233.08188075904494,-0.915507316451245,0.17053701009777322,0.39697814564419276,35,1.0596571125812257,1.3988571428571426,2.1398895718218345,10.111999999999995,48.959999999999994,-1.1085616e-05,-2.6167997e-06,214,364.98718,34081.43,0.014095100896212314,0.09107995587061504,5.662208800690249,210,1
362,phase2,50.59199999999999,37.574125,1.346458464529554,0.42617416836681893,0.019203344,0.021811653,0.00072886207,0.15091339,0.15018453,0.011955115,0.00047574818,0.3700537605451742,0.12931447416144035,0.016722233227649826,-326.56854,129.39001,16741.777,0.014078829,15.704052,246.61725,7.1682253,39.60741,1568.7471,0.012703667,7.27879,52.980785,-25.305033,26.90122,723.67566,0.019335631,5.219209,27.240147,6.268202,23.651846,559.40985,0.0020625629,4.3642445,19.04663,-26.855936,18.856472,355.56656,-0.0076477923,3.2340486,10.45907,-7.9353747,15.643773,244.72765,0.0154436,2.617335,6.850443,-22.616327,14.745033,217.416,0.004345725,2.41426,5.828651,-7.478162,11.832356,140.00465,-0.007634037,2.0703132,4.286197,-13.091539,11.780793,138.7871,-0.0037822786,2.109157,4.4485435,-7.385955,11.311402,127.947815,0.0041600987,1.8534491,3.4352736,-13.34702,9.151198,83.74443,-0.001618111,1.5918587,2.5340142,-10.468886,11.375424,129.40028,-0.008449927,1.8758072,3.5186524,-11.105489,7.7444882,59.977097,-0.007485477,1.2731992,1.6210362,3190.7237749817896,845.1030064895663,714199.0915777038,1890.330070644909,225.72361911834955,50951.15222788574,5349.977889150943,1001.5934579155975,1003189.4549393237,20.995376100518182,9.620806029804173,92.55990866311633,0.1548334,0.12858741,0.016534721,223.0726723318543,43.80090844408042,94.6606580968763,374.29355081837645,279.6328927215001,216.22053167995523,0.5369718470232148,0.14296081272026095,0.45368898769226845,40,1.2647999683800006,0.9392000000000007,0.9459654116298334,3.263999999999996,37.568000000000026,-1.1445703e-05,-3.7984428e-06,347,513.8168,61654.75,0.016899819294609264,0.10296440720408537,5.811195445920305,294,1
362,phase3,37.120000000000005,53.71787499999999,0.6910176418740014,0.591359881547207,0.013752873,0.020909654,0.0005752751,0.1506748,0.15009953,0.0022237222,0.00043721366,0.394230610470236,0.12054258135158404,0.014530513918903256,-371.19003,125.463356,15741.054,0.025325801,15.028229,225.84766,2.23225,37.28318,1390.0354,0.0052788933,6.851696,46.94574,-23.909563,23.084177,532.8792,-0.01375446,4.347799,18.903357,-0.44745463,20.588383,423.88153,-0.0014711826,3.5907147,12.893231,-23.402758,17.973518,323.04733,0.0033671781,2.9493053,8.698402,-2.975562,12.258756,150.27708,-0.005341438,2.1307814,4.54023,-19.85793,13.235498,175.17842,-0.002337755,2.149858,4.621889,-5.7129188,10.695241,114.388176,-0.0068273507,1.7780119,3.1613262,-10.109239,9.266039,85.85948,0.0057023005,1.6886559,2.8515587,-5.0415907,11.805813,139.37721,-0.0025846083,1.9081576,3.6410654,-12.217256,8.558652,73.25053,-0.0025016463,1.4514246,2.1066334,-7.587418,10.889776,118.58722,0.0015781603,1.776896,3.1573594,-9.125229,6.988609,48.840656,0.0022893515,1.1668925,1.3616381,3352.2220543163025,793.6113837459652,629819.0284111857,1935.5483358927024,222.7293146248512,49608.34759325596,5584.022212927087,956.1264817769534,914177.8491551748,19.985556990628563,8.978453579556026,80.61262868024244,0.19736482,0.13521323,0.018282615,304.8944023506063,321.4646500599073,93.03444464945933,1670.8421328729137,1577.8076882234543,233.08188075904494,3.5693380931933585,0.067981683667495,0.40731908358710506,37,1.0032432161285618,1.4477837837837837,1.8296493702661754,6.591999999999999,53.568,-1.2281749e-05,-2.9696068e-06,268,285.65985,24068.98,0.015174356896119276,0.09823924541829518,7.381465517241378,274,1
363,phase1,196.03199999999984,38.048187500000154,5.152203238269782,0.16254339124707065,0.022617416,0.020724077,0.00059052696,0.19067106,0.19008052,0.016770028,0.00042948735,0.26176827223721977,0.12345204754939572,0.015240408044138261,-288.82077,82.18695,6754.6943,0.023391586,14.785098,218.59912,27.000196,48.233814,2326.5007,0.009237847,9.581865,91.81215,-41.63596,38.84447,1508.8928,0.0009833568,7.861993,61.81093,6.832032,27.203295,740.0193,0.002398705,5.1116624,26.129091,-21.745075,21.880276,478.74646,0.00123552,4.033131,16.266148,-15.470858,17.679373,312.5602,-0.001775375,3.3410032,11.162303,-22.80824,16.846249,283.7961,-0.0023264107,3.0393918,9.237902,-9.258083,12.348539,152.48643,-0.0023488933,2.3522656,5.533153,-19.430452,10.734688,115.23351,-0.0018655364,1.9175149,3.6768634,-3.9575374,11.757584,138.24077,0.0010579115,2.17509,4.731017,-13.558454,9.186196,84.38621,-0.00062474085,1.6970711,2.8800504,-2.5077057,7.71226,59.478954,-0.00091038,1.4711455,2.164269,-12.997449,8.869169,78.66216,-0.0022322387,1.5974492,2.551844,2619.1137896913874,907.8504137649169,824192.3737731308,1699.9211860228213,317.79199486361887,100991.75199939834,4405.0571948469105,1277.2362257035916,1631332.3762495557,22.899409243967614,9.366302140136634,87.72761578032808,0.06962645,0.08307761,0.0069018896,177.1523284587406,106.24795062028461,72.15494574405967,1396.9129257320158,1324.757979987956,161.0494265540188,10.35853867427851,0.48715144881258177,0.991113355118959,232,0.8449655135992858,0.1640000000000006,0.16648081591872843,0.7679999999999971,38.04800000000014,-1.226632e-05,-2.9878208e-06,1287,853.5131,49863.73,0.010419372872866936,0.0949660509318016,2.4893894874306257,488,0
363,phase2,177.4082499999998,56.672000000000196,3.130439138720357,0.2421050045871029,0.022068305,0.02073459,0.00076261663,0.25491405,0.25415143,0.016196176,0.00042992324,0.26216424991029935,0.12812854339342994,0.01641692363212206,-287.33484,81.096275,6576.606,-0.0031926325,14.833088,220.0205,26.773489,49.85036,2485.0586,-0.016784279,9.748917,95.04137,-36.50756,38.43706,1477.4077,0.004202524,7.889429,62.243088,11.452627,28.279455,799.72754,0.005937499,5.1010485,26.020695,-19.265184,22.084259,487.7145,0.007924433,4.1139574,16.924644,-15.042035,17.216438,296.40576,0.0024613014,3.2729445,10.712165,-20.96506,16.056223,257.8023,-0.0069669136,2.9919956,8.952038,-8.126427,12.320716,151.80003,0.0049636494,2.376792,5.6491404,-17.021433,10.755423,115.67911,0.0010157451,2.0066986,4.0268397,-5.936221,11.969103,143.25941,-0.0013922165,2.1979814,4.8311224,-10.986376,8.66042,75.002884,-0.0011013855,1.5971744,2.550966,-2.679813,7.2873487,53.10545,-0.0011368059,1.3436968,1.8055212,-10.279094,8.058199,64.93457,0.0015667756,1.4804121,2.19162,2647.879642112373,931.1912602587784,867117.1631823318,1700.642223539483,319.8172659835293,102283.08362117952,4448.297182545107,1276.815783157754,1630258.5441207485,22.65954561653713,9.357038253082541,87.55416486964995,0.07335924,0.08390226,0.0070395893,163.8332498584191,26.71523746096102,68.10519982075922,442.5488940698555,374.4436942490963,156.46466200170096,2.439140810678751,0.44573537446067035,1.2816117549430164,300,0.5913608313621299,0.18890666666666797,0.20500153972321453,1.9519999999999982,56.67200000000039,-1.2035379e-05,-3.2229543e-06,1442,615.03754,43665.383,0.011337509268369385,0.10325869250945191,4.593923901509658,815,0
363,phase3,206.38962499999997,34.78400000000002,5.933464209594516,0.14422804317843638,0.020891007,0.018770939,0.0,0.15201451,0.15201451,0.015796596,0.00035234817,0.2545613514992703,0.13063671504942437,0.017065951318904496,-294.7704,90.19324,8134.8203,0.002867972,15.316441,234.59335,27.634401,47.993355,2303.362,-0.004767656,9.448866,89.28107,-38.365116,39.04035,1524.1489,0.0016414151,7.898562,62.38728,12.449182,28.833412,831.36566,-0.00024210017,5.145935,26.48065,-22.188793,22.381523,500.93256,-0.0056882235,4.2437887,18.009743,-13.874214,16.623978,276.35666,-0.0017425572,3.1120462,9.684832,-23.685642,15.792934,249.41678,0.003995404,2.9171102,8.509532,-8.896258,12.368785,152.98685,0.002874352,2.3190672,5.378073,-19.427166,10.24458,104.951416,-0.0014078617,1.8202485,3.3133047,-8.004483,11.356187,128.96298,0.00010811842,2.059918,4.243262,-12.586347,8.875234,78.769775,0.0011773468,1.6673752,2.7801402,-4.6468267,7.3701653,54.31934,0.00089303317,1.3525568,1.8294098,-12.083669,7.7282043,59.72514,-0.0025939394,1.4118842,1.993417,2597.7878936898665,952.5520309340618,907355.3716366059,1677.7255335235545,365.89530477164243,133879.3740539331,4385.024504113042,1321.4884173487806,1746331.6371869845,22.439972147314183,9.39458001751111,88.25813370541904,0.083412655,0.12810907,0.016411932,160.02762432966082,28.776171332310007,68.89654412432702,415.30469757994507,346.40815345561805,157.37105256787842,1.1027679647466206,0.473132546043103,0.8375708579244517,202,1.0217308117736097,0.17305472636815875,0.24927022239167193,2.975999999999999,34.78399999999991,-1.181113e-05,-3.2785713e-06,1402,660.6063,48040.363,0.012754724188442843,0.10395994313022419,4.094198048957161,845,0
364,phase1,302.9294999999994,84.80000000000058,3.5722817974966454,0.21870917740332005,0.013497856,0.012168776,0.0002087643,0.13785641,0.13764764,0.0108398525,0.00014807913,0.32267125667966495,0.13693695879147677,0.018751730683058604,-342.82755,112.20664,12590.33,0.030553196,20.806778,432.922,23.950552,57.960938,3359.4705,-0.005334815,11.61518,134.9124,-33.995735,40.468605,1637.7079,-0.0016792872,7.980588,63.68978,9.351446,28.548012,814.98895,0.003035326,5.604468,31.410059,-25.952442,24.094717,580.55536,0.00029788003,4.6865716,21.963953,-6.985529,17.731125,314.39276,-0.0020416754,3.4137726,11.653844,-21.074183,15.74835,248.01054,-0.004730453,2.92383,8.548782,-7.646606,13.323845,177.52484,0.0004251593,2.536136,6.431985,-14.149565,12.203459,148.92441,-0.00070981344,2.1980798,4.831555,-1.4278865,11.343525,128.67555,0.0022715821,2.1003203,4.411346,-15.084022,10.200088,104.04178,0.001123094,1.9652549,3.8622267,-5.004664,9.232145,85.232506,-0.0006138695,1.7066743,2.9127371,-8.734349,8.771397,76.9374,-0.0012980638,1.63181,2.6628036,2870.2341335861706,1042.2437655186961,1086272.066762591,1659.3035613012808,330.7275460867885,109380.70974058879,4657.328675621028,1336.3201828869683,1785751.6311910604,20.37836645511827,8.679550520130869,75.33459723150405,0.0985295,0.105507106,0.011131749,175.52596923936053,224.96049906226486,76.00520839822768,1388.867299316009,1312.8620909177812,127.82501456536235,5.066327868230493,0.04992985061897088,1.2225017699194929,474,0.6390917708036026,0.17890295358649763,0.16221653976049177,0.7679999999999723,84.79999999999988,-1.1468593e-05,-3.790782e-06,1980,115.85907,6162.0356,0.02149858487271486,0.12699362946168466,3.7698540419470614,1142,0
364,phase2,316.7214999999993,71.00800000000066,4.460363558185455,0.18313798666338432,0.011899584,0.010086887,0.00021709343,0.10929634,0.10907924,0.0098393,0.000101745274,0.3157363089435298,0.13578821105515,0.01843843826155796,-351.3931,106.89029,11425.534,0.009831048,19.552618,382.30487,27.284843,59.196575,3504.2344,0.010958984,11.856547,140.57771,-34.280815,39.19415,1536.1814,-0.0065741166,7.795885,60.77582,7.1752477,29.129517,848.52875,0.0057517197,5.5309467,30.59137,-27.160755,23.243845,540.2763,-0.0065288125,4.502838,20.275553,-7.510307,18.371054,337.49564,-0.004648097,3.537173,12.511593,-22.975468,15.626291,244.18098,0.0016705343,2.845661,8.097786,-8.153235,13.605463,185.10861,-0.00067546696,2.567733,6.5932536,-16.225794,11.937606,142.50642,-0.0038739778,2.1959467,4.822182,-1.6427437,11.4426565,130.93439,0.00014197618,2.0674617,4.2743983,-16.49821,10.070002,101.40493,0.0017174975,1.8775302,3.5251198,-5.329284,9.068957,82.24598,-0.0034485536,1.6422749,2.6970668,-9.941111,8.649815,74.81929,-0.0007896068,1.6328552,2.666216,2817.2896085349325,1055.3211609220484,1113702.75268986,1660.8131572891996,332.01320917022963,110232.77106351464,4595.5024449121065,1373.662559910105,1886948.828498783,20.216509017735508,8.592256649685138,73.82687433405847,0.09860466,0.106240705,0.011287087,160.84503239072103,47.37615534612199,83.3644111580719,376.4618113003449,293.097400142273,152.89100418265707,1.123897318490403,0.06528018485885284,1.0858085340424188,421,0.7523075991631633,0.16906666666666642,0.15880147934219524,1.024000000000001,71.0079999999999,-1.1412645e-05,-3.8531275e-06,2236,88.820015,6035.14,0.021695576075638903,0.12727041610262682,4.713920589540032,1493,0
364,phase3,328.4479999999996,71.03093750000039,4.624013238963438,0.1778089677130985,0.011198221,0.010175473,0.00019094336,0.086483225,0.08629228,0.0088308975,0.00010354026,0.3163178947177387,0.13527843213869056,0.018300254201902306,-358.264,111.9673,12536.677,-0.011391062,20.57436,423.30432,28.662989,56.183292,3156.5623,-0.009483287,11.288581,127.43206,-30.634995,37.267212,1388.8451,0.0028009089,7.2677913,52.82079,6.9258575,28.154482,792.67487,-0.0034768188,5.3992834,29.152262,-27.285955,23.231905,539.7214,-0.0031697894,4.5397873,20.609669,-5.825171,17.38047,302.08075,0.001108263,3.3237526,11.047331,-21.832308,15.132166,228.98245,0.0015879988,2.7764788,7.708834,-8.242125,13.111277,171.90556,0.0023178395,2.4556267,6.0301027,-16.14351,11.352679,128.88333,0.001718779,2.0473778,4.191756,-2.96058,11.3305645,128.3817,0.00011003036,2.0479958,4.1942863,-16.303318,9.387613,88.12728,0.0015222805,1.7484775,3.0571733,-6.128093,9.185257,84.36895,0.0016071573,1.6915574,2.8613665,-11.349545,8.585918,73.71799,0.00041026864,1.6108025,2.5946848,2814.416663229915,1028.4978006413794,1057807.7259241545,1708.1127353709194,322.0922303834792,103743.40487340426,4669.564542614547,1323.4952835451977,1751639.765566383,20.26245478084569,8.701270194395462,75.71210299587484,0.10550657,0.112449735,0.012644943,161.26955006477198,44.826319439221535,93.03444464945933,372.1377785978373,279.103333948378,151.1349012203898,1.2848606126107158,0.103011855166372,0.9312130505003159,372,0.882924728809341,0.19002150537634305,0.1504557934214487,0.6720000000000255,70.68799999999962,-1.158503e-05,-3.6672589e-06,2055,102.73582,6503.207,0.02076369839820115,0.12660232378801042,4.42079111457522,1452,0
366,phase1,164.47999999999928,93.45525000000072,1.759986712785117,0.3623205823942277,0.008604327,0.009639857,0.00012298701,0.14364967,0.14352667,0.0062293406,9.292684e-05,0.29099854333364344,0.14546780628666278,0.02116088266585405,-394.7741,92.32139,8523.238,0.028206546,16.852478,284.006,26.61869,59.298885,3516.3577,-0.0033745973,11.474788,131.67076,-45.920345,42.34848,1793.3939,-0.0020228566,8.294666,68.80148,5.021738,29.74868,884.98395,0.004516979,5.7937427,33.567455,-16.232325,21.274303,452.59598,-0.00044100286,3.9546351,15.639138,-17.81809,20.543753,422.0458,-0.0010794922,4.0419054,16.337,-17.767595,16.979126,288.2907,-0.0021002209,2.9344578,8.611042,-9.245394,13.76319,189.42542,-0.0023593346,2.543715,6.470486,-18.126028,11.83264,140.01135,-0.0010350739,2.1691322,4.7051344,3.1869783,12.412798,154.07756,0.0026916007,2.288619,5.2377768,-16.717796,10.561833,111.552315,-0.0021542907,1.9292535,3.722019,0.6674883,8.761629,76.76615,-0.0014884329,1.5921079,2.5348074,-10.734642,9.016549,81.298164,0.00011610952,1.6200112,2.6244361,2707.8380814022735,1070.248687298733,1145432.2526646615,1620.4086518345496,364.2865432857918,132704.6856191111,4380.323664867882,1503.6644375126057,2261006.7406401006,20.731470593051814,7.915972712178428,62.6626239799535,0.08078219,0.09394665,0.008825973,177.3673892691524,157.50308978411337,101.45478129445331,1488.5511143913498,1387.0963330968964,148.5384940785009,7.174792531431234,0.20183600047117775,1.872562978499449,483,0.34053830157238296,0.19345755693581745,0.21406911424282202,2.304000000000002,93.43999999999983,-1.4089146e-05,-1.1767181e-06,1288,144.06454,8585.292,0.011507629901510144,0.09761296767601886,4.426070038910526,728,0
366,phase2,163.5519999999995,94.38325000000049,1.7328498252301001,0.3659183845558158,0.007944582,0.00862921,0.0001733367,0.12050317,0.120329835,0.005649267,7.446327e-05,0.3015890553281231,0.1466015948610156,0.02149202761579335,-403.68924,96.30013,9273.716,0.0037222984,17.23721,297.1214,21.841808,56.23226,3162.0671,-0.01071248,10.889622,118.583855,-44.169537,40.66776,1653.8666,0.0065689306,8.019768,64.31667,4.3690395,28.449497,809.3739,0.011679104,5.3422074,28.539179,-17.318642,20.59231,424.0432,0.0004888749,3.8606806,14.904854,-15.362803,19.272688,371.43652,-0.0024306853,3.699303,13.684842,-18.861483,15.733254,247.5353,0.0011374904,2.7692878,7.668955,-8.563714,14.34939,205.905,0.0022075432,2.5486887,6.4958143,-18.246685,12.106285,146.56215,-0.0013836442,2.1628373,4.6778646,3.4995575,11.79957,139.22984,-0.0038491432,2.1114693,4.458303,-17.67698,10.577479,111.883064,-0.0011356367,1.847086,3.4117267,0.90260535,8.892111,79.06964,0.0002892366,1.5701681,2.4654279,-11.604886,8.869941,78.67585,-0.0025800292,1.6332552,2.6675227,2798.9051805283048,1053.795834122302,1110485.6600135183,1671.9055365906145,348.5061562639492,121456.54095387217,4570.862990013646,1455.2039250930723,2117618.4636062835,20.65677313891427,7.975431419860549,63.607506332898865,0.093623124,0.10284407,0.010576902,195.41033855470602,150.2224978134933,103.82617439498627,1388.867299316009,1285.0411249210226,159.19961611844158,6.112702709709897,0.22565438528400267,1.6438234014156654,424,0.38573584814684825,0.22249056603773565,0.34178331559141434,4.768000000000001,94.33599999999991,-1.4077385e-05,-1.1810607e-06,1409,409.19138,76628.95,0.011093317926251857,0.09122897120926939,4.286098610839379,701,0
366,phase3,210.97599999999943,54.77556250000055,3.851644538535826,0.20611567429636674,0.008265076,0.008102154,0.0001760582,0.081713565,0.08153751,0.006091776,6.5644905e-05,0.306961932288531,0.14803618371286753,0.021914711688269868,-395.8129,93.65582,8771.413,-0.021295082,17.231625,296.9289,21.488514,59.38218,3526.2432,-0.019466959,11.8257885,139.84927,-43.791626,41.305466,1706.1415,0.009843798,8.214627,67.4801,5.797607,29.68908,881.44147,0.008392808,5.633377,31.734938,-18.291897,20.440353,417.808,0.003258298,3.974595,15.797405,-15.984731,19.653046,386.24222,0.000374708,3.804885,14.47715,-20.792843,16.60396,275.69147,0.0018198127,2.986311,8.918054,-9.090775,14.069229,197.9432,0.007354076,2.6791928,7.178074,-18.129976,11.366826,129.20473,0.0021953087,2.0921,4.3768816,2.9979146,11.692885,136.72357,-4.1347897e-07,2.1360207,4.5625844,-16.833258,9.719026,94.45946,0.0026484276,1.7129982,2.9343626,1.2225525,8.442442,71.27482,-0.001064386,1.5227784,2.3188539,-11.6982355,8.547932,73.06714,-0.0012383093,1.5893466,2.5260227,2806.3070292906914,1095.2898704876231,1199659.900392794,1641.0663915834975,349.5688772999143,122198.39997672253,4514.029575556893,1494.6087368581302,2233855.2762926556,20.528625712938013,8.017762868298679,64.28452141226904,0.08919576,0.09946389,0.009893065,168.21670032987595,44.96471592768321,105.03257643014581,408.1700114541761,303.1374350240303,159.19961611844158,2.2786030182552524,0.15677302827733014,1.5164539248946092,403,0.5235136463436372,0.13603980099502525,0.1264747370521016,0.73599999999999,54.68800000000015,-1.3811719e-05,-1.4485561e-06,1316,135.09557,13380.072,0.01338594905958133,0.10406464311432798,4.839413013802531,1021,0
367,phase1,230.59049999999976,95.20000000000024,2.4221690922040975,0.29221232663322055,0.015746854,0.014682659,0.00066715025,0.20662832,0.20596117,0.01229753,0.00021558047,0.2807557237439839,0.14266233977439258,0.020352543189904235,-328.08282,91.03975,8288.236,0.014856449,17.164762,294.62906,23.580034,49.503952,2450.641,0.013474579,9.935784,98.71982,-26.021507,32.32801,1045.1002,-0.0019743403,6.5939407,43.480057,2.859404,25.108145,630.41895,-0.0027596904,4.930241,24.307276,-12.488691,19.055063,363.09546,-0.0077728056,3.6623971,13.413154,-9.548338,16.792805,281.99826,-0.004235723,3.3242261,11.050479,-26.119595,14.386283,206.96515,-6.280359e-05,2.7008474,7.294576,-6.8897524,11.7136755,137.21019,0.0014391068,2.1810734,4.757081,-20.76416,13.744608,188.91425,-0.0024515493,2.6458035,7.000276,-0.71825993,12.886563,166.0635,-0.0026386585,2.385411,5.6901855,-14.789691,10.615414,112.687004,-0.0017621549,1.8892148,3.5691326,-5.1768823,8.265137,68.31249,-0.0020199455,1.5916586,2.533377,-12.327842,8.300513,68.89852,0.0018227879,1.5267005,2.3308144,2780.3290258257593,968.2669996655345,937540.9826412961,1831.2489603517706,297.18596588652986,88319.49831990968,4872.107817257637,1276.664139224115,1629871.3243808504,22.163416049679594,8.97738531620429,80.59344711560038,0.096710145,0.11263563,0.012686784,168.98510681180792,94.31336157919993,109.99999999999999,1413.1442720795428,1303.1442720795428,157.37105256787842,11.921856788733368,0.43620469497729053,1.307588772539408,426,0.5412922522504872,0.2234741784037565,0.18438015826133633,1.0559999999999832,95.20000000000027,-1.3184377e-05,-2.0636953e-06,1684,706.774,47373.89,0.011592597219753356,0.11087147347666966,3.733891899275993,861,1
367,phase2,265.50249999999977,60.28800000000024,4.403902859542461,0.18505143642923977,0.0187512,0.016171683,0.0006716444,0.13832119,0.13764955,0.015469422,0.0002615233,0.2656818326570327,0.13813925088166598,0.01908245263414786,-314.45944,92.9159,8633.365,0.017971765,16.997961,288.9307,24.324083,48.652546,2367.0703,-0.0036202073,9.6775875,93.65569,-30.474886,32.78174,1074.6423,-0.01121413,6.594777,43.491085,4.010771,27.173014,738.3727,-0.0034355558,5.3502,28.624643,-15.661862,18.671497,348.6248,0.00076119305,3.6634023,13.420517,-15.446009,18.296665,334.76794,0.0034964138,3.5570703,12.652748,-29.94084,14.337421,205.56166,-0.0006558094,2.6807957,7.186665,-9.439104,11.639822,135.48546,0.0008714818,2.1483047,4.6152134,-24.53393,14.050917,197.42827,-0.0015152222,2.6069102,6.7959805,-2.4752972,12.856239,165.2829,0.00017787107,2.4149163,5.8318205,-18.690641,9.827659,96.58288,0.0010268606,1.8107728,3.278898,-5.068746,7.9726686,63.563446,0.0015528059,1.5050259,2.2651029,-15.538497,8.750659,76.574036,-0.0020259533,1.6056917,2.5782459,2702.9785082604117,942.2104537950115,887760.5392406015,1815.2400876140782,296.7630008418316,88068.27866864896,4749.304003781554,1329.6528848104765,1767976.7940848223,22.432963425409636,9.163546479696054,83.97058408554994,0.09105756,0.1083455,0.011738748,170.38977274930775,25.35148449881708,95.76056196257365,305.78200836531414,210.02144640274048,166.7288223161438,1.1335060594787685,0.4516255770109394,0.8226145329590642,268,0.9906809664526821,0.2257977528089893,0.17204860691390986,0.8959999999999582,60.288000000000146,-1.3236921e-05,-2.0387572e-06,1857,523.52704,34928.105,0.012272334377320723,0.1114504208104256,4.252314008342674,1129,1
367,phase3,263.6479999999997,72.01500000000033,3.66101501546877,0.21454554121246705,0.01895972,0.017212484,0.00067496835,0.16632253,0.16564757,0.015483305,0.00029626963,0.27095392188989514,0.1422961851183423,0.02024820429923354,-316.23438,92.0858,8479.794,-0.01845282,17.011042,289.37555,22.318079,51.41363,2643.3613,-0.011131959,10.406757,108.300606,-27.593094,32.100414,1030.4366,-0.0020118498,6.5000606,42.250786,2.5813746,25.570063,653.8281,0.0015321686,4.979713,24.797543,-14.881686,19.69989,388.08566,0.005093738,3.8412738,14.755384,-11.940336,18.348797,336.6783,0.003752361,3.5918956,12.901713,-28.396128,14.385641,206.94667,-0.00034757238,2.6405144,6.972316,-9.747461,11.597894,134.51114,0.0024232976,2.2258637,4.9544687,-22.624836,13.641676,186.09532,0.0012194312,2.5358405,6.4304867,-2.2395291,12.789607,163.57405,9.865265e-05,2.298954,5.2851896,-18.326303,10.313216,106.36243,0.0011017269,1.862247,3.467964,-4.3627343,8.109893,65.770355,0.0023845588,1.5073569,2.2721248,-14.392098,8.560025,73.27403,-0.0018471035,1.5618198,2.4392812,2753.583532022791,977.9653132836038,956416.1539858973,1826.0677231031866,299.17285607623506,89504.39781281164,4832.364901096282,1313.4421857563375,1725130.3753243852,22.54787813867762,9.245080211295809,85.47150811329335,0.09148079,0.108165,0.011699668,171.2959530234462,24.030266959720187,117.21605517913326,286.9574553484241,169.74140016929084,167.69467255813382,0.9121834354875576,0.4504289799379953,1.0218582328108847,343,0.7686530589835179,0.2098713450292398,0.174880697338785,0.9920000000000044,71.77600000000001,-1.3221108e-05,-2.0473026e-06,1704,546.47046,36479.5,0.010718577002695932,0.10806715093290069,3.800521907998548,1002,1
368,phase1,228.41599999999977,72.31000000000023,3.158843823000349,0.2404514408464856,0.017098857,0.017979058,0.0,0.16291475,0.16291475,0.011722868,0.0003232465,0.25373973144219514,0.11234093374478282,0.012620485394649683,-334.2441,104.869774,10997.67,0.0043161493,15.98698,255.58356,22.688427,39.963852,1597.1095,0.004631661,7.471632,55.825283,-46.838062,33.82221,1143.9419,0.003895828,6.4346166,41.40429,15.1338005,26.527864,703.7276,0.008265566,4.9522147,24.52443,-29.40355,22.492903,505.93063,0.0014381935,4.1946373,17.594982,-8.213886,14.875493,221.2803,-0.003376634,2.74535,7.536946,-37.3162,19.033154,362.26096,-0.0023726353,3.3042963,10.918374,-12.844685,14.600409,213.17194,-0.0017662802,2.6719868,7.1395135,-8.346591,11.388074,129.68823,-0.0021905464,2.0907114,4.371074,-19.120575,14.571744,212.33572,-0.0016881464,2.5719912,6.615139,-4.2593284,11.323575,128.22334,0.0019098279,2.0857735,4.350451,-4.0585146,9.993868,99.877396,-0.0023043293,1.8144643,3.2922807,-17.345037,10.756352,115.69911,-0.0035794228,1.8556445,3.4434164,2552.06509717767,810.4405061457121,656813.814001718,1633.3077322844595,338.5887294858253,114642.32773482538,4389.698938603959,1081.0346141788282,1168635.837052768,23.321050237747535,8.42511521982908,70.9825664673956,0.083930865,0.15715657,0.024698189,198.54328971602928,105.48316267262028,118.57804013471404,1558.9508336201548,1440.3727934854408,180.77186920887385,9.43475159342318,0.47829325383291194,1.0640915650791751,320,0.7137999977693743,0.22530000000000086,0.41997513021606436,7.008,72.09600000000027,-1.4260567e-05,-6.574847e-07,1296,803.00226,48840.348,0.009377892700894624,0.10250091252082716,3.7519263098907296,857,0
368,phase2,254.96606249999977,45.76000000000025,5.571810684619487,0.15216506218179957,0.025950495,0.022362396,0.00033851678,0.19359505,0.19325654,0.020361438,0.00050007674,0.2705650678668334,0.10898671942055865,0.011878105010055578,-286.69095,93.45227,8733.327,0.03352132,16.89555,285.45963,17.945951,42.077118,1770.4838,0.0023842244,7.977286,63.63709,-51.103443,35.05093,1228.5677,-0.015069884,6.9828253,48.759846,18.437725,26.930061,725.2282,-0.010810975,5.1750574,26.781221,-30.156956,24.017437,576.8373,-0.0052961158,4.6390123,21.520437,-11.219252,15.710469,246.81885,0.0045718024,3.01136,9.068289,-36.35422,17.891136,320.09274,-4.666256e-05,3.2509372,10.568593,-13.773642,15.52348,240.97845,0.0027099208,2.968149,8.809909,-8.292844,11.517785,132.65936,-0.00069961254,2.2022266,4.849802,-20.138988,14.484261,209.7938,0.0023394027,2.715289,7.3727956,-5.674354,12.06305,145.51718,-0.00090969965,2.2117975,4.892048,-5.114434,10.357328,107.27426,-0.0002474384,1.9038185,3.6245248,-18.15685,11.290575,127.47708,0.0002488202,2.0351765,4.141943,2648.6022382754886,756.8965624085387,572892.4061858628,1629.6068420492454,235.2478161451472,55341.535001060976,4438.889092094063,912.24482673824,832190.6239106815,24.215722313345466,8.936948725151835,79.869052515993,0.059118647,0.07315428,0.005351548,208.4576111976416,39.36527442795357,142.65235101161107,410.5345162761952,267.8821652645841,198.27510177438265,1.5167703777748152,0.4344541391323202,0.85127307514293,256,0.9959611777501507,0.1787500000000008,0.1656274056429066,0.9600000000000009,45.760000000000204,-1.4362206e-05,-8.7161186e-07,1636,667.0563,46923.17,0.010187725838592034,0.1054564590022816,4.977132986081241,1269,0
368,phase3,271.151,38.68799999999999,7.008658834557002,0.12486484916359783,0.02583718,0.020918427,0.00033999525,0.16354242,0.16320242,0.020937873,0.0004375806,0.2657888866118455,0.1002094639967834,0.010041936674522628,-284.65335,92.216415,8503.867,-0.019202633,16.704752,279.04877,19.07793,39.2919,1543.8534,0.0019099799,7.4185867,55.03543,-53.330048,34.304237,1176.7808,0.0090970555,6.7395525,45.421566,16.671278,25.424908,646.4259,0.001008316,4.747584,22.539555,-29.042246,22.155191,490.85254,0.0017878603,4.180033,17.47268,-11.9630575,16.733595,280.01318,0.0010559148,3.1067343,9.651797,-35.459282,18.048607,325.7522,0.0025189617,3.2636542,10.65144,-16.032156,15.64678,244.82172,0.0010345953,2.9760432,8.856833,-9.574647,12.341119,152.3032,-0.0025646829,2.3310363,5.4337306,-22.461409,14.335331,205.50171,-0.0038035924,2.6683524,7.1201043,-6.384274,12.780011,163.32867,0.0012769843,2.2539327,5.0802126,-4.5766563,10.700206,114.4944,-0.0009392125,1.8811855,3.5388591,-20.804176,11.97236,143.3374,0.0003595173,2.1527393,4.6342864,2625.367183820406,701.3576306261044,491902.5260374631,1647.6842515630744,237.49860706227486,56405.58835652083,4417.715003098213,884.179802787909,781773.9236580656,24.450926267481528,9.058217601911881,82.05130612358624,0.057178885,0.07081495,0.005014757,213.21149460753156,40.547073803719584,140.20166900511882,466.1637615180899,325.96209251297114,205.2672581380976,1.2612651231272567,0.47423319214352644,0.7326385638993155,227,1.1944977920947235,0.17118584070796536,0.13227181377704092,0.5440000000000005,38.68800000000017,-1.4233114e-05,-1.0499865e-06,1829,829.779,51763.17,0.01037780470702407,0.10769414480984751,4.905016024281673,1330,0
369,phase1,106.55962499999966,135.29600000000033,0.7876036557798881,0.559408117962939,0.009552154,0.012046821,0.0001509745,0.2325956,0.23244461,0.006486454,0.00014512592,0.2960945123337854,0.15615569999360882,0.02438460264049396,-401.7347,87.74513,7699.2085,0.039812986,15.392302,236.92294,7.3364663,40.340267,1627.3373,-0.0009103108,7.8390346,61.450466,-21.146376,35.11238,1232.8793,-0.0064491634,6.7601075,45.699055,6.399289,28.683,822.7145,0.0044892062,5.4936757,30.180471,-25.427868,23.232138,539.7322,-0.006285686,4.5190225,20.421562,-6.4260716,19.885426,395.43015,-0.0055809696,3.4539008,11.929431,-18.389505,15.337679,235.2444,-0.0060374932,2.7302501,7.454266,-2.2940717,12.949103,167.67928,-0.0023668632,2.427102,5.890825,-11.361597,12.912955,166.74442,-0.00191922,2.3319507,5.437994,-4.8277965,10.596165,112.27871,0.0018662488,1.8567939,3.4476833,-10.355136,9.719439,94.46748,-0.000120201825,1.7532774,3.0739815,-4.7759576,10.402441,108.21078,-0.001898716,1.9560419,3.8261,-2.4930828,9.51348,90.5063,0.00019288827,1.7212368,2.962656,2935.081318690128,1038.628118492817,1078748.3685239293,1779.9517791320818,269.1594471232566,72446.80797569717,4984.32745104525,1084.26352515614,1175627.3919840194,22.226239684290903,7.581751492203546,57.48295568953069,0.073969945,0.09342592,0.008728403,319.3187039104681,149.8518158317893,122.75968568932456,2093.004522404789,1970.2448367154643,286.9574553484241,7.280664367283351,0.5522625032346834,1.6332057606681671,395,0.26977120184867964,0.34252151898734234,0.42915698513639944,3.680000000000007,135.29600000000022,-1.4576231e-05,-6.818918e-07,1242,757.5171,35498.43,0.008236854272488856,0.0711465025166652,5.6775725327487025,605,0
369,phase2,171.42368749999972,70.43200000000027,2.4338892132285017,0.2912149833152064,0.010224776,0.011030394,0.0001553582,0.11938254,0.11922718,0.0071504777,0.00012166959,0.2912096970924848,0.15157255611838502,0.022974239768260976,-406.30835,100.161964,10032.419,-0.0058565456,17.889694,320.04114,6.166461,42.695095,1822.8711,-1.5526291e-05,8.289211,68.71102,-28.12785,37.7082,1421.9083,-0.00032267201,7.218385,52.105087,7.3501906,28.953115,838.2829,-0.00091373455,5.443403,29.630634,-34.488247,25.965034,674.183,-0.00042359618,4.916773,24.174656,-8.488407,20.311756,412.56744,0.00019582953,3.6428695,13.270497,-25.796776,15.869,251.82518,0.00038164738,2.984919,8.909742,-3.3656044,13.623956,185.61217,0.0016201902,2.5122657,6.311479,-16.505907,12.8767185,165.80989,0.002928896,2.41663,5.8401012,-6.791974,10.999181,120.98197,-0.0024297119,1.9526037,3.8126612,-14.531106,10.308766,106.27066,-0.0028508154,1.8737633,3.510989,-6.6334405,10.970098,120.34303,0.0042153634,2.0393887,4.1591063,-6.007578,9.762281,95.30215,-0.0002568672,1.7997977,3.2392714,2913.319770022169,989.8629539390239,979828.6675808902,1782.3331055394628,272.6792044358279,74353.94853175602,4976.726853995766,1066.8229703238296,1138111.2500105589,22.342478313346703,7.65400995226074,58.58386834930645,0.07442007,0.09360736,0.008762338,308.8829585070303,75.68405406042795,126.35681904967383,761.6721736854058,635.315354635732,285.30470202322215,2.169842780602458,0.5533209843141941,1.3727194238506382,332,0.5163364065772992,0.21214457831325315,0.21583344384653058,1.3119999999999976,70.43200000000004,-1.448515e-05,-7.8636515e-07,1379,650.1439,32071.7,0.00856297945892397,0.07376973318891258,4.59679762751575,788,0
369,phase3,135.6799999999996,113.5046250000004,1.1953697816686266,0.4555041267092639,0.010875004,0.0129284095,0.00015484511,0.21378224,0.2136274,0.0075132903,0.00016714376,0.27793623302677195,0.15095970941046485,0.022788833865291992,-401.85254,97.072365,9423.044,0.012427505,17.269672,298.24158,8.12985,44.197453,1953.4149,0.009766528,8.338306,69.52735,-30.181126,38.92677,1515.2935,-0.013434553,7.45464,55.571655,8.373074,30.990953,960.43915,0.0008462118,5.9468546,35.36508,-36.5449,25.338457,642.0374,-0.009254972,4.920873,24.214994,-8.064428,20.243011,409.77954,-0.001044892,3.686089,13.587253,-24.624035,15.378363,236.49405,-0.0018490677,2.8761125,8.272022,-4.8486695,13.609901,185.22942,0.0021673793,2.5309577,6.4057474,-15.826401,12.72645,161.96254,0.00021891136,2.376783,5.6490965,-7.3118796,10.988159,120.73964,-1.3891587e-05,2.0098329,4.039428,-13.223713,10.071377,101.43264,-0.0044330596,1.8633337,3.4720123,-7.151047,11.19859,125.40842,-0.0017049199,2.1360898,4.56288,-6.921544,9.650124,93.124886,-0.001738505,1.7722262,3.140786,2832.3222568766982,1005.1001134997282,1010226.2381571665,1742.3445702124934,282.9565001098344,80064.3809544067,4806.92852786338,1129.8851326035494,1276640.4128785403,22.713622781587,7.669178297193871,58.816295754149486,0.06472047,0.08629584,0.007446972,304.248495034605,94.25306652904901,118.57804013471404,1429.5642175869746,1310.9861774522606,280.40333801023763,5.906469856715261,0.6223677451691875,1.7055626927223138,425,0.3192470580723589,0.2651105882352947,0.2716645154353301,2.5600000000000023,112.67200000000025,-1.4585642e-05,-6.6032555e-07,1293,796.8682,40963.25,0.007732256575904897,0.07306000574471257,5.896226415094357,800,0
370,phase1,236.3192499999998,24.384000000000214,9.691569894538544,0.09353163031147564,0.01911622,0.016604705,0.00024268717,0.13698182,0.13673913,0.014457661,0.00027571624,0.2867476740863201,0.11105411507962319,0.01233301647611819,-295.69693,82.98351,6886.2637,0.034011453,14.52207,210.89052,23.856861,45.140327,2037.6493,-0.015644422,8.820009,77.79256,-35.422985,33.077835,1094.1431,0.0070640403,6.264872,39.248623,19.359484,30.952984,958.0872,0.0043379483,5.7949214,33.581112,-30.165375,22.144615,490.384,-0.0009319703,4.281759,18.33346,-15.900807,16.924955,286.45413,0.000603575,3.2247171,10.398801,-21.356964,15.285003,233.63132,-0.005554941,2.9234192,8.54638,-19.425028,16.277426,264.95462,0.001689822,3.0990696,9.604232,-20.29674,11.281342,127.26867,-0.002605842,2.0765238,4.3119507,9.066037,19.006285,361.23886,0.0014460409,3.4957433,12.2202215,-22.598944,11.151423,124.354256,0.00090687507,2.0652378,4.265207,5.752638,11.012491,121.274956,-0.0016646134,2.1396878,4.578264,-15.720781,10.083983,101.68672,-0.0010692615,1.8431143,3.3970702,2788.1317805510857,811.2420192843942,658113.6138526214,1716.0371108017678,284.55724837965664,80972.8276054016,4622.632372345649,1112.2516912902947,1237103.8247781212,22.838367353451467,9.067842330343158,82.22576452796322,0.065050125,0.06968757,0.0048563574,178.10427563751693,161.41248516347048,65.7852866955572,1405.0051599877036,1339.2198732921463,149.39896882100535,7.007180709138819,0.18914938011671173,0.7633199816266195,199,1.1875339136304819,0.12253266331658327,0.10301201417194486,0.5120000000000005,24.38400000000007,-1.2288922e-05,-3.0022527e-06,1487,453.89175,29506.486,0.014412345404538259,0.1200000102255591,3.774554971717288,892,0
370,phase2,226.14324999999985,34.56000000000017,6.543496627792306,0.13256451540209097,0.016669044,0.015688473,0.00023516534,0.14615552,0.14592035,0.012445628,0.0002461282,0.2847698563313183,0.10651950392159802,0.011346404715703338,-304.91873,82.7001,6839.307,0.0065209796,14.737162,217.18393,25.152147,44.22245,1955.6251,0.008544914,8.615661,74.22961,-34.68688,31.511393,992.96783,-0.003787816,6.259339,39.17932,17.37901,28.639086,820.19727,-0.008637197,5.477803,30.00633,-28.557037,20.9148,437.42886,-0.004600538,3.9568465,15.656633,-13.416461,16.625278,276.39987,0.0019539017,3.1236289,9.757057,-24.46348,14.433683,208.3312,0.003752306,2.6879559,7.2251062,-18.512152,15.532015,241.2435,-0.0040450464,2.926466,8.564203,-20.925375,11.097529,123.15515,-0.0015149195,2.0858364,4.3507133,9.640692,18.310925,335.28998,-0.004378881,3.4696848,12.0387125,-22.659088,11.095928,123.11963,-0.00014448453,2.0140605,4.0564394,5.326283,11.015254,121.335815,-0.00039972077,2.0512767,4.207736,-14.272651,9.658466,93.285965,-0.0039283005,1.7700479,3.1330698,2786.632399275766,786.2492758866389,618187.9238322639,1738.637415343478,277.8457195429824,77198.24386835765,4692.932406100405,1091.5460482733133,1191472.7755010866,22.523232006456446,8.949941912097007,80.10146022991063,0.070987515,0.07331081,0.005374475,148.5160939595552,28.31568181146798,93.03444464945933,359.461399713042,266.4269550635827,145.14587018501834,2.94089096434407,0.1641094881350056,0.8707217880866464,227,0.9962257665364497,0.1529203539823011,0.16899244061183785,1.4720000000000084,34.56000000000005,-1.2164994e-05,-3.038988e-06,1488,257.27243,15369.912,0.014769380327128512,0.1261859373289887,4.603276905235954,1041,0
370,phase3,206.91199999999964,61.69137500000039,3.3539858148081887,0.2296746085189748,0.018792652,0.01889438,0.0002340129,0.23781486,0.23758085,0.013461029,0.0003569976,0.28475027968266026,0.1121931447965181,0.012587301739332474,-298.2185,83.57624,6984.988,0.002156471,14.65569,214.78925,24.910337,46.03039,2118.7969,-0.0100059,9.0381,81.687256,-31.371109,31.921474,1018.9806,-0.0027524622,6.389712,40.82842,16.03327,28.866505,833.2751,0.002452628,5.364699,28.779995,-26.550936,21.785748,474.61877,0.0030512118,4.135706,17.104063,-13.186683,17.413805,303.2406,-0.002178654,3.2370722,10.478637,-21.292868,14.675029,215.35648,-0.006243673,2.7701797,7.673896,-18.175467,15.670915,245.57758,0.00458482,2.9376705,8.629908,-19.864729,11.448776,131.07448,0.0052409293,2.1122825,4.4617376,10.943864,18.644142,347.60406,-0.003541847,3.4950829,12.215604,-20.976023,11.192742,125.27749,-0.0013487767,1.977332,3.9098418,5.513964,10.921083,119.27007,0.0010632655,2.0872235,4.3565016,-12.579193,9.970929,99.41943,0.0003489197,1.8044516,3.2560456,2790.8046523580324,823.4564664610601,678080.5521565351,1741.758417148574,281.7068594773606,79358.75467659738,4705.099066297355,1110.558640104042,1233340.4931097392,22.707140335738377,9.053380630866128,81.96370084734198,0.068363555,0.0722298,0.0052171443,154.7808329601379,29.08332505025432,106.252996181733,266.19869962824436,159.94570344651135,148.5384940785009,0.9841190707204093,0.18298784844138816,1.4072794133729702,378,0.5473862419381307,0.1631322751322772,0.19907513262387977,1.6640000000000015,61.66400000000078,-1.2223263e-05,-3.0506462e-06,1478,333.51437,43347.85,0.014165021638176796,0.11699358192610831,5.272772966285193,1091,0
371,phase1,77.75174999999999,5.824000000000012,13.3502295071721,0.06968528550446765,0.029896189,0.020219816,0.0005296328,0.14963534,0.14910571,0.026028544,0.00040884095,0.30665819714299386,0.13214192433954677,0.017461488168158505,-243.87021,94.47678,8925.863,0.094902486,17.715012,313.82162,37.83528,53.110836,2820.761,0.045628976,10.554998,111.408,-7.9464326,27.284895,744.4655,-0.021087136,5.072415,25.729391,-6.142616,28.52369,813.6009,0.013357757,5.0214024,25.214481,-24.668297,17.231272,296.91672,0.01452083,3.2811494,10.765941,1.9940162,14.039806,197.11615,-0.0066417004,2.5022726,6.2613683,-41.31635,21.390049,457.5342,-0.028368304,4.0491934,16.395967,0.23610885,12.55596,157.65213,-0.00962997,2.1911674,4.801214,-23.653948,12.465383,155.38577,0.0059154504,2.3729424,5.6308556,-3.4948256,14.727765,216.90706,0.016169706,2.3223,5.393077,-16.07186,9.739715,94.862045,0.00085889763,1.6789181,2.818766,-9.87386,9.576137,91.702385,-0.010057292,1.6709864,2.7921956,-17.417192,9.004065,81.07318,-0.0016993994,1.5366496,2.361292,2827.188460698964,929.3355567115725,863664.5769684084,1943.6484263037098,274.6238249212558,75418.24521438054,5168.982700038285,1071.7017271576067,1148544.5919925973,22.200881551828733,10.252452304583507,105.11277825775967,0.07860106,0.07880287,0.0062098918,203.09218252739572,271.5041488601284,85.80717486147108,1437.8455988521675,1352.0384239906964,127.82501456536235,3.7138083283853063,0.2530627870394094,0.5145033098715835,43,1.8081801905074373,0.13544186046511533,0.09780314883540397,0.3520000000000003,5.82399999999996,-7.894482e-06,-7.28669e-06,421,1152.6705,45768.953,0.01967863110455679,0.09718378679374706,3.331114733751974,259,0
371,phase2,78.29574999999997,5.28000000000003,14.828737721829889,0.06317622037492969,0.02927028,0.020285599,0.00052250864,0.16897649,0.16845398,0.024897618,0.00041150555,0.30000078513830397,0.12505162566014597,0.015637909080245278,-240.29929,85.8406,7368.608,-0.024065893,16.510944,272.61127,42.36189,55.793972,3112.9673,-0.106560886,10.718401,114.88412,-8.164792,25.842463,667.8329,0.016637975,4.937482,24.378729,-7.2163405,27.642359,764.10004,0.015110004,5.047241,25.474646,-24.331432,17.415306,303.29288,-0.0071440325,3.3174148,11.005241,1.2374963,15.054562,226.63982,-0.007991605,2.6695094,7.1262803,-40.7542,19.01755,361.66718,0.023254134,3.6890063,13.6087675,1.3767973,13.833519,191.36624,0.017073533,2.5171082,6.3358335,-24.333645,13.063511,170.65532,0.003991278,2.5146668,6.323549,-2.4534936,14.060787,197.70575,-0.0037965197,2.4577453,6.0405116,-15.587377,10.048653,100.975426,-0.0006474693,1.8540713,3.43758,-10.144041,8.902032,79.24617,0.013935441,1.6625069,2.7639291,-15.636751,8.261879,68.25864,-0.007720248,1.4908848,2.2227373,2778.975626004065,933.8281515211447,872035.016573398,1932.0214645967962,286.8850925973084,82303.05635456622,5109.330134954058,1123.3954799252083,1262017.4043163892,22.171246104136944,10.307644840638632,106.2475421607442,0.076763615,0.076495126,0.005851504,125.50299231858156,21.795441207363076,80.5247132770094,207.65234878997256,127.12763551296317,118.57804013471404,1.2150683741739376,0.28445635517440415,0.478607730113101,40,1.9573937010651568,0.13538461538461563,0.10387186766164666,0.38400000000000034,5.28000000000001,-7.5426583e-06,-7.793427e-06,476,506.9458,26983.145,0.018808618133141573,0.10503450736633574,3.8060814284300246,298,0
371,phase3,79.39200000000001,6.716374999999985,11.820660427587763,0.07799909126144798,0.027201103,0.018289875,0.00052111776,0.13075377,0.13023265,0.024519514,0.00033451951,0.3109077785326087,0.13656824755361033,0.018650886239864196,-251.84198,87.67258,7686.481,0.00093540177,15.972087,255.10757,36.408882,59.094242,3492.1296,0.01785169,11.31896,128.11887,-6.5239377,25.98133,675.02954,0.025496362,4.935226,24.356457,-5.834725,28.471666,810.6358,0.004029291,5.360445,28.73437,-21.924767,16.508827,272.54135,0.0015825472,3.101999,9.622398,1.3774363,14.058781,197.64932,0.0071713445,2.5769,6.6404133,-37.932987,19.987604,399.50433,-0.0025670226,3.830703,14.674285,1.1932944,12.427564,154.44434,0.010358994,2.2614052,5.113954,-23.25541,11.844664,140.29605,-0.0015456126,2.1964107,4.8242197,-3.4997506,12.286067,150.94743,-0.009178369,2.1027603,4.421601,-16.441994,9.200416,84.647644,-0.00033261298,1.6327671,2.6659284,-9.813242,8.56228,73.31264,-0.0016150628,1.54398,2.3838744,-17.60662,8.088846,65.42943,-0.0022488518,1.510025,2.2801754,2863.8514517907706,1005.0270193801638,1010079.3096841761,1932.5023526175592,289.24443315606413,83662.34211177286,5193.07123281308,1139.6339485955225,1298765.536791422,22.05749647462841,10.34896073502164,107.10098829501965,0.08127745,0.07758519,0.006019462,126.75098681676424,19.128862946587436,92.4986056779086,198.27510177438265,105.77649609647405,120.65074776640884,1.2037085953615492,0.263842437657435,0.47614416135480436,41,1.9363901966734103,0.1623414634146345,0.14369880590099007,0.6080000000000041,6.656000000000015,-7.727176e-06,-7.5372823e-06,414,491.46146,27441.758,0.01989141301135279,0.10963666641167076,2.8340386940749696,225,0
372,phase1,160.57093749999962,72.64000000000038,2.210502963787112,0.3114776724397859,0.011266,0.01177675,0.0,0.1432079,0.1432079,0.007937221,0.00013869183,0.2852782533145239,0.1498317798003837,0.022449562238150672,-382.90222,116.466225,13564.381,0.03268065,20.56548,422.93893,9.330206,44.306477,1963.0637,-0.0008086962,8.42297,70.94642,-31.612309,40.563023,1645.3589,0.002085515,8.299065,68.874466,6.3120456,25.723627,661.705,0.0017626126,4.796985,23.011066,-37.138195,26.046726,678.43195,-0.007061611,4.960574,24.607296,-15.28554,17.941578,321.90024,0.00484564,3.181204,10.12006,-27.489864,16.103157,259.31168,-0.0040806197,2.8255293,7.9836154,-11.134236,16.662224,277.62973,-0.008394697,2.9629004,8.778779,-8.821667,13.210439,174.51569,-0.0004077849,2.3484147,5.5150514,-12.638548,12.595449,158.64534,0.0004409723,2.3528526,5.5359154,-13.2712345,10.652885,113.48396,-0.00056043034,1.9355888,3.7465043,-7.512295,10.438864,108.96988,-0.0017175176,1.9525647,3.8125088,-6.0337653,8.320443,69.22978,-0.0010296925,1.4936649,2.2310348,2887.0875603564496,1016.3042788465258,1032874.3872017568,1752.051095777111,357.89312697611274,128087.49033673994,4820.616938803512,1249.2933231100567,1560733.8071673682,21.48054872513696,7.785795667499363,60.61861417605185,0.09963328,0.14872275,0.022118459,340.83451816321013,206.43697608753502,136.21039964151845,2021.7091047947818,1885.4987051532632,300.528856485967,5.823308408242075,0.25137211851655156,1.4450437171284045,337,0.4764716232152166,0.2155489614243318,0.31959854009564226,3.9680000000000035,72.63999999999982,-1.4098058e-05,-8.946628e-07,1370,274.7995,12435.1455,0.015456190949633573,0.09434792040583079,3.225988513643705,518,1
372,phase2,199.93099999999987,33.28000000000014,6.007541886792582,0.1427033887766878,0.014225085,0.0129068,0.00016013211,0.09669262,0.09653249,0.01062632,0.0001665855,0.2785490435904912,0.14382968014079603,0.020686976889403696,-359.44223,107.76417,11613.115,0.009611444,20.59302,424.07248,8.13207,44.195415,1953.2349,-0.014288636,8.429248,71.052216,-39.865448,44.16217,1950.2972,-0.0009969178,9.114135,83.06745,5.5372076,27.02271,730.2269,0.010451906,5.1099725,26.111818,-42.952457,25.449759,647.69025,-0.0011909283,5.1222115,26.237051,-19.786884,17.944803,322.016,-0.0046654074,3.2566743,10.605927,-28.7017,16.195799,262.30392,-0.0024478456,3.02713,9.163516,-16.107342,17.64263,311.26236,0.0010732989,3.2455757,10.533762,-9.601306,13.912875,193.56808,-0.0014067624,2.633171,6.9335904,-14.774415,12.6823845,160.84288,0.0016568876,2.3859923,5.6929593,-12.967914,11.096333,123.1286,0.0007522472,2.064349,4.261536,-8.007918,10.929212,119.44767,-0.0019464026,2.011666,4.0468006,-7.1551137,8.705829,75.79146,-0.0019483691,1.5539091,2.4146335,2867.7922181549284,942.8761201145626,889015.3778822911,1744.3056101294585,296.47672033414307,87898.4457000897,4748.9644792810095,1130.6243562442046,1278311.434932622,22.203240666761708,7.77926605913322,60.5169804187821,0.07278199,0.08986814,0.008076283,318.77728044820094,75.88603843556109,128.565497341737,806.9635580201106,678.3980606783736,304.0208335929107,1.952096577790424,0.31888035121859487,0.8275767438071102,193,1.0359119117310256,0.17243523316062126,0.16452631709757531,0.7680000000000007,33.2799999999999,-1.4621465e-05,-6.398814e-07,1201,338.8416,22652.035,0.014882366390088357,0.08629457090856611,4.286478835198146,857,1
372,phase3,176.51199999999966,63.76600000000033,2.7681208987842716,0.26538426322842845,0.014985722,0.015533502,0.00015917508,0.15228154,0.15212236,0.010029085,0.0002412897,0.29722809191470234,0.1350828159705071,0.018247367170521885,-351.1399,113.93572,12981.35,-0.00900892,21.277073,452.7138,10.395153,41.360703,1710.7078,0.01187963,7.7436395,59.96395,-36.750916,41.171207,1695.0684,-0.0076938383,8.463304,71.6275,7.815149,25.978123,674.86285,-0.014085448,4.973063,24.731354,-40.751373,25.500645,650.2829,-0.0033265157,4.995113,24.951155,-14.332493,16.756065,280.76575,0.0014319789,2.990676,8.944142,-33.86933,18.177332,330.41537,0.0035204666,3.3255312,11.059158,-9.396431,16.6287,276.51367,-0.0007975426,2.8827062,8.309995,-10.234506,13.735291,188.6582,0.0014047589,2.4685068,6.0935264,-11.365742,12.991888,168.78915,-0.0002008684,2.372539,5.628942,-12.970402,10.908052,118.9856,-0.001677343,1.947482,3.7926862,-9.913065,10.671686,113.88488,0.0010010705,1.9965593,3.9862487,-5.897948,8.853161,78.37846,0.0011357297,1.6092422,2.5896606,2924.8986953542653,884.9313773278546,783103.5425793738,1753.3251177699663,262.0795655266098,68685.69866661658,4870.483544746305,1011.9385242710165,1024019.5769038026,21.599260780933008,7.866215476377549,61.87734592080167,0.081568345,0.09044895,0.008181013,330.4249882100756,173.10519089310236,117.21605517913326,1986.9773524587906,1869.7612972796574,295.3659506116579,7.132120524645987,0.21361033423710077,1.4899408185518441,358,0.49305027795237255,0.1780558659217879,0.2265648678350178,2.015999999999991,63.74400000000007,-1.4138533e-05,-1.1231048e-06,1354,240.44879,11229.4,0.016912010649809163,0.10358872685320218,3.9883973894126257,704,1
374,phase1,232.9599999999999,18.129062500000117,12.850084616891456,0.07220172125179733,0.010005406,0.007543868,0.00015032098,0.05678538,0.05663506,0.008349722,5.6909947e-05,0.2786827743683892,0.14163512355127938,0.020060508223386175,-368.1999,89.22839,7961.7065,0.01944889,16.95881,287.60126,23.369074,43.593334,1900.3788,0.0023095321,8.415342,70.817986,-43.777225,39.491913,1559.6113,0.0038215518,7.8481145,61.592903,10.090186,29.24719,855.39813,0.006146105,5.5279074,30.557758,-30.478067,22.391115,501.36203,0.0035608874,4.332767,18.772871,-21.819014,19.552526,382.3013,0.0015291467,3.7212899,13.847998,-22.574408,15.420908,237.80441,-0.0019172042,2.918599,8.51822,-15.12501,16.225105,263.25406,-0.0007102872,3.0563922,9.341534,-16.133076,12.901079,166.43784,1.1778795e-05,2.3664818,5.6002364,-6.092043,13.454221,181.01605,0.0032830394,2.4471176,5.9883842,-18.519556,11.246981,126.49458,-4.3419892e-05,2.0812194,4.3314743,-0.81624424,9.817651,96.38628,-0.0021200355,1.7925189,3.2131238,-16.751759,10.793087,116.49073,-0.0028470757,2.049507,4.2004786,2730.3214856659947,955.9171717880067,913777.6393191816,1715.4878078632642,300.0337307081767,90020.23956266668,4531.747801707659,1278.923804340365,1635646.097308432,22.34373162518777,8.76613905038886,76.84519385075251,0.0714716,0.08657254,0.0074948054,239.25344022201818,114.84725957509445,92.4986056779086,1429.5642175869746,1337.0656119090659,218.73289323986043,8.602579899424944,0.3610296928302498,0.5973975867626651,150,1.5530666563128883,0.12074666666666665,0.10399731962357955,0.5440000000000005,18.112,-1.3510174e-05,-1.7521836e-06,1180,546.999,70245.164,0.01525801311855461,0.07450580147383906,3.416895604395606,796,0
374,phase2,221.13712499999966,29.95200000000034,7.383050134112814,0.11928832043203919,0.009455852,0.0074480586,0.00015041775,0.056788508,0.05663809,0.007842599,5.5473574e-05,0.29528775925512935,0.14395492975816424,0.020723021801678,-379.05908,93.23156,8692.124,0.023897989,17.299953,299.2884,19.48299,45.39094,2060.3376,0.012153763,8.079486,65.2781,-43.934586,39.17026,1534.3094,-0.006438003,7.5611343,57.17075,9.82471,28.704086,823.9246,-0.0054243873,5.425294,29.433815,-29.288422,20.535196,421.69427,0.0049178405,4.030551,16.245342,-19.197496,19.206758,368.89957,-0.002064138,3.4738977,12.0679655,-22.992577,15.075194,227.26147,-0.007347665,2.763539,7.637149,-12.592573,16.869915,284.59402,-0.00059609907,3.088936,9.541526,-15.208288,13.667405,186.79797,0.0050089043,2.452785,6.0161543,-6.7263846,13.358086,178.43845,-0.0026515715,2.423874,5.8751645,-15.760746,11.191457,125.24871,-0.0018988193,2.0811744,4.331287,-2.461242,9.845088,96.925766,0.0018985241,1.8094118,3.2739708,-14.563946,10.1608715,103.24331,6.4572637e-06,1.855879,3.4442868,2789.652149249852,981.881069275589,964090.434201774,1690.9675374317526,299.36808041883324,89621.247573657,4574.199335733401,1299.188906314777,1687891.8142913862,21.905373924196546,8.584785907203754,73.69854907252417,0.083453484,0.095382534,0.009097828,231.39212176527283,45.6619552345633,102.63362906904881,551.1723529946163,448.53872392556747,217.47308447763714,2.1436210079626985,0.3647253727074391,0.7128942760862303,179,1.2354029260591997,0.1673296089385484,0.21403011787584322,1.7279999999999944,29.95200000000016,-1.3572074e-05,-1.6651345e-06,1141,663.93665,44170.16,0.013213738511668727,0.07344827226441925,3.0343163772252217,671,0
374,phase3,173.75999999999956,84.93793750000046,2.0457289530284353,0.32832862264315676,0.012500379,0.011344461,0.0001475917,0.20169821,0.20155062,0.009889316,0.00012869679,0.29109268707482994,0.13851559991201906,0.019186571418986532,-361.91937,98.4929,9700.851,-0.033497356,17.75746,315.3274,18.162504,43.179153,1864.4393,-0.0058244597,7.809195,60.983524,-45.69057,41.470768,1719.8247,0.0096327765,8.130829,66.110374,11.37973,29.559008,873.7349,0.0025019483,5.558701,30.899155,-29.231062,21.440779,459.70703,0.0006352686,4.202255,17.658947,-19.470528,19.538826,381.76575,0.001814573,3.5404809,12.535005,-20.710905,16.05496,257.76175,0.005917128,2.9889288,8.933695,-15.118667,17.142147,293.85318,0.0031256722,3.1820078,10.125174,-11.695839,13.60183,185.00977,-0.003957451,2.545985,6.4820395,-8.046086,13.913833,193.59474,0.002505214,2.508122,6.290676,-13.271529,11.457205,131.26753,-0.0005905765,2.115879,4.4769444,-2.983979,10.217799,104.40342,-0.0022404871,1.8335493,3.361903,-13.059216,11.184113,125.08438,0.0013308589,2.0071583,4.0286846,2773.8273970215055,956.5963708410973,915076.6167063582,1672.456454056543,301.236199003348,90743.24758998469,4522.238327149042,1274.2503916819944,1623714.060701716,22.69961392188379,8.833379798123635,78.02859865789877,0.07807777,0.0957734,0.009172544,229.3962193978409,90.67448921600469,111.27813843321147,1380.8680122982817,1269.58987386507,216.22053167995523,10.496361174165173,0.4446505874527334,1.6389771178597046,424,0.4098113197881798,0.200472813238771,0.3135437404204734,4.5760000000000005,84.80000000000014,-1.3590274e-05,-1.6898009e-06,1143,508.90463,32009.508,0.009493587985406804,0.0665126464956743,4.621316758747709,803,0
375,phase1,41.359625,3.2959999999999994,12.548426107880431,0.07380929054290472,0.013021027,0.010534624,0.0002184747,0.055310633,0.05509216,0.010270707,0.0001109783,0.3101432384939112,0.13732653269017084,0.01885857658070456,-340.06107,96.53185,9318.398,0.16148064,16.451149,270.6403,12.357311,50.76556,2577.142,0.07140414,10.281738,105.71414,-30.052757,32.903847,1082.6631,-0.018315252,6.5789404,43.282455,11.852746,27.406136,751.09625,-0.014470071,5.186181,26.896473,-22.737646,16.27689,264.93713,-0.008193603,3.1860876,10.1511545,-15.261557,19.397795,376.2744,-0.03423047,3.8661184,14.946871,-27.81846,18.238367,332.63806,-0.021300998,3.0961785,9.586322,-5.018138,14.652634,214.69968,-0.0026926235,2.7001677,7.290906,-23.113405,13.315634,177.30609,-0.0013257412,2.425062,5.880925,0.11746609,12.589809,158.50331,0.016133808,2.4290295,5.9001837,-19.47269,11.180305,124.999214,-0.006606484,2.0326235,4.131559,-1.9733897,9.822913,96.48962,-0.00893304,1.8054059,3.2594903,-14.730648,9.383047,88.04157,-0.0067604743,1.6320177,2.663482,2940.5036897619552,927.8541497551231,860913.3232178023,1770.2287763277964,265.0746447264517,70264.56727685459,4905.774310530086,1123.5923342599456,1262459.7336077134,21.995171833000338,8.844574409037953,78.22649647700908,0.08238883,0.0825832,0.0068199844,242.60120150051026,315.0270210559021,117.21605517913326,1462.9786972113066,1345.7626420321733,154.66751207845843,3.3464893483313256,0.2657593121305449,0.4926590994975437,22,1.8799828690916878,0.15695238095238126,0.14443270840164937,0.4800000000000004,3.2960000000000065,-1.2988185e-05,-2.2539473e-06,218,346.12595,10284.997,0.011511116348028238,0.10802526919822186,3.1431619604868275,130,0
375,phase2,40.76800000000001,3.8876874999999913,10.48643686344729,0.08705917919190005,0.0078380145,0.006301978,0.00021735093,0.046161246,0.045943893,0.006481904,3.9714927e-05,0.28654169558112463,0.12561306461795504,0.015778642002714546,-386.64343,81.39933,6625.851,-0.15477492,14.710727,216.40549,21.563663,51.73374,2676.38,-0.093779765,10.40302,108.22282,-29.726156,33.79404,1142.0372,0.014014859,6.345068,40.259888,12.34456,30.410221,924.7815,-0.00014262213,5.7205424,32.724606,-23.611622,17.850988,318.6578,-0.012101859,3.3316205,11.099694,-15.47161,21.087278,444.67334,0.0076557547,4.2048774,17.680992,-32.442066,16.709923,279.22153,0.019318374,2.9733396,8.840748,-8.416327,15.309151,234.3701,0.022430481,2.7345464,7.4777446,-25.092775,12.916194,166.82806,0.0077725537,2.443047,5.9684787,2.6360693,12.342398,152.33478,0.012900397,2.1822708,4.7623057,-20.023869,10.279015,105.65815,0.034076728,1.9179944,3.6787026,-2.5285733,9.829262,96.61438,0.005485029,1.9278032,3.7164252,-12.836438,8.510284,72.42494,0.00061029964,1.639469,2.6878586,2793.65571815473,926.0698799074434,857605.4224717866,1736.9200344064425,289.7548768633465,83957.88866609309,4685.076781876791,1248.6844232319675,1559212.7888221515,21.505616552215795,7.978003481729489,63.648539554487854,0.080589294,0.08727575,0.0076170564,153.2558466846759,20.408832194491495,114.5388367788287,245.51937137864914,130.98053459982043,148.96873144975314,1.3751993318871527,0.2435530084215236,0.5598391022420156,25,1.630719934771203,0.14800000000000027,0.17277345475120498,0.8640000000000008,3.5520000000000067,-1.41967785e-05,-1.0797548e-06,302,157.52019,8263.574,0.014840686013252495,0.13062513511492047,5.592621664050235,228,0
375,phase3,40.480000000000004,5.528874999999999,7.321560476306578,0.12016974985804367,0.0083293365,0.0073455633,0.00021193038,0.05535596,0.055144027,0.0063070236,5.39573e-05,0.2854146519688804,0.12907295560231238,0.016659827867916505,-380.895,87.004814,7569.8374,-0.162405,15.656133,245.11449,20.886797,51.646736,2667.3855,-0.03123217,9.758425,95.226845,-32.971603,34.501392,1190.346,0.027155515,6.863116,47.10236,12.587413,28.986311,840.2062,-0.007928904,5.781165,33.42187,-23.07042,18.040232,325.44998,0.035190653,3.4726136,12.059045,-16.601418,20.326529,413.16776,0.038954496,4.043397,16.34906,-23.167952,14.79751,218.96631,0.027878791,2.7057106,7.32087,-8.863407,13.59953,184.94722,0.010509893,2.5889237,6.702526,-23.061422,12.153161,147.69933,0.02066468,2.2673306,5.140788,2.0731173,12.145194,147.50574,-0.011581756,2.3643932,5.5903554,-21.335201,9.985045,99.701126,0.010007952,1.8805668,3.5365314,-2.866503,9.001255,81.02259,-0.0007321354,1.6726804,2.7978597,-14.587906,8.845221,78.23793,0.004869097,1.6128927,2.601423,2786.609979652386,908.4667901562706,825311.9088168374,1744.35658104822,293.9798631588586,86424.15994290124,4687.798809109875,1220.0378710799694,1488492.4068693442,21.368388652654684,8.185305029049943,66.99921841859027,0.08650021,0.092287995,0.0085170735,161.10834377198452,18.599566006695344,118.57804013471404,242.6993408760242,124.12130074131015,158.2826938011902,0.6906642133589881,0.27538247546913597,0.8259276063585558,38,1.0652631298614967,0.1470270270270267,0.11464598541703312,0.44799999999999995,5.439999999999987,-1.3746803e-05,-1.5171654e-06,274,192.91759,14260.755,0.014934927145598824,0.12360161915262047,4.051383399209485,164,0
376,phase1,163.78974999999988,11.200000000000102,14.624083515706687,0.06400374879100121,0.02533357,0.020136079,0.00037235822,0.12930396,0.1289316,0.01977585,0.00040546164,0.25902003408415614,0.1284928359308743,0.016510408885558582,-291.51865,87.415375,7641.448,0.053695895,16.44709,270.50674,15.404698,48.331924,2335.9749,0.014708279,9.225953,85.11821,-25.973442,29.019005,842.1026,0.00019444703,5.6585693,32.01941,-17.766321,36.27912,1316.1747,-0.013703066,7.0377765,49.530296,-20.079882,18.114292,328.1276,-0.0038126973,3.5293875,12.456576,-17.67878,23.420523,548.5209,0.006710701,4.422205,19.555897,-28.823246,15.820429,250.28598,-0.0056993347,2.9194477,8.523174,-1.0452057,13.917174,193.68774,-0.0040772813,2.5857902,6.6863112,-25.723663,13.964433,195.00537,0.001256232,2.5686908,6.5981717,-5.506669,12.502935,156.3234,0.0015420105,2.3249714,5.405492,-25.062574,11.053617,122.182434,-0.0052952818,2.0521278,4.2112284,-12.548364,10.574836,111.82715,-0.0009872913,2.0228682,4.0919952,-12.907475,8.956106,80.21183,-0.0027518745,1.653166,2.7329578,2860.3334469429387,840.5352610716095,706499.5251047187,1958.8939737744315,290.81031875933445,84570.64149690571,5259.623845767051,930.5899919337721,865997.733087298,23.83653239648043,9.657867492799467,93.27440450847267,0.059205864,0.0665555,0.004429634,288.62024690355577,137.1993854592758,113.22324603078411,1864.6550460723593,1751.4318000415751,263.1411467822288,7.501547073176494,0.46644724804051063,0.5943205244878629,104,1.5749014271644082,0.10769230769230825,0.12684538414656737,0.928,11.200000000000058,-1.2702785e-05,-2.510279e-06,1019,1743.8096,101148.37,0.013351815904743195,0.07301722254244065,2.95500786831899,484,1
376,phase2,160.97374999999988,14.016000000000105,11.484998467109033,0.08009611991559566,0.024223497,0.018507428,0.00033014905,0.14717965,0.1468495,0.019907778,0.00034252493,0.27278038718230024,0.13240703237972962,0.017531622223606765,-294.54,87.55027,7665.0503,0.024497556,16.711008,279.25778,13.997708,49.6332,2463.4548,-0.017704515,9.813313,96.30111,-23.269156,29.954996,897.3018,-0.0025953993,5.8171263,33.83896,-14.162769,34.878048,1216.4781,0.023229398,6.714371,45.08278,-18.922163,18.857903,355.62048,0.0015892267,3.7418237,14.001245,-18.942152,23.589828,556.48004,-0.013113859,4.6436768,21.563736,-27.230543,16.582281,274.97202,-0.0018907757,3.1551025,9.954672,-1.3678973,14.255224,203.21143,0.0028243698,2.607297,6.797997,-25.204985,13.690899,187.4407,-0.010004272,2.5978656,6.7489057,-5.9095774,12.117281,146.8285,0.0016335163,2.2932458,5.258976,-23.308813,11.5946665,134.4363,0.0020426586,2.1204333,4.4962373,-10.916138,10.693612,114.35333,-0.0011213886,1.9956634,3.9826722,-12.043695,9.145996,83.64924,0.00028279852,1.6398168,2.688999,2920.448272964204,873.6250733251375,763220.7687423519,1956.7070376680351,307.640317848296,94642.56516580057,5271.9961373194365,1008.7457674195573,1017568.0232868716,23.707398621328945,9.872070238714166,97.45777079810595,0.06568457,0.073516555,0.005404684,280.85094897484805,159.08612133707078,114.5388367788287,1719.8015444442728,1605.2627076654442,254.17759331190004,8.142665894480105,0.4673614919606214,0.6800398309043816,119,1.3527205768678934,0.11877966101694869,0.13207754114330503,0.8000000000000007,14.015999999999945,-1.2418119e-05,-2.9377488e-06,1086,1341.6329,95983.85,0.013707175588748798,0.07826272874662435,3.882620613609365,625,1
376,phase3,161.66399999999985,18.628562500000157,8.678285902184486,0.10332407638834329,0.025903594,0.021106105,0.00033508593,0.20150664,0.20117156,0.020240432,0.00044546765,0.2492202230756433,0.12858825895749199,0.016534940341719016,-290.11554,88.200645,7779.354,-0.031966347,16.52055,272.92856,20.829979,48.39113,2341.7012,-0.012440381,9.311364,86.7015,-23.053871,29.448132,867.19244,0.010178904,5.7588706,33.16459,-18.35721,37.09052,1375.7067,0.016033573,7.0332637,49.466797,-17.431482,18.678423,348.88345,0.0013862578,3.596465,12.934561,-17.478405,23.627954,558.2802,-0.0067654857,4.385225,19.230196,-25.92154,16.136015,260.37097,0.0008311166,3.0208917,9.125786,-0.92496645,13.783884,189.99547,0.007667188,2.567374,6.5914097,-26.887686,14.011066,196.30998,-0.0011652142,2.5430307,6.4670057,-5.493956,12.724368,161.90955,0.0011037202,2.4428685,5.967606,-24.995348,11.127551,123.8224,-0.0005785349,2.07621,4.3106484,-11.498293,10.775555,116.11258,-0.0015040992,2.0214522,4.086269,-13.226808,9.242145,85.417244,0.00033804082,1.6559504,2.742172,2816.303739962823,845.4879645435469,714849.8981879901,1980.0579009364362,301.28665146738194,90773.64635242769,5255.852096273292,999.0727194515919,998146.2987523992,24.0290717358098,9.817059740843415,96.37466195528857,0.0576584,0.067987435,0.004622291,262.4772129332312,33.42974334464432,118.57804013471404,442.5488940698555,323.97085393514146,255.6500291307247,1.3314628902033911,0.48660159707424994,0.9484584257323426,171,0.9454035032432535,0.10936470588235236,0.1258010424588634,1.2479999999999905,18.591999999999903,-1.240579e-05,-2.8046918e-06,1046,1613.8047,86178.56,0.013229832452181336,0.0766714158298796,3.4577889944576436,559,1
377,phase1,223.23199999999977,42.01237500000022,5.313481913043876,0.1583912005674021,0.0066857906,0.006388111,0.00033941495,0.052359678,0.052020263,0.0045697587,4.0807965e-05,0.3124349665218965,0.14877006525361944,0.022132532315566188,-410.54752,77.25008,5967.574,0.008638078,12.664334,160.38536,5.9778028,46.67157,2178.2356,0.0072682826,9.219055,84.99098,-18.049541,33.273407,1107.1195,0.0014587112,6.4498296,41.600304,-2.830627,24.936068,621.8075,0.0036302835,4.769558,22.748684,-22.989424,17.249228,297.53586,0.0020396104,3.277197,10.74002,-10.022988,17.544497,307.80933,-0.0014499424,3.254073,10.58899,-21.976007,12.976321,168.3849,-0.0026072636,2.392416,5.723654,-4.0981164,12.368227,152.97304,-0.002722836,2.210124,4.8846483,-13.285279,12.117843,146.84212,0.00095645664,2.33828,5.467553,-8.904808,9.9665365,99.33185,0.0028677923,1.8216306,3.3183382,-16.66783,10.27701,105.616936,0.001787762,1.8530991,3.4339762,-6.514865,9.306789,86.616325,-0.0029206688,1.7395328,3.0259743,-15.116197,8.615504,74.22691,-0.0026801846,1.557607,2.4261396,3151.9023832056905,1037.995758729079,1077435.1951395564,1918.4119200620178,298.39794449042995,89041.33327611371,5340.181641331886,998.83621887622,997673.792138944,21.505807191644642,8.742609329272264,76.43321788427843,0.100562416,0.09918874,0.009838406,266.4558230036046,153.3963813436433,95.76056196257365,1471.4536465877761,1375.6930846252026,235.7901617579845,5.734350061481397,0.3493786946134179,0.7691020780365276,204,1.0942745044398297,0.20681773399014747,0.20154247869863048,1.024000000000001,41.98399999999994,-1.41831415e-05,-1.0848956e-06,1370,441.0397,22055.555,0.011135549431291913,0.07501298873733042,3.2119051032110124,717,1
377,phase2,211.19643750000003,54.04799999999997,3.9075716694869094,0.20376676136705024,0.0069971043,0.007107176,0.0003453651,0.061258,0.060912635,0.004696902,5.051195e-05,0.3181231573847871,0.14640808787668208,0.021435328195706264,-408.22522,79.151245,6264.9194,0.005886232,12.848095,165.07353,7.4771476,47.46579,2253.0012,-0.027350908,9.396068,88.286095,-21.511553,35.068382,1229.7915,0.0014546348,6.772471,45.86636,-2.117865,25.110067,630.5155,-0.0012759514,4.7980757,23.021532,-23.109547,17.946741,322.0855,-0.010065346,3.4098847,11.627314,-8.980267,17.082155,291.80002,0.0040862435,3.1245637,9.762898,-23.107683,12.772196,163.129,0.0010465075,2.343416,5.4915986,-4.8696175,12.51802,156.7008,-0.0027687238,2.3494809,5.5200605,-12.343113,12.503789,156.34473,0.0035017906,2.3564904,5.5530467,-9.605797,9.874688,97.50946,-0.0013899592,1.8063177,3.2627838,-15.324915,9.827999,96.58957,0.00042359252,1.7745311,3.1489606,-6.67799,9.30273,86.54077,0.0015837011,1.7552052,3.0807452,-14.233093,8.4168625,70.843575,0.00086593535,1.5524582,2.4101262,3107.934952053741,1051.7026652242303,1106078.4960397494,1871.0900533421327,299.87788505689326,89926.74594619528,5197.785657196284,1056.2231560456223,1115607.3553669748,21.384139729373764,8.723232580606247,76.09478665535033,0.102876544,0.104361735,0.010891371,245.4835687872075,56.34474469921007,102.63362906904881,496.74433811469765,394.11070904564883,237.15608026942812,0.6035940874457566,0.2932802508995922,0.9123659756295549,242,0.8727125480466424,0.2233388429752065,0.23019436823890507,1.024000000000001,54.04799999999997,-1.4215979e-05,-1.0404168e-06,1442,301.84732,11271.096,0.011699524443418803,0.07694149394434643,4.261435517822122,900,1
377,phase3,192.7039999999998,80.5781250000002,2.3915175192830787,0.29485325833147774,0.0058875764,0.006697805,0.0,0.06752518,0.06752518,0.0036106682,4.4860593e-05,0.31508718744511766,0.15403952796718648,0.023728176176353623,-426.75385,87.40071,7638.884,-0.0025359818,12.163191,147.94322,6.034051,47.25706,2233.2297,0.00014415456,9.379066,87.96688,-17.291885,33.182747,1101.0947,-0.0004359175,6.3319874,40.094063,0.12082488,23.77339,565.1741,0.0032184017,4.594069,21.10547,-21.750505,16.987928,288.5897,0.0029224916,3.1727695,10.066467,-7.474286,16.564938,274.3972,-0.0036662142,2.9634175,8.781843,-22.364477,12.681783,160.8276,-0.0011212438,2.3100128,5.3361588,-3.2297003,12.006293,144.15108,0.0021734082,2.1533623,4.6369686,-11.802946,12.8554325,165.26215,-0.00062041107,2.3887188,5.7059774,-9.543302,9.797062,95.98242,-0.0003459505,1.7645732,3.1137185,-14.0781555,9.592403,92.014206,0.0016645242,1.7339169,3.0064678,-6.3000264,9.398714,88.33582,0.0008353401,1.7902876,3.2051299,-12.737437,8.30674,69.00193,-0.00047532865,1.4631343,2.140762,3111.5778811248383,1114.3290354136184,1241729.1991658453,1847.4383903321736,397.3886642070948,157917.75044029913,5171.051765015806,1223.944108110175,1498039.1797776117,21.004050079329307,8.576917294106991,73.56351026995159,0.12313895,0.15786147,0.024920242,239.75677373079756,66.89978156344058,106.86851352689665,554.3652619537442,447.4967484268475,233.08188075904494,0.8711916737576334,0.2576981617775789,1.08312975098536,296,0.6510270248276108,0.2721081081081084,0.4299209093689644,6.015999999999991,80.5440000000001,-1.3978322e-05,-9.818025e-07,1294,255.10999,16363.877,0.013231621902995436,0.07324184236989535,3.8608435735636037,744,1
379,phase1,183.00406249999992,18.944000000000074,9.660264613583962,0.09380629734934978,0.03181956,0.023058131,0.00029817692,0.20220987,0.2019117,0.027435146,0.00053167745,0.2784680889518301,0.11826284554411959,0.013986100636192286,-243.53886,92.95854,8641.29,0.04926681,16.457903,270.86255,25.730247,57.163513,3267.6672,0.004425272,11.613493,134.87321,-26.058308,30.604666,936.64557,-0.00020899023,6.108754,37.316875,20.978998,28.203388,795.4311,0.01118904,5.683401,32.30105,-27.125465,19.998144,399.92575,0.0027299682,4.0082707,16.066233,-7.4620132,15.266592,233.06883,-0.0065572523,2.9934509,8.960748,-25.426962,15.78783,249.25558,-0.007789144,2.8401604,8.066511,-14.973467,15.500685,240.27124,-0.0049554817,2.9681785,8.810083,-13.178175,11.863281,140.73744,-0.000118749755,2.2647793,5.1292257,-13.31174,13.005487,169.1427,-0.004499284,2.5391955,6.4475145,-9.482006,13.231288,175.06699,-0.0041970205,2.570053,6.605173,-6.2019143,11.005685,121.12509,-0.0032676833,2.068246,4.277641,-17.837366,11.631762,135.29787,-0.00788788,2.086097,4.3518004,2747.101122245188,899.6372410640722,809347.1655093755,1699.8310318079104,235.0836055764141,55264.30161080704,4594.220408810014,1042.2929494933965,1086374.592563644,22.70281846103137,10.064567924189332,101.29552750062075,0.070490815,0.07316142,0.005352594,161.2241610428418,201.1959436095544,99.13755088719131,1396.9129257320158,1297.7753748448245,121.34967043801211,5.83765584947723,0.15100617966233462,0.6189710287515138,125,1.4640324882877396,0.15155199999999777,0.12404408609845008,0.7360000000000007,18.943999999999722,-9.308213e-06,-5.8626133e-06,1232,739.8293,46032.52,0.018320619502033796,0.1242199066521345,3.7594793831421107,688,0
379,phase2,177.82012499999993,24.12800000000007,7.369865617959789,0.119476226877571,0.032809153,0.02690364,0.00041664764,0.22719707,0.22678041,0.027388547,0.00072380586,0.27348229715476946,0.11821031421698505,0.013973678387278338,-244.66708,100.58241,10116.822,-0.032692086,17.867039,319.23108,27.487505,55.391663,3068.236,-0.009899836,11.147768,124.27273,-27.205944,31.261625,977.28925,0.012607101,6.142968,37.736057,19.766584,27.842554,775.2078,0.012091644,5.5193343,30.463049,-26.208704,18.816046,354.04358,0.007680727,3.6904325,13.619293,-6.455096,15.623295,244.08734,0.0023900657,2.967593,8.806607,-27.273159,15.361536,235.97679,-0.0018775023,2.8410258,8.071427,-14.431199,15.515575,240.73308,0.0059758318,2.99087,8.945303,-12.816167,12.188688,148.56412,0.00050948345,2.225608,4.953332,-12.668186,13.263,175.90717,-0.004664354,2.570296,6.6064215,-9.009598,13.031431,169.8182,-0.001273661,2.451665,6.010661,-6.3372703,10.512435,110.51129,-0.0053674113,2.0303266,4.1222258,-17.353441,11.325904,128.27611,-4.4539356e-05,2.1070104,4.439492,2736.3341603363806,898.2338796212593,806824.1024994589,1703.3492746765662,242.43126970973293,58772.920533073266,4603.374811836476,1062.3323598871925,1128550.0428634917,22.487680507522214,10.055290186632266,101.10886073738317,0.07581871,0.08039121,0.0064627468,136.70882976064033,28.864336772088414,88.32151700497141,239.91170118635668,151.59018418138527,124.18608452867444,1.6758966466697458,0.1350023767810169,0.7081026377442227,143,1.2434973689265914,0.16991549295774608,0.13882055967376483,0.5439999999999969,24.127999999999943,-9.132708e-06,-6.182106e-06,1085,462.292,57514.645,0.018056957067552726,0.12162036914647797,5.083789025567271,904,0
379,phase3,182.04799999999992,26.019812500000086,6.996514406223523,0.1250544819372294,0.032544002,0.026695145,0.0004109296,0.21137509,0.21096416,0.026924508,0.0007126308,0.2766327650459403,0.11545908532428661,0.013330800383920895,-248.6096,102.8713,10582.504,-0.0022510455,18.12413,328.48413,26.230206,54.424644,2962.0417,4.1839656e-05,11.260802,126.805664,-26.764523,30.48127,929.1078,0.0018484314,6.052416,36.631737,21.970816,28.564175,815.91205,-0.0028328507,5.8126636,33.787056,-25.545193,18.840857,354.97784,-0.0019356031,3.6886353,13.60603,-7.0362873,15.059198,226.77946,0.00045950295,2.918446,8.517327,-26.991095,15.75679,248.27644,0.0018229173,2.8746755,8.26376,-14.149145,15.185155,230.58894,-0.0034099678,2.9854949,8.913179,-12.039635,11.852882,140.49081,-0.000596565,2.1863506,4.7801285,-12.361883,13.882996,192.73756,0.00015453513,2.6313894,6.9242105,-8.954192,12.95776,167.90355,-0.0011706088,2.4117293,5.816438,-6.3187313,10.32917,106.69175,-0.002883714,1.9816307,3.92686,-16.727297,11.172862,124.83285,-0.002019376,2.0466282,4.188687,2752.288935151542,874.7024790631191,765104.4268791663,1708.766798722749,241.8883472673188,58509.97254371501,4629.801870290635,1033.4076138035007,1067931.2962670454,22.68751734854974,10.098451478907572,101.97872227185053,0.07684065,0.08521727,0.007261982,140.3881952025459,32.040768382948606,106.86851352689665,286.9574553484241,180.08894182152744,127.08879665595002,1.8934635289538935,0.1651545440311926,0.6776636823631719,141,1.2911205582190026,0.18582857142857234,0.1469362321775346,0.5760000000000005,26.016000000000126,-9.471225e-06,-5.828809e-06,1184,571.2268,138237.4,0.016943231858594032,0.11685113955323118,4.630646862365971,843,0
380,phase1,336.2879999999997,64.62531250000029,5.203657542024894,0.16119522721012236,0.018347668,0.015270675,0.00014557988,0.11358139,0.11343581,0.0152264945,0.00023319351,0.30712758119911804,0.14503773170565995,0.021035943618323,-331.7348,110.34335,12175.656,0.013842986,19.35734,374.70657,7.9111075,56.96854,3245.4146,0.0023900792,11.018489,121.40709,-34.64313,40.14354,1611.5039,-0.00084903673,7.861119,61.79719,3.7548387,31.939447,1020.12836,0.0049157185,5.9488144,35.388393,-23.695427,23.807978,566.8198,0.0006441414,4.388168,19.256018,-14.870226,19.920158,396.8127,-0.0033965146,3.6727285,13.488935,-21.397383,16.007221,256.23114,-0.0029755142,2.7584298,7.608935,-12.81505,14.639373,214.31123,-0.0031553546,2.7486513,7.5550833,-20.13559,13.270416,176.10396,-0.0007380497,2.347507,5.5107894,1.5894336,13.75773,189.27512,0.002763147,2.564185,6.5750446,-18.492884,11.568913,133.83975,-0.000815512,1.9131328,3.660077,0.50886095,10.450802,109.21925,0.00061171706,1.9438623,3.778601,-17.118841,11.309301,127.90029,-0.0013019018,1.9911057,3.9645016,2991.7071491924303,1075.7364122196595,1157208.828575225,1741.5499004648477,294.97399118911113,87009.6554780338,4925.988581490941,1206.6699651672186,1456052.4048366565,22.74500572606679,8.988996220867188,80.80205305876457,0.07023583,0.07993028,0.0063888505,162.88208628492745,112.1760037877945,68.89654412432702,1680.5212228823332,1611.6246787580062,145.9866916572425,10.46338497284183,0.2962726474342507,0.8680180706147043,348,0.9663448248093531,0.18436781609195332,0.22169722103529133,2.592000000000013,64.15999999999976,-1.3772166e-05,-1.484365e-06,2161,328.58817,34293.465,0.011150299694442757,0.10114794669408318,3.3988723950899256,1143,1
380,phase2,327.1359999999993,73.77737500000069,4.434096436284157,0.18402323195129294,0.024232728,0.020768076,0.00014631987,0.20275772,0.2026114,0.01943244,0.000431313,0.31244138598451593,0.14054259844152947,0.019752221976697005,-305.85864,111.73385,12484.452,0.014526989,20.773863,431.55334,0.5350218,54.666096,2988.382,-0.0002913722,10.506746,110.39171,-30.831955,38.649788,1493.806,-0.0015927795,7.631489,58.239624,3.314402,33.40164,1115.6697,-0.002412584,6.128827,37.56252,-20.696524,23.070868,532.26495,-0.0013358664,4.394183,19.308846,-17.29198,20.290737,411.71402,-0.00052040396,3.7551477,14.101133,-20.207685,16.367752,267.9033,-0.00046739253,2.8762453,8.272786,-11.772717,14.756387,217.75096,0.0011447332,2.8707843,8.241403,-21.093557,13.728701,188.47722,-0.002430482,2.4773958,6.1374893,1.4394948,13.767489,189.54376,0.0018025375,2.4710786,6.10623,-19.802374,11.620402,135.03375,0.0009304069,2.028657,4.115449,1.0588591,10.807388,116.79965,0.0006836404,1.98985,3.9595034,-15.263322,10.653771,113.50285,-0.0008049063,1.9206995,3.6890864,3090.9631984853604,1039.6324105474503,1080835.549060702,1796.5753258260067,286.58257592774083,82129.57282537933,5157.937335381914,1130.571069206233,1278190.9425261247,23.1302137049266,9.461028132487725,89.51105332372417,0.072473906,0.0756444,0.005722076,184.2404659225091,159.7315774632275,115.20235351026894,1975.5332050244967,1860.3308515142278,158.2826938011902,9.538066597099265,0.2452709713268999,1.1523686382376244,462,0.7080865785539237,0.15965367965367985,0.17787553767183575,1.920000000000016,73.76000000000009,-1.3650454e-05,-1.6046811e-06,2060,294.66467,29923.695,0.010550471967512097,0.1023428392507647,4.551623789494288,1489,1
380,phase3,339.93599999999935,73.12625000000065,4.648617908772547,0.17703445424993605,0.022696571,0.020038584,0.00014459886,0.16490735,0.16476275,0.017794164,0.00040154488,0.31063822206164304,0.14299011872130357,0.020446174051932487,-311.92648,112.23117,12595.836,-0.010346752,20.12033,404.82773,2.681275,54.378468,2957.0176,-0.0025792199,10.371937,107.57708,-30.184586,39.770588,1581.6997,-0.0024143937,7.961152,63.37994,5.083244,32.834305,1078.0917,-0.0017003183,6.309929,39.8152,-22.224741,22.979301,528.0483,0.001106685,4.4106913,19.454199,-16.785816,19.839607,393.61002,-0.00025339177,3.6425414,13.268107,-19.685947,16.314518,266.16348,0.0008736115,2.9064646,8.447536,-12.563889,14.68592,215.67624,0.00016853033,2.7654393,7.6476545,-20.518873,13.468368,181.39693,0.0047800476,2.4947674,6.223865,0.97998905,13.1039915,171.7146,-0.00042246052,2.4692044,6.09697,-17.98488,11.979043,143.49747,-0.0011345578,2.0158305,4.0635724,0.21696557,11.142913,124.1645,0.0007685346,2.0857155,4.3502097,-17.960209,11.254621,126.66649,0.0002733438,2.0261326,4.105213,3071.532223751627,1044.2852164114558,1090531.6132155212,1798.777950921023,282.8275329580305,79991.41339912581,5123.039763924394,1164.0153693627688,1354931.780112743,23.32709802078369,9.419493712740776,88.726861804363,0.07184031,0.07780199,0.0060531492,169.54420543618738,38.045911008972084,65.7852866955572,422.5640958224419,356.7788091268847,158.2826938011902,1.7943837739650077,0.3388333720397526,0.941746673776168,389,0.873871463049172,0.18492544987146448,0.225090183800421,2.719999999999999,71.93599999999968,-1.3522072e-05,-1.7365359e-06,1846,421.11975,47625.63,0.010027077038138486,0.10143941858971081,3.4447660736138634,1171,1
381,phase1,126.75199999999985,26.160062500000137,4.845248177627672,0.17107912922173907,0.0066246367,0.00561913,0.00032048425,0.059922013,0.05960153,0.004993934,3.1574622e-05,0.30143453945647625,0.127409482272386,0.016233176172917443,-390.4102,77.896614,6067.883,0.026395136,12.891936,166.20203,24.011578,49.003937,2401.3857,0.016724776,9.708636,94.25762,-15.873032,24.76832,613.4697,0.0011421693,4.4373693,19.690248,1.2843764,26.838646,720.3129,-0.0028594017,4.923249,24.23838,-11.11761,17.669006,312.19376,0.005984028,3.34966,11.2202215,-3.130837,13.983969,195.55138,8.6926644e-05,2.5688453,6.5989656,-34.20586,17.03879,290.32037,-0.009101418,3.2039196,10.2651005,-0.13202031,12.448908,154.97531,-0.001204529,2.2645907,5.128371,-25.56112,12.938333,167.40045,-0.00033029838,2.2471268,5.0495787,-3.3318324,11.8605385,140.67236,0.0069538523,2.1978416,4.8305078,-13.576121,10.698333,114.45433,0.0042343843,1.874691,3.5144663,-1.5841136,8.951909,80.13668,-0.0026771817,1.7113323,2.9286585,-15.323084,7.7320232,59.78418,-0.005820865,1.3503746,1.8235114,2953.251109398893,880.9985623642018,776158.4668877904,1949.1379612312178,256.3352973774106,65707.78468156552,5304.84280184139,894.9736980834742,800977.9202612096,21.17758295241874,8.127366745150306,66.05409021017508,0.09565516,0.085015945,0.0072277114,157.02631773032445,163.37853535998536,100.28947374140385,1413.1442720795428,1312.854798338139,130.8127826502993,7.091280051293492,0.28185812925677795,0.9678765532313712,148,0.8564324266457258,0.176648648648649,0.16441348932233854,1.024000000000001,26.14400000000005,-1.2334739e-05,-2.916897e-06,821,123.383896,5318.856,0.013775344776437213,0.11081738445247594,2.863860136329213,363,1
381,phase2,135.1841249999999,17.728000000000094,7.625457884394252,0.11593586839500199,0.0062093725,0.00524752,0.0003161139,0.041565347,0.041249234,0.004824932,2.7536464e-05,0.2879206227767315,0.1361688678725209,0.01854196057768405,-402.31744,74.35782,5529.085,0.0105211185,12.412472,154.06946,29.788671,52.077,2712.014,-0.0048377593,10.117368,102.36112,-10.474202,24.67738,608.973,0.007489166,4.5952992,21.116774,1.2817552,26.368176,695.2807,0.0030743035,5.0650053,25.654278,-11.309106,17.821325,317.59964,-0.008386578,3.4170833,11.676457,-2.8740113,13.812971,190.79817,0.00014731006,2.5123153,6.3117285,-35.329338,17.60081,309.78845,-0.0015184921,3.3904364,11.495059,-0.11987795,12.178049,148.30487,-0.00106719,2.24388,5.034998,-25.93942,12.139843,147.37578,0.0017679865,2.211615,4.891241,-4.5433536,11.585243,134.21786,0.0012327489,2.0945232,4.3870277,-13.152096,10.543289,111.16094,-0.003033718,1.8553437,3.4423,-3.0831385,8.626203,74.41137,-0.0002357617,1.6248037,2.639987,-12.607582,7.199779,51.83682,0.0016379311,1.2979292,1.6846201,2863.4451699745914,960.8479995941949,923228.878324166,1931.7815008616567,276.6322586153827,76525.40650664797,5162.87239746809,999.2379202501369,998476.421265819,21.26534455056472,8.056107603854871,64.90086972488828,0.08714917,0.08476995,0.0071859444,127.56172659593209,13.108749453499122,103.22817963382575,201.74088950502764,98.51270987120189,125.62905732418486,1.5996173776290283,0.38585478125426764,0.7520659332933867,115,1.17551412021292,0.15415652173913075,0.13031524261369712,0.5760000000000005,17.728000000000037,-1.2349963e-05,-2.9226348e-06,999,149.0642,5584.2993,0.012432941613294578,0.10849116992898288,4.911819342692794,664,1
381,phase3,130.11199999999988,27.43381250000013,4.742760243667883,0.17413228612471135,0.006030921,0.0057920613,0.00031373132,0.045937054,0.04562332,0.004381599,3.3547974e-05,0.31313226670389926,0.1361383480586404,0.018533649812135518,-403.76895,82.22183,6760.43,-0.037972867,12.798739,163.80772,22.377018,49.51538,2451.773,0.009996607,9.550644,91.21479,-14.13723,23.949984,573.60175,0.0057187174,4.307744,18.556658,-0.2901644,25.348482,642.54553,0.0050401855,4.683195,21.932318,-10.860786,16.70617,279.09607,0.009812311,3.1366925,9.83884,-2.7628226,13.90887,193.45665,0.0008309312,2.598353,6.751438,-34.1529,17.602068,309.83276,0.0010437341,3.1316922,9.807496,-0.78796107,11.632761,135.32112,0.004325456,2.1535053,4.637585,-24.390318,12.712993,161.62018,-0.0019313336,2.2588592,5.102445,-3.0840073,11.296225,127.60469,0.0007864356,2.1061301,4.435784,-13.338873,9.869097,97.39906,0.0023253176,1.7435377,3.0399237,-1.8081586,8.533623,72.822716,-0.0024078477,1.5982895,2.5545292,-12.495861,7.339808,53.872784,-0.00077082013,1.3053942,1.704054,3003.122699711215,926.8609232368856,859071.1710235319,1951.2703589746195,252.6224539073394,63818.10421816582,5335.075967201462,933.8127976804337,872006.3411117587,20.83637605249529,7.987719881424979,63.80366890411187,0.108274184,0.09580973,0.009179504,128.0429989084914,12.792471626366778,67.32294488175604,179.73069985652097,112.40775497476493,127.82501456536235,-0.41846670008288644,0.26259138906121215,0.9013251304283317,142,0.9162816836881563,0.1883687943262411,0.19511765540754644,1.056,26.559999999999995,-1.2607738e-05,-2.6509842e-06,880,106.70585,4471.1055,0.013314312501129149,0.11907984937183906,4.488440727988199,584,1
382,phase1,91.93681249999997,5.66400000000003,16.23177900215757,0.058032303778209116,0.024581946,0.016542662,0.0005053412,0.11803283,0.117527485,0.022001058,0.00027365968,0.2511991777798263,0.12976948224100873,0.01684011852109948,-272.45148,83.09521,6904.813,0.026191425,14.632111,214.09866,33.893932,57.57794,3315.2195,0.02473398,12.044897,145.07954,-35.300865,31.292416,979.2153,0.00095167884,5.971709,35.661304,10.005169,28.041649,786.33405,0.01613726,5.391349,29.066643,-29.38733,22.590988,510.35275,0.008468069,4.4457717,19.764885,-4.1528974,12.878229,165.84879,-0.0027222966,2.4926748,6.2134275,-27.61424,14.792931,218.8308,-0.011434513,2.6248932,6.8900642,-13.487783,12.806874,164.01604,-0.010546184,2.3643544,5.5901713,-22.286234,10.867483,118.10218,-0.0011510398,2.0586936,4.2382197,-7.4339805,13.800081,190.44225,0.006106745,2.5794122,6.6533675,-11.323609,12.977531,168.41632,-0.0024311605,2.4123387,5.819378,-9.730523,10.924355,119.34153,-0.009834562,2.0065525,4.0262527,-16.682888,8.865168,78.591194,-0.009846851,1.5995482,2.5585544,2536.5058876987764,974.9991129222286,950623.2701991327,1678.640319796342,268.9451286535399,72331.48222646912,4425.795333497214,1261.0118639721145,1590150.9210784265,22.676577032071382,9.43380587498147,88.99669328683488,0.06614544,0.080541775,0.006486977,172.0092344576147,179.8239313958194,66.93519325188251,1488.5511143913498,1421.6159211394672,140.20166900511882,6.50834827862261,0.3736479841449859,0.4610617355260234,45,2.043040232376883,0.1287272727272734,0.09968412922744936,0.35200000000000387,5.66400000000003,-1.1491801e-05,-3.7687385e-06,656,879.1133,39599.324,0.014741134299256348,0.09685351025603553,3.2522337012717304,299,0
382,phase2,90.592875,7.007999999999996,12.927063651960104,0.07180263496613115,0.027608156,0.019383427,0.0005260696,0.11837931,0.11785324,0.024237314,0.00037571724,0.24335835074565715,0.1252388065386381,0.015684758663222415,-262.8802,85.115204,7244.5977,-0.02826651,15.870804,251.8824,35.58784,54.270443,2945.281,-0.040159453,11.287495,127.40753,-34.35599,32.6639,1066.9302,-0.0005761981,6.2928777,39.60031,10.607334,27.586617,761.02136,0.039358165,5.298748,28.076733,-28.861864,22.406965,502.0721,0.01957008,4.4658604,19.943909,-4.7932467,13.279253,176.33856,-0.001539883,2.5229414,6.3652325,-29.682425,15.780949,249.03833,0.018809121,2.8863444,8.330984,-11.544323,12.157434,147.8032,0.0034061593,2.1726773,4.720526,-24.318651,11.158885,124.52071,0.011905692,2.1491058,4.618656,-4.6214843,14.804507,219.17343,-0.011854576,2.6745496,7.1532154,-11.226253,12.3070345,151.46309,-0.011513681,2.250934,5.066704,-11.182847,10.382978,107.806244,0.0026310883,1.9945754,3.9783309,-16.945461,8.737897,76.35084,-0.0047213635,1.5858701,2.5149841,2519.560451846402,944.0908977965595,891307.6233023137,1699.5237935982218,267.46087200786275,71535.31805520633,4465.060123729924,1200.9078941678206,1442179.7702745893,22.77063755124773,9.512642393333484,90.49036530344542,0.06436584,0.0771611,0.005953836,149.13955758736645,38.102258178981266,68.49972922973525,387.49298438230534,318.9932551525701,139.3941668115768,2.433546422448725,0.3559488691065392,0.4917988696310356,48,1.8873515231801767,0.14910638297872333,0.15400182840066218,0.9600000000000009,7.007999999999997,-1.1224291e-05,-3.975955e-06,647,693.5636,45114.188,0.015305894533425159,0.1046417889959374,4.029014423043755,365,0
382,phase3,93.568,6.990499999999997,13.385020615832833,0.06951674895707471,0.028177628,0.01992864,0.00051023136,0.12923408,0.12872384,0.024530549,0.00039715067,0.24110281031259942,0.13114272120848888,0.01719841332596744,-263.23862,86.19427,7429.4517,-0.03578272,16.06727,258.15717,37.728683,54.774727,3000.2705,0.016471675,10.916017,119.159424,-34.171997,32.360912,1047.2286,-0.0015665783,6.262187,39.214985,9.121798,27.143553,736.77246,-0.024666825,5.118462,26.198656,-30.124687,22.82523,520.99115,-0.0013418309,4.5362544,20.577602,-4.7136,13.917045,193.68414,-0.003502062,2.5718925,6.614631,-27.71085,15.7101965,246.81029,-0.00745086,2.9055955,8.442486,-12.045663,12.389614,153.50253,0.009408555,2.3357904,5.4559164,-23.38367,11.466562,131.48206,0.0023575642,2.282629,5.210395,-5.0373807,14.690135,215.80006,0.018544203,2.674387,7.152345,-10.535979,12.817841,164.29703,0.0107962685,2.3987565,5.7540326,-10.482195,11.415657,130.31723,-0.0018669509,2.2158082,4.909806,-16.323835,8.902074,79.24692,-0.0007131188,1.6618319,2.7616851,2488.902187032094,968.3690929018461,937738.7000875443,1683.5829651381819,267.8027633919059,71718.32008034115,4395.375139198219,1236.8431990799622,1529781.099110355,22.87141041946796,9.471679030694284,89.71270366049383,0.06259581,0.0786438,0.006184847,144.54306319472002,22.645054799832177,88.83315834800462,257.13099468347406,168.29783633546944,140.20166900511882,1.1224913017034417,0.40279987260489986,0.546945310441186,55,1.701236332704794,0.12918518518518443,0.0894481174002407,0.38400000000000034,6.97599999999996,-1.1271311e-05,-4.035994e-06,648,692.67053,33246.797,0.014145638511685866,0.10474793660372196,4.3604651162790695,408,0
383,phase1,193.76056249999976,100.57600000000025,1.9265089143880287,0.3417040653928281,0.0114147,0.012437631,0.0,0.1647317,0.1647317,0.008182138,0.00015469467,0.32824273103734103,0.14601791841679643,0.021321232498774215,-357.1556,106.870316,11421.264,0.0209734,18.360378,337.1035,8.103125,52.139305,2718.5073,-0.004561251,10.693506,114.35108,-19.815321,28.513527,813.0212,0.0026087651,5.5785937,31.12071,10.79925,27.176388,738.556,0.007629912,4.788777,22.932383,-15.9359665,16.121992,259.91864,0.0008495567,3.0404184,9.244144,-5.2096863,14.104826,198.94612,-0.0011416838,2.6157968,6.842393,-27.924025,15.978984,255.32791,-0.0016685592,2.9638267,8.784268,0.58871794,12.119916,146.89236,-0.0039093154,2.1954708,4.8200917,-21.005346,13.108647,171.83664,-0.0010602279,2.2916446,5.2516346,-3.408863,12.438117,154.70676,0.0005540476,2.227906,4.9635653,-16.806147,9.609845,92.34912,-0.00047542312,1.6456062,2.7080197,-4.1763577,8.540709,72.943695,-0.0019324606,1.5839094,2.508769,-12.111378,8.739152,76.37278,-0.00468965,1.5204364,2.3117268,3085.410345612114,982.6783740565659,965656.786838456,1836.4927746552235,321.71462895635966,103500.30248452816,5264.090356288727,1081.0683922556889,1168708.8687343001,20.90956717618373,8.886845212859235,78.97601783731912,0.1291745,0.14284354,0.02040428,150.21207494992018,107.59560997976747,65.40639132514966,1429.5642175869746,1364.157826261825,136.21039964151845,10.856667951020341,0.21306663765484654,1.2740517073885442,375,0.5166948319554798,0.26820266666666515,0.30973385821737637,4.031999999999982,100.57599999999944,-1.1782923e-05,-3.2859366e-06,1118,231.9296,11439.51,0.012992018697406425,0.09753093392017245,3.56625719436586,691,0
383,phase2,222.39999999999992,71.9365625000001,3.0916127929853037,0.24440240073810093,0.009598788,0.010132512,0.0,0.095414884,0.095414884,0.0070643444,0.00010266781,0.3165568374449668,0.14827509692043545,0.021985504366764528,-369.92407,105.61423,11154.365,-0.017482543,16.488914,271.88428,10.818381,52.83237,2791.2593,-0.0005130724,10.55346,111.37553,-19.009722,27.883026,777.46313,0.0058393227,5.3183327,28.28466,12.205604,25.982931,675.11273,-0.0011310609,4.605889,21.21421,-13.149028,15.607567,243.59613,0.0014963337,2.8407862,8.070066,-5.409467,13.655227,186.46521,0.0028483572,2.5250065,6.3756576,-28.59055,15.631206,244.33458,0.0034280769,2.6987364,7.283179,-0.0025121684,11.393072,129.8021,0.0014881332,1.991355,3.9654946,-21.598965,12.060226,145.44907,-0.0022913585,2.093987,4.384782,-3.3045576,11.707145,137.05724,-0.0009550762,2.0198166,4.079659,-17.359371,9.13739,83.49189,0.0028736377,1.6024537,2.5678577,-4.029423,8.362143,69.92543,-0.00105051,1.5587347,2.429654,-12.301484,8.428981,71.04772,-0.0012357048,1.4398879,2.073277,3022.682979459021,1012.5171486524421,1025190.9763152716,1834.9126419845811,362.4067542568344,131338.65553097354,5209.497975323405,1162.6998144198626,1351870.8584519827,20.707967524049497,8.832219033535235,78.00809305634208,0.13532409,0.16153099,0.02609226,137.4852234592644,20.354906188545566,68.89654412432702,275.58617649730814,206.68963237298112,133.09934981412218,1.541703654094683,0.2226328948556764,0.9241121717591575,272,0.8176470558174738,0.26247058823529357,0.4149664929984333,6.207999999999998,71.39199999999985,-1.1751209e-05,-3.199129e-06,1069,226.86557,8361.056,0.013156675761219667,0.09476645658186467,3.1384892086330947,698,0
383,phase3,163.2959999999994,139.95993750000062,1.1667338650623849,0.4615241457555983,0.009636298,0.0123442095,0.00036375393,0.18593454,0.18557079,0.0063683097,0.0001523795,0.3267421289701382,0.13884134447022364,0.019276918934299305,-365.81723,92.54782,8565.099,-0.0011226472,16.03246,257.03973,12.774828,51.78879,2682.079,-0.015402383,10.312253,106.34256,-16.28334,26.227219,687.867,0.003983496,5.190988,26.946356,11.123649,25.471716,648.8083,0.0019620673,4.6125226,21.275364,-12.473512,16.36713,267.88293,0.0012452236,2.9924443,8.954722,-4.4170036,13.52979,183.0552,-0.001883847,2.43352,5.92202,-30.491789,15.641277,244.64955,-2.9362593e-05,2.8377774,8.05298,0.29655772,11.178179,124.95168,-0.00034173983,1.9755908,3.902959,-21.735912,12.14603,147.52606,0.0013140206,2.1137106,4.4677725,-3.4761667,11.133332,123.95108,0.0030136397,2.0115318,4.04626,-16.081833,8.981819,80.67308,-0.0014914668,1.601575,2.5650425,-4.2249446,8.641679,74.67861,0.00032314615,1.5755572,2.4823806,-10.514746,8.394811,70.47285,-0.0021344128,1.4860034,2.2082062,3090.0891954265567,907.243571801347,823090.8985748659,1893.604880824836,252.63245512622026,63823.157383101694,5354.113082990398,843.8532448763145,712088.2988882853,20.72378094049562,8.789403310412647,77.2536105530928,0.11824566,0.104118854,0.010840736,142.64288293429254,22.379310142394353,65.40639132514966,267.74077300753,202.33438168238033,137.79308824865404,1.1261866354465688,0.18613485278187877,1.5894165303853283,482,0.33878838103985687,0.29032365145228245,0.3142604224080117,1.9520000000000266,139.93600000000015,-1.2024683e-05,-3.2316113e-06,997,197.06009,6978.539,0.014326594796197396,0.1093410154405785,4.1825886733294295,683,0
385,phase1,16.608,3.9278750000000002,4.228239384339017,0.19126893789526864,0.021234052,0.01887251,0.00064090145,0.095166,0.0945251,0.017136138,0.00035617166,0.29808277355919005,0.14795936181090194,0.021891972747489385,-307.14444,119.37967,14251.505,-0.25811806,24.34331,592.5967,32.766895,56.54903,3197.7927,0.024428323,11.085512,122.88858,-36.506844,31.361042,983.515,0.056056146,6.0548105,36.66073,-2.4500883,21.878294,478.65976,0.017043343,4.2085156,17.711603,-23.51457,17.639648,311.15717,0.0028032202,3.4455013,11.871479,-6.1209545,13.698705,187.65451,-0.009317909,2.577386,6.642918,-20.490864,14.369422,206.48029,-0.008122232,2.5931187,6.724264,-7.8648596,12.60728,158.94351,0.008215572,2.3291082,5.4247456,-18.738707,9.302291,86.53261,0.004783672,1.6585759,2.750874,-7.1409802,9.34021,87.239525,0.020161549,1.5889728,2.5248346,-15.844928,9.615237,92.45278,0.0147321485,1.9498142,3.8017752,2.6888747,8.554921,73.186676,-0.013995723,1.5838048,2.5084379,-19.987534,10.620247,112.78965,0.0016484602,1.8998975,3.6096103,2706.9474848842556,1053.3669618782044,1109581.9563765184,1745.6803332933398,309.2892451839414,95659.8371864522,4625.90050623053,1459.0159894801159,2128727.657558642,20.987916396824847,8.939843893902578,79.9208088473472,0.11883243,0.12785444,0.016346756,277.1277229175808,381.8464014677331,111.9227661312955,1405.0051599877036,1293.082393856408,145.9866916572425,2.547123835582563,0.3800623047039528,1.0712959637707182,22,0.7549090565950429,0.16761904761904756,0.061596595600480655,0.28800000000000026,3.5199999999999987,-1.1430322e-05,-3.7477535e-06,117,3503.2947,110739.04,0.013840559609426147,0.11266585665067261,2.5289017341040463,42,0
385,phase2,16.416000000000004,4.119874999999997,3.984585943848799,0.20061842994272203,0.019091533,0.018236382,0.00064912025,0.14292888,0.14227976,0.015089396,0.0003325656,0.2537358839563863,0.13853546344417644,0.019192074631692747,-308.5582,103.421364,10695.979,-0.19070226,21.204311,449.6228,51.948963,55.772186,3110.5366,-0.16762635,11.216119,125.80133,-30.469,28.9267,836.75397,-0.041270204,6.000892,36.010708,-7.261822,21.901487,479.67514,-0.036445484,4.558446,20.779428,-24.027287,16.473125,271.3639,-0.030507676,3.348169,11.210237,-8.222799,13.628109,185.72534,-0.009051602,2.6677763,7.1170306,-19.573483,12.402897,153.83185,0.008386769,2.454133,6.022769,-6.5468383,11.393391,129.80934,0.014540056,2.2439828,5.0354586,-18.822803,9.844369,96.91159,0.017309962,1.7658064,3.1180725,-6.417377,10.365306,107.43956,0.020164192,1.9345678,3.7425525,-13.702599,8.606997,74.08039,-0.0023992767,1.5935411,2.5393734,4.7211657,9.066445,82.20044,0.0028881298,1.7424638,3.0361803,-18.064007,7.866207,61.877216,0.025214097,1.4903002,2.2209945,2438.6829193676335,1049.864537463214,1102215.5470228484,1737.9261821643936,324.84447421542467,105523.93242829571,4285.2292640186915,1562.6613053154022,2441910.355130037,21.31518596577822,8.874843546398393,78.76284797304922,0.10014517,0.120463945,0.014511563,140.85397715580757,10.973303579027052,117.89508087899223,234.43211035826653,116.5370294792743,139.3941668115768,3.8087495665554676,0.5218068527697712,1.0226006926902311,21,0.7817142484897979,0.18895238095238107,0.10677545472825822,0.38400000000000034,3.9680000000000026,-1.117703e-05,-4.1679473e-06,112,583.4938,17792.47,0.013832360123305,0.1099377677606244,3.898635477582845,64,0
385,phase3,16.928000000000004,4.230187499999996,4.001712926031551,0.19993146860996464,0.016369047,0.015038715,0.00047347072,0.07760492,0.07713145,0.012812414,0.00022616294,0.3077270876604985,0.14618467956636036,0.021369960539919453,-318.5438,108.063614,11677.745,-0.06724249,21.897655,479.50735,31.09404,61.66311,3802.339,0.030848028,13.233335,175.12115,-32.783627,27.486492,755.5072,-0.017647244,5.039557,25.397133,-5.627266,19.56973,382.97433,-0.052390084,3.892685,15.152996,-23.091904,15.740518,247.76389,-0.0032558166,3.0173023,9.104113,-3.046243,11.02917,121.642586,0.013645499,2.145146,4.601651,-21.8243,10.72168,114.95442,0.0053972634,2.190746,4.799368,-5.964751,11.070441,122.554665,-0.0010681325,2.1214507,4.5005527,-19.135342,9.843419,96.89289,0.0032373779,2.0094864,4.038036,-3.8722422,10.004106,100.08212,0.0121640945,2.0185754,4.0746465,-13.86469,7.3515077,54.044666,0.0014129521,1.4929972,2.2290404,3.3169284,7.6493373,58.512363,0.004254736,1.4865197,2.2097409,-19.39649,7.6660533,58.768375,0.013864823,1.4535661,2.1128545,2788.6859603914518,1067.6519585108972,1139880.7045121547,1779.7345431866647,302.99331317234197,91804.94782715291,4737.726586102719,1511.4120867370966,2284366.4959349846,20.598551153428563,8.978137960871917,80.60696124444934,0.13610472,0.13013971,0.016936343,144.91832040981032,20.530046731873643,113.22324603078411,307.5533855193843,194.33013948860017,141.01384901128017,4.323590505272425,0.3504531716760526,1.1343126626512785,24,0.7053333039444458,0.16799999999999984,0.1274153313642699,0.5120000000000005,4.0319999999999965,-1.1266575e-05,-3.9804504e-06,142,362.38443,24652.639,0.01393201908454959,0.11634099635914723,3.485349716446124,59,0
386,phase1,181.9365624999997,32.76800000000031,5.552263090446011,0.1526190203806233,0.018422935,0.016489148,0.00025429507,0.14872086,0.14846657,0.01425386,0.000271892,0.2840364049692623,0.17188240092304918,0.029543559747071818,-341.8831,91.90618,8446.746,0.030158915,16.693615,278.67676,13.629059,53.53366,2865.8528,0.0049796426,10.636757,113.140594,-36.09628,42.725555,1825.473,-0.00077263877,8.646617,74.763985,-9.246699,31.758987,1008.6333,0.0050732926,6.1197333,37.451138,-24.569815,20.53779,421.8008,-0.002852518,4.021012,16.168535,-22.023582,19.74471,389.85358,-0.0026960634,3.7117617,13.777175,-22.696356,16.869755,284.58862,-0.0084906,3.2012293,10.2478695,-11.405819,13.95138,194.641,-0.0008917058,2.60901,6.8069334,-16.977726,12.3356495,152.16826,0.0033000747,2.2648444,5.12952,-6.6596327,11.769719,138.52629,-0.0020425764,2.0937572,4.3838186,-18.508146,9.948538,98.973404,-0.00023977639,1.892371,3.581068,-3.192126,9.138045,83.50387,0.00072171487,1.7602274,3.0984008,-12.017842,7.884709,62.168636,-0.0040193293,1.4497886,2.101887,2843.7810504895106,1257.832114640514,1582141.628621027,1749.4539677674604,343.36309707590743,117898.21643355902,4660.986400894188,1567.683587305724,2457631.8299077433,23.203584525980357,9.113259071075772,83.05149089654483,0.06252828,0.08241107,0.0067915847,268.7773031262603,104.49356263636689,114.5388367788287,1405.0051599877036,1290.4663232088749,251.2581146483697,8.807357401288247,0.5315946347940992,1.0386365217553306,223,0.8158590210051151,0.14694170403587464,0.16908201425132355,0.896000000000015,32.76800000000004,-1.4294626e-05,-9.4918636e-07,1172,983.9604,70540.984,0.011002961918376403,0.08120738762179236,2.924096139279321,532,1
386,phase2,182.0325624999999,32.67200000000011,5.571515576900212,0.15217189434435102,0.023650587,0.02183579,0.00026711225,0.18028958,0.18002246,0.017832827,0.0004768017,0.27809400032600595,0.16178637145571434,0.026174829988806377,-319.97195,94.6099,8951.033,0.0043206275,16.948404,287.24838,13.585209,53.379562,2849.3777,-0.0010717963,10.121949,102.453865,-41.767967,45.831158,2100.4949,-0.0019077043,9.23499,85.28505,-6.4505134,31.373917,984.32263,0.0012638126,6.1850343,38.254646,-27.618052,22.07365,487.24606,-2.6206288e-05,4.2745843,18.27207,-20.67067,19.693363,387.82855,-0.0032795577,3.7783577,14.275988,-22.159456,16.91172,286.00626,0.002887683,3.2415926,10.507922,-13.427913,15.002677,225.08032,-0.0002682494,2.764086,7.640172,-14.2363825,13.0823555,171.14803,-0.003268313,2.5132108,6.316228,-8.015326,11.95517,142.92609,0.00053618813,2.2501216,5.0630474,-17.45387,10.5425205,111.14474,0.0028724512,1.992799,3.971248,-2.9221754,9.3242,86.940704,-0.0018112303,1.7740966,3.1474187,-11.62599,8.573186,73.49952,0.0022360357,1.6018074,2.5657868,2800.3814978315486,1210.8539730850748,1466167.344135911,1693.9044581034939,353.8818247760773,125232.34590684628,4544.725689269747,1528.6230962163884,2336688.5702861776,23.663935685342896,9.183440374904256,84.33557711942163,0.057845563,0.075449586,0.0056926403,254.55340084265848,42.69862322828437,70.10083450255941,541.703541871763,471.60270736920364,244.1052838549259,1.9218745578868972,0.503576751042686,0.9827457672214115,211,0.8627135622620206,0.15484360189573507,0.18584146837833787,1.3120000000000003,32.6720000000001,-1.4174368e-05,-1.0648772e-06,1272,901.05176,74030.73,0.01097277442982282,0.08613606248684157,4.691468319026715,854,1
386,phase3,190.0428124999998,31.168000000000205,6.097369301932407,0.14089727191793666,0.019589681,0.017202515,0.0002676522,0.13407567,0.13380802,0.015036532,0.00029592653,0.27244525712425866,0.16731170527791253,0.027993206723003063,-335.95883,86.75927,7527.1704,-0.018047972,16.46639,271.14203,17.605995,55.705383,3103.0896,-0.016810266,10.896133,118.725716,-37.222782,43.216316,1867.6499,0.007976036,8.672346,75.209595,-8.600237,32.954956,1086.0292,-0.0015653436,6.3596177,40.44474,-26.013063,21.106018,445.464,0.0025805323,4.1458125,17.187763,-19.597729,19.215279,369.2269,-0.0012196491,3.7242093,13.869736,-21.47381,17.064568,291.1995,0.00048490317,3.1329286,9.815242,-11.581794,15.053304,226.60196,0.004037023,2.8077812,7.883635,-15.8358345,13.234054,175.14017,-0.004160519,2.4886742,6.1934986,-7.042578,12.627559,159.45525,6.418161e-05,2.271063,5.1577272,-18.210316,10.320551,106.51376,0.0008552668,1.9543623,3.8195317,-3.614527,9.55901,91.37467,1.965165e-05,1.8346779,3.366043,-11.969198,8.63091,74.49261,-0.00094926805,1.5681194,2.4589984,2760.683720142728,1234.1588054208264,1523147.9569977613,1708.8108706927974,345.0482148420216,119058.2705656659,4500.459957688413,1558.0635322938865,2427561.970664103,23.329179936251393,9.128334739162987,83.32649511020982,0.058839396,0.07846526,0.0061567966,254.70735576554523,39.578867848701236,128.565497341737,535.48154601506,406.91604867332296,244.1052838549259,1.91901724756082,0.5022421523937158,0.8995943631824055,199,0.9549890027387478,0.1574141414141409,0.16330655377874817,1.0239999999999974,31.1679999999999,-1.4211475e-05,-1.0618642e-06,1041,988.702,69306.6,0.012401593487739183,0.08251705669719764,3.551831248550906,675,1
388,phase1,33.76,17.37675,1.9428257906210427,0.3398094325509541,0.020034852,0.022155683,0.0004376082,0.27736512,0.2769275,0.014647589,0.00049087434,0.31906935242729834,0.14113547161418305,0.019919221347757872,-292.5756,96.899284,9389.471,0.13806836,16.577332,274.8079,24.421589,56.01623,3137.818,0.04832702,10.990787,120.797386,-20.550379,29.408276,864.8466,-0.02213449,5.3972554,29.130365,3.8024833,26.312496,692.3474,0.00064850686,4.7623577,22.68005,-12.500895,18.468512,341.0859,0.008970254,3.3139138,10.982025,-12.058897,17.490505,305.91776,-0.016956031,3.1103935,9.674547,-18.505655,13.696984,187.60738,-0.020980798,2.600594,6.763089,-9.449522,15.568858,242.38936,-0.012446354,2.7855453,7.7592635,-15.553168,11.325773,128.27315,-0.0042721103,2.0486703,4.1970496,-1.8818412,11.793497,139.08656,0.0061332365,2.153041,4.6355853,-18.039957,9.528043,90.78361,-0.0016803491,1.8420898,3.3932946,-3.4828653,8.764323,76.813354,-0.012520052,1.6051599,2.5765383,-10.36262,8.075679,65.21658,-0.0077046705,1.3819884,1.9098918,2940.8131858006614,1051.4404484450065,1105527.0166262363,1861.8392960108754,280.35803907099677,78600.63007173456,5032.276031894934,1302.3752470465183,1696181.2841194794,21.061268178372753,9.69885063502033,94.06770364043425,0.10565458,0.09523328,0.009069378,315.3827734108396,449.204489762455,89.86534992826049,1437.8455988521675,1347.980248923907,131.5705733911144,1.9601146428360143,0.11694809248471037,1.3102123228402274,67,0.5038805894943196,0.2583880597014927,0.28862623432566137,1.5680000000000014,17.312000000000012,-8.562669e-06,-6.6861317e-06,297,226.62465,11547.424,0.017800347101588464,0.1259375855661508,3.8803317535545028,131,1
388,phase2,42.62481249999998,8.512000000000015,5.007613662169438,0.16645542778013422,0.02413741,0.022114797,0.00063166796,0.18363038,0.1829987,0.018473733,0.0004890642,0.30330144084193245,0.143627309191321,0.02062880394553932,-270.28604,94.321106,8896.471,0.00048400613,18.61208,346.4095,31.179293,54.49545,2969.754,-0.011527905,9.918456,98.37576,-24.96138,34.142403,1165.7036,0.017747305,6.1959352,38.389614,2.5706978,26.34861,694.2492,-0.02810775,5.0082917,25.082987,-13.192838,18.089737,327.23862,-0.006779168,3.5388901,12.523743,-14.510417,18.814568,353.98798,0.0331283,3.2952056,10.85838,-21.996412,15.316674,234.60051,0.0035792047,2.885977,8.328863,-10.201899,14.450249,208.8097,-0.00629596,2.5440567,6.4722238,-17.014566,12.052467,145.26196,-0.007962946,2.101861,4.41782,-4.395204,12.270831,150.5733,0.0072557908,2.3847384,5.686978,-17.527182,10.006923,100.138504,0.012148641,1.8927832,3.582628,-4.426442,8.814814,77.70094,0.008614607,1.6834558,2.8340235,-16.24196,9.289334,86.291725,-0.010275714,1.671442,2.7937183,2833.5959635614145,1060.1739587371262,1123968.8227843498,1847.6148327628375,291.178418111644,84784.87117399937,4908.316721388368,1366.4086120507811,1867072.495086542,21.49024905372544,9.977746556721595,99.55542635016963,0.09343935,0.0901579,0.008128446,124.64985692348183,21.03618845584666,68.10519982075922,183.93170582347207,115.82650600271285,118.92149793393503,0.6250727704535162,0.05628517820119751,0.9973245790398062,51,0.8357806208670464,0.1702400000000006,0.15325828656226065,0.6400000000000006,8.51200000000003,-7.905705e-06,-7.3259434e-06,284,199.05186,10252.625,0.022865336895817,0.14747260470172913,3.1437088432940334,134,1
388,phase3,39.04,13.646437499999998,2.8608196929916923,0.25901234069963447,0.019139066,0.018657897,0.0006226661,0.19001274,0.18939008,0.014106743,0.00034811712,0.3292047330373406,0.15216271698508652,0.023153492440283533,-293.3681,97.311,9469.43,-0.112024166,17.65539,311.7128,23.935032,54.74865,2997.4148,-0.015106709,10.290692,105.89835,-20.59554,29.256165,855.9232,0.021841764,5.337098,28.484617,3.2086606,24.41535,596.1093,0.01345894,4.3513045,18.93385,-12.8302355,18.44775,340.3195,0.016967375,3.3838477,11.450426,-13.078945,17.021091,289.71753,0.008550486,3.1156373,9.707195,-20.071774,13.282667,176.42924,-0.0064692437,2.5081208,6.2906694,-9.254053,15.323493,234.80943,0.022826608,2.7818213,7.738529,-16.347633,12.112726,146.71814,0.022918118,2.10644,4.43709,-4.3345065,11.776905,138.6955,0.011050769,2.1831474,4.7661324,-18.424568,9.40756,88.50219,-0.018755857,1.6922708,2.8637805,-3.146878,9.424865,88.82808,-0.008058949,1.7009321,2.89317,-14.084534,8.214038,67.47041,0.0014762537,1.5971142,2.5507736,2983.0332810391455,1068.1127233062653,1140864.7896887262,1889.3368364254954,264.4349406609385,69925.83784235406,5132.65122191864,1311.4550218196441,1719914.2742559635,20.943307369078795,9.778860731197026,95.62611720014725,0.11112988,0.09406241,0.008847738,126.7728198620506,30.175680529516107,65.40639132514966,181.8190699939266,116.41267866877695,118.57804013471404,-0.12035258322122365,0.028536733437439746,1.157793217656821,61,0.6399999895081969,0.22666666666666666,0.17461678677098116,0.9280000000000008,13.6,-8.385578e-06,-6.9156977e-06,272,144.73306,5983.0376,0.028077375826669103,0.15338513985807875,4.354508196721311,170,1
389,phase1,58.459437499999986,15.84000000000001,3.6906208212991873,0.21319138519722994,0.015163787,0.0145557765,0.000530158,0.102907605,0.102377445,0.011335112,0.00021187062,0.3099277966192937,0.16447668048480765,0.027052578423301506,-329.4011,107.98464,11660.684,0.05494697,18.92775,358.2597,27.908756,57.645634,3323.019,-0.009337293,10.940899,119.70326,-14.698462,27.888803,777.78534,-0.005556638,5.150098,26.52351,6.0375943,22.75241,517.6722,0.040576477,4.101521,16.822475,-12.290877,16.15364,260.94012,0.006020887,2.9552891,8.733734,-9.2407675,17.300938,299.32245,-0.022034762,3.241024,10.504236,-21.078644,12.273303,150.63396,-0.006667967,2.1308868,4.5406785,-5.769169,14.42521,208.08667,0.0012614515,2.6376805,6.9573584,-17.851849,10.6396885,113.20298,0.0031972167,1.9303381,3.7262053,-0.34092513,10.736083,115.26349,-0.0034590804,1.9603362,3.8429182,-14.794347,10.464444,109.5046,-0.0004134254,1.8729135,3.5078049,1.0150664,8.2527685,68.108185,-0.0039992305,1.4471455,2.09423,-14.701372,8.590231,73.79207,-0.010161376,1.5485027,2.3978605,2908.54900706158,1071.078699980606,1147209.5815521448,1882.7024062706105,284.79604835933236,81108.78916109118,5026.267091946598,1361.8032243851903,1854508.0219459007,20.87701310510656,9.196928263718622,84.58348948798641,0.11665886,0.116152234,0.013491341,197.09843784575156,276.49411701913937,73.84148765291448,1396.9129257320158,1323.0714380791012,133.87038650376502,4.021011871098012,0.22437553823239642,0.8882974383217909,66,0.8857490396098628,0.23999999999999994,0.1579750651594134,0.8319999999999936,15.839999999999996,-9.453375e-06,-5.8712253e-06,338,523.3215,72935.03,0.019625905164365427,0.12482730721052379,2.1895523712488685,128,1
389,phase2,58.61949999999998,15.680000000000014,3.738488281984161,0.21103775933889213,0.01216674,0.011640763,0.00053588947,0.06831978,0.06778389,0.008994503,0.00013550736,0.3027812685050603,0.1631902782727633,0.026631066922741926,-348.06586,102.66589,10540.285,-0.03958702,16.92273,286.37878,25.208841,54.087757,2925.4856,0.0714672,10.519113,110.651726,-12.505536,24.867142,618.37476,-0.02147666,4.9021745,24.031313,8.946591,21.52273,463.22794,-0.021580787,3.873003,15.000152,-9.728581,16.062855,258.01532,0.00224475,2.9630136,8.77945,-9.26123,17.997572,323.91263,-0.012331254,3.367336,11.338952,-22.245283,12.924214,167.03531,-0.0019667947,2.3762777,5.6466956,-5.12087,12.811745,164.1408,0.0053364215,2.2830167,5.2121654,-17.454988,10.85211,117.76828,-0.007186293,1.9423732,3.7728133,-1.4228005,10.4737835,109.700134,-0.009532787,1.9172766,3.6759496,-14.4677725,10.391319,107.979515,0.0059085307,1.770373,3.1342206,0.7709936,8.126061,66.032875,0.0107737295,1.5143261,2.2931836,-16.22699,8.136609,66.20441,-0.004776544,1.4809979,2.1933548,2947.2290811583166,1029.0145176424062,1058870.8775188338,1921.4791647507877,268.24767071835595,71956.81284582352,5129.797857450474,1305.7091017381513,1704876.2583618502,20.881226801215,9.052674733462895,81.95091982987752,0.12365557,0.12010482,0.014425168,138.21396488371536,18.228110842697284,70.10083450255941,213.73702705379327,143.63619255123388,135.4258854679408,0.21365360312818693,0.28165374664872794,0.8210014872240056,61,0.9609753940823703,0.261333333333333,0.28310908773042837,1.216000000000001,15.679999999999978,-1.0091708e-05,-5.129522e-06,329,645.61707,50961.41,0.015422128949719916,0.11586821130648753,3.735958170915823,219,1
389,phase3,59.71199999999999,16.839000000000013,3.5460535930842894,0.21997099972567324,0.011109902,0.010814259,0.0005260774,0.072977476,0.0724514,0.00828528,0.0001169482,0.28125040809130797,0.16553726133517405,0.027402584890349704,-353.88748,101.056206,10212.356,-0.11196987,16.33537,266.8443,31.724497,54.16505,2933.8525,-0.028080413,10.468967,109.59929,-10.593343,24.057823,578.7789,0.010370608,4.4453397,19.761044,9.066737,21.317215,454.42365,0.004653207,3.9948053,15.958469,-9.577997,15.877559,252.09688,0.010641525,3.0570202,9.345372,-7.571987,15.690024,246.17686,0.0027742183,2.9259326,8.561082,-19.971668,11.4093,130.17212,-0.0004971142,2.044283,4.1790924,-3.179333,12.815886,164.24692,0.0033397474,2.3543112,5.542782,-17.96585,10.961361,120.15143,-0.00040181054,2.0729449,4.2971,-0.1835101,10.198605,104.01153,6.2106396e-06,1.8477732,3.4142656,-13.8969,9.22458,85.09287,-4.47129e-05,1.7138649,2.937333,0.34887266,8.35055,69.73168,-0.0077842437,1.5284003,2.3360074,-16.059504,7.6302824,58.22121,0.008227392,1.3836766,1.9145612,2836.9309899683667,1014.8253803298668,1029870.5525616587,1934.0827268209725,278.5614422436504,77596.47710486258,5056.143569786878,1319.5522738644572,1741218.2034608594,20.73298534030026,9.00697321907835,81.12556656919462,0.119629465,0.12287609,0.015098534,135.80806691868145,26.82877955396715,65.40639132514966,206.4563592676515,141.04996794250184,138.59131548843604,-1.0260506488681342,0.31884663588848866,0.809917571292341,62,0.9630967586597295,0.27383606557377005,0.19099405023158345,1.056,16.703999999999972,-9.610368e-06,-5.6223817e-06,268,664.37787,97310.3,0.016494562493326273,0.11609107060906235,3.332663451232584,199,1
390,phase1,151.79006249999992,57.024000000000086,2.661862721628384,0.2730850562327434,0.029570498,0.031984847,0.0006880805,0.2814142,0.28072613,0.021325877,0.0010230304,0.2668388196014021,0.14048500693173263,0.019736037172608967,-267.45395,103.559235,10724.515,0.055821117,17.824759,317.72205,36.43208,47.063393,2214.963,0.0076898932,9.156564,83.84267,-21.8404,25.039549,626.979,-0.0067345565,4.499668,20.247011,-6.1457415,27.989277,783.39966,0.0031010287,5.1779494,26.81116,-8.86051,19.708382,388.4203,0.0041445717,3.5493712,12.598036,-0.4952869,13.0923395,171.40936,-0.0013967213,2.246498,5.046754,-25.395273,15.833827,250.71008,-0.006841999,2.5744438,6.6277614,-11.127878,14.598015,213.10204,-0.00078776566,2.6847413,7.2078357,-9.694231,12.772961,163.14851,0.0032043457,2.31893,5.377436,-8.139663,13.741017,188.81555,-0.004617752,2.514619,6.323309,-19.27921,12.266183,150.45924,-0.0059375716,2.1239884,4.511327,4.522725,11.471493,131.59514,0.0033258495,2.0290437,4.1170187,-24.878876,13.628209,185.72807,0.001128166,2.3983731,5.752194,2693.3416462227624,884.5638604926941,782453.2232897384,1927.1263777737374,251.6126512682624,63308.92627824423,4959.953455409132,1165.4776188584592,1358338.0800599838,22.628886659791025,9.904931309957302,98.10766425497249,0.090401486,0.102080554,0.010420439,155.8785553482234,145.2679998116435,65.40639132514966,1488.5511143913498,1423.1447230662002,139.3941668115768,8.015404625176787,0.3308305240069214,0.9099004048158873,190,0.7988950615847624,0.3001263157894732,0.2361654746417063,1.3760000000000048,57.0239999999999,-1.01545365e-05,-4.9900877e-06,901,935.15546,116965.62,0.015513545194390289,0.09215069507643923,2.9250926752863036,444,0
390,phase2,154.03012499999986,54.784000000000134,2.8115895551330667,0.262357730828794,0.02319757,0.024216067,0.0009021953,0.24516882,0.24426663,0.016314473,0.0005864179,0.2734513418681045,0.13034707006743687,0.016990358675165296,-279.54456,93.654335,8771.134,-0.012066864,16.648624,277.17667,37.340595,48.356476,2338.3489,0.00029479904,9.78577,95.7613,-17.195183,22.771051,518.5208,0.0025155675,4.2347064,17.932737,-5.877753,28.734116,825.6494,-0.0020042032,5.3668714,28.803307,-8.480084,20.514824,420.85803,0.0005891337,3.8297935,14.667317,1.1870432,12.873309,165.72208,0.00086049933,2.260232,5.1086483,-25.535713,14.995163,224.85492,0.0031362493,2.529812,6.3999496,-11.995935,15.079734,227.39836,-0.0023243902,2.8822033,8.3070965,-9.047917,12.360349,152.77823,0.0016945218,2.2803433,5.199966,-7.9132237,13.1303215,172.40533,0.00047905548,2.438047,5.9440727,-18.609377,11.60232,134.61382,-0.0032681345,2.097041,4.39758,3.212725,10.996991,120.93382,-0.002216411,2.0047102,4.018863,-22.081247,12.307684,151.47908,-0.0017791886,2.1790204,4.74813,2725.883683354984,852.6366241843085,726989.2129004137,1972.3286620829542,252.90182909677733,63959.335160495575,5116.696674839105,1090.1471566635641,1188420.8231816534,22.35089537334127,9.849006323545636,97.00292556124192,0.09124282,0.096544236,0.00932079,131.34381820539573,22.74058509479049,65.40639132514966,227.75828324510303,162.35189191995337,130.8127826502993,-0.7392527559505588,0.22816426597790923,1.0104680418530116,211,0.7300005889573425,0.26087619047619065,0.21022254399691442,1.1839999999999975,54.784000000000034,-9.7447755e-06,-5.6571885e-06,981,474.59705,29827.05,0.019530180829348757,0.11067632577239071,3.49282323831134,538,0
390,phase3,146.20799999999983,68.93381250000016,2.1209910285900473,0.32041104283250454,0.018371927,0.021165125,0.000873822,0.18119131,0.18031749,0.010837817,0.00044796255,0.286582025440586,0.14036757564173494,0.019703056291538183,-307.4137,98.52678,9707.526,-0.028141294,16.826784,283.1407,33.35939,48.42745,2345.2178,-0.011741664,9.158771,83.88308,-15.602743,22.472347,505.0064,0.0024368768,4.070868,16.571966,-4.620778,26.044949,678.33936,-0.0022601935,4.833744,23.365082,-6.720318,19.141365,366.39185,-0.008081614,3.459625,11.969005,1.3648512,12.298174,151.24507,-0.0014357164,2.1224334,4.504724,-24.551332,14.454355,208.92839,0.0021176243,2.3938782,5.7306533,-8.272476,13.820529,191.00703,0.00091182545,2.6086671,6.8051443,-11.476997,11.40435,130.0592,-0.0006552909,2.0466514,4.188782,-8.074193,11.780675,138.7843,0.0011598322,2.1402507,4.580673,-16.959362,11.323421,128.21985,0.0018516023,1.9758283,3.9038973,-1.2194273,9.828188,96.593285,0.0014027022,1.7894311,3.2020636,-21.624317,12.386766,153.43198,0.000916677,2.2418747,5.0260024,2814.4680698844218,878.2322819903247,771291.9411299332,1995.2345682897082,251.0680449880792,63035.16321413617,5233.359514425937,1073.6338020047585,1152689.540807193,21.635647976125856,9.634255515292862,92.81887933395095,0.107773215,0.10692322,0.011432576,120.53013798335091,34.43043832908447,65.40639132514966,231.73942791006385,166.3330365849142,129.31026969119696,-0.4277945314101494,0.2070196311411333,0.9853965509377681,212,0.6896603741053748,0.32561137440758325,0.2432314456930703,1.3760000000000048,68.70400000000006,-1.0154982e-05,-5.0815183e-06,865,418.0639,29063.588,0.019717525651579,0.10881919577215668,2.428047712847453,355,0
391,phase1,63.221562500000005,6.975999999999999,9.062722683095947,0.09937666995203713,0.036484078,0.03199617,0.0004976572,0.22943974,0.22894208,0.028902683,0.0010237547,0.27221768708694166,0.160593317125687,0.02579021350543147,-265.9086,94.2981,8892.133,0.13058913,17.190979,295.52975,-1.35334,45.79127,2096.8406,0.02280939,9.007744,81.13944,-27.886702,38.52539,1484.2058,-0.032330666,7.0845084,50.19026,0.7056267,24.013754,576.66034,-0.0055576116,4.4276023,19.60366,-18.364098,18.163336,329.90674,-0.010025513,3.4160311,11.669269,-17.931204,17.433435,303.92468,-0.0009828436,3.3781376,11.411814,-25.70154,14.071347,198.00282,0.0014993012,2.5835962,6.674969,-7.2603455,13.170802,173.47003,0.0047509307,2.3310554,5.4338193,-28.050692,14.944922,223.35071,0.0020795316,2.742865,7.523309,-5.2563834,10.077157,101.5491,0.0047660973,1.7107342,2.9266117,-26.035093,11.325909,128.27621,-0.015980963,2.0570898,4.231619,-8.343506,10.261499,105.29837,-0.002843747,1.8006015,3.2421658,-14.657679,9.628613,92.710205,-0.0007754894,1.6472546,2.7134476,3015.7191679007424,987.7882676400999,975725.6616874295,1923.7097477455404,271.25039952168873,73576.77924067577,5287.972880583409,1079.909434490957,1166204.3867025783,24.545031639340248,10.172262445357736,103.47492325723536,0.06425899,0.0789931,0.0062399097,289.68608445477673,164.49816780339583,109.99999999999999,1446.174953670991,1336.174953670991,254.17759331190004,5.9943131791319235,0.6075660890576271,0.6552934085140064,46,1.3743817636003965,0.15165217391304295,0.10431999628886487,0.44799999999999685,6.975999999999976,-1.2021114e-05,-3.0443066e-06,378,4461.2407,274140.16,0.010388066864571666,0.05512657420269347,3.052755932756328,193,0
391,phase2,63.541624999999975,6.656000000000027,9.546516744814149,0.09481802268951445,0.03814285,0.031335857,0.0006795316,0.19982316,0.19914362,0.030443823,0.0009819359,0.2708892683170009,0.14942406068066239,0.022327549910298273,-263.3456,93.25882,8697.208,-0.020872517,17.04585,290.561,-0.35921922,43.75267,1914.2963,-0.015984701,8.038475,64.61708,-30.237965,39.22779,1538.8197,-0.0017656502,7.2377553,52.385105,3.1132452,23.841856,568.4341,0.029124893,4.2719946,18.249939,-19.71837,17.980936,323.31406,0.0017028938,3.19602,10.214542,-16.486761,19.458622,378.63797,-0.009489496,3.487072,12.159672,-23.343988,13.775587,189.7668,-0.014670287,2.4803183,6.1519794,-7.7992625,13.374115,178.86694,0.0044696787,2.3553677,5.547757,-24.375328,15.457581,238.9368,-0.013079336,2.8331358,8.026658,-5.80945,10.107497,102.16151,-0.019975146,1.7182053,2.9522297,-24.576717,11.14392,124.18696,0.006980255,1.9597214,3.8405082,-8.491949,10.705693,114.61187,0.0035218606,1.9430251,3.7753465,-16.868628,9.62885,92.71476,-0.0070349555,1.7005455,2.8918552,2940.1269872417765,905.5457573833222,820013.1187149346,1899.414737472076,265.50832134839055,70494.66870524023,5176.949208067456,1069.95398298348,1144801.5257022132,24.686005678048325,9.852836265279567,97.0783824704082,0.06558777,0.0848086,0.007192499,287.33882547542356,62.75716620517711,194.86885420251932,601.057712971934,406.18885876941476,266.19869962824436,1.671961735184189,0.6157702823082177,0.6552928250777715,46,1.3813396438839203,0.1479111111111107,0.12893681867440587,0.4480000000000004,6.655999999999981,-1.1554213e-05,-3.864343e-06,392,4506.5312,256048.28,0.009587037640187238,0.05628669381871726,3.3206579151855196,211,0
391,phase3,63.615999999999985,8.708812500000008,7.304783826177921,0.12041251403175098,0.038479112,0.03195536,0.000705427,0.26575288,0.26504746,0.031091332,0.001021145,0.26847780641862007,0.14142184726007684,0.020000138882452504,-255.17735,94.498436,8929.954,0.0020071212,18.585117,345.40662,5.2451916,45.108303,2034.7589,-0.020913575,8.664204,75.06842,-31.479725,39.1059,1529.2715,-0.014047524,7.7569656,60.170513,2.1877234,23.461733,550.4529,-0.006611557,4.3869004,19.244894,-21.63231,16.831121,283.28662,0.0005888241,3.2521467,10.576458,-7.9335628,18.001137,324.04095,0.0009039854,3.4787283,12.10155,-23.086023,14.24049,202.79155,0.009929919,2.7597277,7.6160975,-7.0872383,12.6485195,159.98505,0.003962592,2.3391812,5.471769,-19.306349,14.224858,202.3466,0.014630139,2.5237362,6.369244,-8.737241,10.525101,110.77774,0.00077693415,1.8437126,3.399276,-23.164164,10.783004,116.27316,8.018583e-05,2.0131183,4.0526447,-11.831674,12.566996,157.92938,0.013885949,2.1900542,4.796337,-16.178457,9.571989,91.62297,0.004526795,1.67904,2.8191752,2883.2188526588084,886.6901329445072,786219.391861148,1859.388538393124,259.4679747798568,67323.6299363604,5040.230401371075,1021.3300119762833,1043114.9933634751,23.70069050282282,9.264350315069036,85.82818676031974,0.0690821,0.08207657,0.0067365635,330.70783100187975,116.153389405512,145.14587018501834,1396.9129257320158,1251.7670555469974,309.33502415691686,5.972528856963264,0.528084917944235,0.8848968671712769,64,0.99399998446875,0.13815873015872984,0.14148926779079313,0.8960000000000008,8.70399999999998,-9.97063e-06,-5.3107174e-06,362,4723.2407,409992.22,0.010269770036999136,0.05862632459669585,2.467932595573441,157,0
392,phase1,64.539875,6.8160000000000025,9.468876985199968,0.09552121671831511,0.03367812,0.029610433,0.0005735945,0.2048697,0.20429611,0.024985015,0.00087677775,0.28731585447029145,0.12334544653936565,0.015214099181995509,-276.10437,92.9719,8643.774,0.2051627,18.043818,325.57935,4.899354,46.376408,2150.7712,0.024584906,9.085263,82.542,-51.61002,42.08114,1770.8221,-0.051600635,8.45855,71.54708,4.115768,27.926556,779.8925,0.01030344,5.3074913,28.169464,-31.864708,20.809332,433.0283,-0.01653797,4.145637,17.186306,-14.214283,17.158455,294.41257,-0.0138616515,3.2737145,10.717207,-34.470013,17.094278,292.21436,-0.02186577,3.1032016,9.62986,-4.5979223,14.298683,204.45235,-0.00039789602,2.64611,7.001898,-22.885492,15.147933,229.45987,0.009028689,2.7332935,7.4708934,-12.212144,12.2890835,151.02158,0.0071609933,2.1718986,4.7171435,-11.486325,11.498044,132.20502,-0.0061116465,2.1770003,4.7393303,-9.749233,11.45881,131.30432,-0.023507852,2.241896,5.0260973,-6.7740655,8.609391,74.12161,-0.010393621,1.5329437,2.3499165,2788.3271461003173,908.5104145656137,825391.1733741834,1650.7006345408104,282.7789143200864,79963.91438404679,4631.207959641256,1074.2032132415218,1153912.54333841,24.047130150518452,9.368765324607379,87.77376370756559,0.060004592,0.08114203,0.0065840287,281.3683630440156,168.0022455660649,173.60841241450115,1429.5642175869746,1255.9558051724734,249.81097439559304,6.158226830137508,0.578475336063464,0.9249413590681916,66,0.9778768791230775,0.10486153846153826,0.08759203984259652,0.41600000000000037,6.8159999999999865,-1.36673925e-05,-1.7078067e-06,453,1895.1692,73768.055,0.010685567165076668,0.07931818724408707,3.176330911703811,205,0
392,phase2,58.77987499999997,12.576000000000029,4.673971877069653,0.17624337169153947,0.03443367,0.034120698,0.00058770523,0.2886157,0.288028,0.02388083,0.001164222,0.2866033579736547,0.1327881449077275,0.017632691428035634,-285.3196,92.7949,8610.894,-0.122298606,18.40358,338.69177,1.2792686,49.16887,2417.5776,0.018474612,9.559636,91.38664,-46.33516,45.241837,2046.8237,0.02806749,9.1359825,83.46617,8.228677,27.208456,740.3001,0.033441894,5.196577,27.004412,-31.018297,21.069,443.90277,0.014618303,4.146678,17.194937,-17.073631,17.281351,298.64508,-0.016216135,3.4882913,12.168176,-30.97027,16.242025,263.8034,0.0005480428,2.9929802,8.957931,-7.29746,13.997551,195.93144,0.0023896052,2.798173,7.8297725,-19.802368,15.741246,247.78683,-0.0217007,3.0191436,9.115229,-13.847043,11.2987385,127.66149,-0.010843874,2.2168045,4.9142227,-9.552107,10.530627,110.894104,0.017187428,2.006789,4.027202,-8.655804,11.948015,142.75507,0.0027230566,2.2136948,4.9004445,-4.3942738,8.4865,72.02068,-0.005809683,1.6145205,2.6066766,2834.661116737816,956.4539699084529,914804.1965536398,1649.1367864017245,302.71462424543415,91636.14373205438,4625.5114910313905,1106.029058737022,1223300.278770703,24.264247408414228,9.327257734667326,86.99773684891144,0.059738517,0.08447142,0.00713542,256.1552891000374,36.53963327651247,125.62905732418486,401.1578949656154,275.5288376414305,245.51937137864914,1.0579740715018664,0.607174887620101,1.2612836714566251,90,0.6531097149654472,0.14130337078651675,0.12228208358613278,0.7360000000000007,12.57599999999999,-1.386259e-05,-1.291845e-06,374,1717.0519,154299.23,0.008506637896786545,0.062045604553397894,3.657714481359481,215,0
392,phase3,64.25599999999999,9.262250000000009,6.937406468470778,0.12598572463299942,0.035191413,0.03500507,0.0005724219,0.20644344,0.20587102,0.022935769,0.0012253548,0.30165475923357266,0.14206744774725083,0.020183159709417843,-279.04828,96.14876,9244.583,0.016709037,18.625364,346.9042,1.9671007,49.69323,2469.4172,-0.014261628,9.596136,92.08582,-45.389454,44.3914,1970.5962,0.0065842755,8.786448,77.20165,6.7865057,26.96537,727.1312,-0.0016212771,5.511218,30.373524,-32.119152,21.100962,445.2506,-0.019301217,4.1322865,17.07579,-17.52691,17.34078,300.70264,0.011213757,3.3960352,11.533055,-30.543434,14.759221,217.83461,0.008267463,2.7135875,7.363557,-5.9915466,14.504357,210.37637,0.013551086,2.7922478,7.796647,-19.766499,17.142023,293.84894,-0.00527588,3.0826461,9.502707,-11.995261,11.771713,138.57324,0.018596891,2.1743538,4.7278147,-8.562204,11.483653,131.8743,-0.0071327984,2.2082038,4.8761635,-8.989103,11.943935,142.6576,-0.012581408,2.2345247,4.993101,-3.7773812,8.252828,68.10917,-0.0038291635,1.5172167,2.3019464,2898.018338924335,987.2777353699328,974717.3267571831,1657.782880227169,301.06933893715586,90642.74684805602,4702.645642950391,1126.6578339465577,1269357.874793149,23.76219366526688,9.457695794149924,89.44800973468116,0.06583519,0.08653186,0.0074877627,256.23189057544266,37.10964897273642,202.90956258890662,410.5345162761952,207.62495368728855,244.1052838549259,1.642605334447515,0.49042645757596764,1.0065527947142376,74,0.8683243125902118,0.12668493150684923,0.11078015705711007,0.5439999999999969,9.247999999999994,-1.3477184e-05,-1.7625301e-06,384,1276.3728,90677.32,0.010622278306849593,0.06732297468154672,3.875124501992033,249,0
393,phase1,67.09949999999999,0.8640000000000043,77.66136844748982,0.012712706084883863,0.030158041,0.021858325,0.001791849,0.15709752,0.15530567,0.024290029,0.0004777864,0.2829805938088512,0.13102527734552363,0.01716762330347139,-237.26706,57.24667,3277.1812,0.04974421,10.047555,100.95336,16.993006,51.88584,2692.1404,0.036838986,10.679437,114.05038,-11.268989,22.216064,493.55356,0.006670626,4.183826,17.5044,-2.0297225,22.169708,491.49597,0.0067183822,4.267538,18.21188,-17.726126,19.176334,367.73178,-0.003611816,3.7265635,13.887275,-0.35657668,11.564702,133.74234,-0.002864033,2.0532203,4.2157135,-39.564972,18.01101,324.39642,-0.006286014,3.390645,11.496474,-5.863369,12.023246,144.55844,-0.011970555,2.1791317,4.748615,-26.27211,11.082295,122.81727,-0.0027767755,2.0594993,4.241537,-11.209725,11.473119,131.63245,0.0033947653,2.2579167,5.098188,-10.510397,13.184959,173.84315,-0.0029815398,2.471176,6.10671,-4.5224657,9.173505,84.1532,-0.002496407,1.6511719,2.726369,-17.421997,8.170754,66.76122,-0.005903631,1.4461924,2.0914724,3014.9246795485483,930.4207031691559,865682.6848857866,1966.0478428514448,230.38191917492418,53075.828682721294,5390.345456685499,791.5096853161406,626487.5819492559,23.420907836034903,9.895213086287987,97.91524202304502,0.07513949,0.06571451,0.0043183966,177.3036482567717,213.07558791077741,104.42763330455712,1446.174953670991,1341.747320366434,136.21039964151845,5.469832485929878,0.42467043294507045,0.16185158209921502,11,6.099953990913273,0.0785454545454546,0.06452675785547271,0.2560000000000002,0.8640000000000007,-9.3134695e-06,-5.953178e-06,461,958.7453,51119.4,0.012989324645496866,0.11142392571443581,2.995551382648157,201,0
393,phase2,58.683562499999994,9.280000000000001,6.323659070726392,0.13654375460379967,0.023298372,0.021993916,0.0,0.15174456,0.15174456,0.017404001,0.00048373238,0.2626481855431968,0.14713973585074083,0.021650101866225787,-288.03513,122.51655,15010.305,-0.024296476,10.965297,120.23773,16.25902,47.859047,2290.4883,-0.041311506,9.596186,92.08678,-10.84084,20.793673,432.3768,0.019033762,3.8234024,14.618406,-1.1808008,21.577126,465.57236,0.020811843,4.1168613,16.94855,-13.869385,18.253916,333.2054,0.018108519,3.3593738,11.285393,-3.4760163,11.456984,131.26248,-0.0023750474,2.1426444,4.5909247,-35.965717,20.455414,418.42395,0.015016421,3.2560627,10.601945,-1.7841755,11.511421,132.51282,0.0074259345,2.0421033,4.1701856,-23.700943,12.744252,162.41597,-0.0007091063,1.8889089,3.5679765,-9.347954,10.772899,116.05535,0.010781229,1.9676976,3.871834,-9.284347,11.897996,141.56232,-0.012640147,2.0994492,4.407687,-3.2895737,8.252,68.0955,-0.005890339,1.5420545,2.377932,-14.238112,8.408386,70.700966,-0.0037972028,1.3480074,1.817124,2759.072926498996,1170.1388732150465,1369224.9826089789,1830.042646752421,592.2485814570584,350758.38223789795,4994.868908898305,1662.9967650069207,2765558.2404234833,22.615941030885445,9.431011672446315,88.94398116581864,0.16067067,0.26370648,0.06954111,137.66389574057834,12.806029581977768,96.87324609557632,180.77186920887385,83.89862311329753,134.6458897635121,1.0184849487905723,0.39077212787628435,0.3237028665176285,22,2.667434537843884,0.441904761904762,1.2089467239733496,5.791999999999998,9.280000000000003,-8.925042e-06,-4.9004066e-06,272,825.6711,42548.387,0.012031998147044929,0.10687201369771201,5.299610090985871,311,0
393,phase3,64.67906249999999,5.344000000000008,12.103115717979822,0.07631771318199641,0.025735356,0.020765612,0.0019330669,0.17405587,0.1721228,0.020580593,0.00043121068,0.2867462311557789,0.13375722901146742,0.01789099631282614,-256.09286,59.530796,3543.9158,-0.06337801,10.718532,114.88692,18.159082,48.638325,2365.6865,0.030220363,9.45999,89.491394,-8.949724,21.225647,450.52808,0.00438755,3.9922764,15.938271,-2.152754,21.098564,445.14938,-0.013367347,4.015806,16.1267,-19.853083,17.890247,320.06097,0.003063052,3.3789916,11.417583,-5.3350525,11.4313345,130.67542,-0.0009127408,2.0776758,4.316737,-41.203934,18.629618,347.06268,-0.012312895,3.5799508,12.816048,-0.81393784,11.918154,142.04239,0.0085087335,2.1089406,4.4476304,-23.69685,10.441328,109.02133,-0.0062383064,1.9623823,3.8509445,-9.766757,10.926108,119.37985,-0.0051379493,2.0025775,4.0103164,-9.337088,11.940835,142.58354,0.012352038,2.1157324,4.4763236,-2.7706785,9.034762,81.62694,-0.0020937927,1.663136,2.7660213,-16.126205,7.7387824,59.888756,0.0031087657,1.3800682,1.9045882,3019.0985276497536,867.8483873259129,753160.8233841878,2005.9690243785387,215.44397959361515,46416.10834313406,5453.1606898127,726.8367792088848,528291.703610745,23.22268629226656,9.774850537084093,95.54770302233318,0.0831621,0.07797381,0.0060799154,140.8843708074235,22.426275715450135,102.63362906904881,286.9574553484241,184.32382627937528,136.21039964151845,3.8792348172871267,0.4540886247354552,0.6283644049415863,44,1.469978659773212,0.12427906976744202,0.10425512660004053,0.41600000000000015,5.3440000000000065,-9.712435e-06,-5.670383e-06,348,1315.3019,103151.71,0.0117269685946499,0.10614694658984616,2.953042184246255,191,0
395,phase1,137.8195625,4.3840000000000146,31.43693683007817,0.03082904480680654,0.027019354,0.017525945,0.0010203747,0.11924523,0.11822486,0.02367911,0.0003071587,0.3162061689567394,0.1347073079232557,0.018146058807930823,-260.0156,72.592705,5269.701,0.056860436,13.253611,175.65819,2.7259417,45.494736,2069.771,0.0035981329,8.647435,74.77814,-36.45595,36.60071,1339.612,-0.000361146,7.3477054,53.988777,4.0968523,26.48295,701.3466,0.016646065,5.12686,26.284693,-34.83165,19.96244,398.49905,-0.0036542104,4.0669003,16.539679,-9.4273615,16.592588,275.314,-0.0053969976,2.9579673,8.749571,-28.538214,13.534801,183.19083,-0.0119763445,2.58676,6.691327,-9.715579,13.109156,171.84996,-0.0058337795,2.3779283,5.6545424,-20.124788,14.270518,203.6477,-0.0037005474,2.8266745,7.9900885,-17.330107,10.046606,100.934296,0.0013199346,1.8192761,3.3097653,-18.168518,9.350838,87.43817,0.004305445,1.706965,2.9137294,-10.805221,10.415952,108.49206,-0.00616341,1.9955863,3.9823647,-14.349673,7.9720316,63.553288,-0.005512172,1.4789807,2.1873837,3002.098249249079,932.3935699824539,869357.7693446252,1782.870209716403,278.3194832614105,77461.73476289854,4969.488355085508,1024.6593663031365,1049926.8169527454,23.77483917576042,10.11410919562364,102.29520482099868,0.072657496,0.07296117,0.005323332,259.9887718680076,127.6168006638891,106.86851352689665,1454.5525599514124,1347.6840464245158,238.52991146631203,7.890241506796039,0.4507200719057785,0.2742547325423018,39,3.533834845286286,0.1153684210526328,0.10802933837684418,0.4480000000000075,4.3840000000000465,-1.240615e-05,-2.811729e-06,763,1583.6843,90906.0,0.012010488662761663,0.0978812926968274,2.6338786266282046,363,0
395,phase2,127.64799999999995,14.555625000000035,8.76966748115125,0.10235762273992689,0.020037474,0.014662453,0.0010001452,0.15003145,0.1490313,0.017433383,0.00021498754,0.3258778514570207,0.12287893062960137,0.015099231592674385,-283.52344,72.7845,5297.584,-0.009396556,13.359749,178.4829,4.9885063,42.996933,1848.7361,-0.04160085,8.300481,68.89798,-37.02443,34.138443,1165.4332,0.0117659345,7.1341305,50.89582,5.7489014,25.509935,650.75684,-0.0029777722,5.0656943,25.661259,-32.634056,19.904991,396.20865,0.0026210824,3.8460708,14.79226,-4.6543803,15.860403,251.5524,-0.0022143242,3.004277,9.025681,-28.383108,13.974759,195.2939,0.0041610408,2.6442068,6.99183,-7.1647773,13.0551605,170.43723,0.003746228,2.3279555,5.419377,-19.003698,13.846201,191.71729,0.0042129075,2.7237048,7.418568,-16.02704,10.057014,101.14354,0.0019621514,1.8875196,3.5627303,-17.906296,8.964522,80.36266,2.1220756e-05,1.666705,2.7779057,-10.352747,10.964816,120.22719,0.008146499,1.9372594,3.752974,-12.236949,7.9883914,63.8144,-0.0048800604,1.5317185,2.3461616,2990.6748689761075,838.8764479100984,703713.694858264,1777.506246839419,263.5118025602013,69438.47008852652,4957.720381413142,944.4834005498305,892048.8939141716,23.046484155233003,9.852139801040941,97.06465865925503,0.08476034,0.082928464,0.00687713,228.62302951807638,35.864269333354784,104.42763330455712,387.49298438230534,283.06535107774823,222.55627686642293,0.2730614078149624,0.382988298743702,0.6680561061646636,95,1.343663143750914,0.15455319148936256,0.1564639593482177,1.0560000000000116,14.52800000000008,-1.2510475e-05,-2.7711976e-06,704,856.8993,48742.58,0.012633507013037757,0.10014533948746362,2.4833918275256965,317,0
395,phase3,123.92087500000002,22.591999999999985,5.485165966485222,0.1541980525602271,0.018835707,0.0145331435,0.0,0.09976858,0.09976858,0.017214773,0.00021121226,0.2739483878507862,0.15053508334560461,0.022660811317868124,-328.27313,153.8436,23667.852,-0.045974813,13.480162,181.71477,6.5095153,41.207165,1698.0305,-0.00782009,8.283669,68.61919,-32.384335,35.457882,1257.2614,0.01181379,6.8700027,47.196938,6.1416993,24.75998,613.0566,-0.0060652914,4.643739,21.564316,-30.130363,22.272106,496.04672,0.0077204225,3.8884208,15.119817,-5.195519,16.150604,260.842,0.001749701,2.9344492,8.610992,-25.312906,15.768664,248.65077,0.003200553,2.3714476,5.623764,-8.130521,12.368022,152.96797,0.006114221,2.2180896,4.9199214,-15.3463335,14.304589,204.62128,-0.0026555709,2.5975423,6.747226,-14.346077,10.5353365,110.99331,0.0024355904,1.7667884,3.1215413,-16.190536,10.196577,103.97019,0.0007259288,1.522698,2.3186092,-7.708769,9.509181,90.42452,-0.0013395487,1.7247331,2.9747045,-11.2087,8.377069,70.175285,-0.0023907046,1.4081651,1.982929,2573.020905175842,1242.688772701081,1544275.385797319,1547.092256155103,629.5665817493896,396354.08085561084,4274.850199279319,1821.2659097524236,3317009.514026323,22.203920833957152,9.870818549529696,97.43305883773952,0.18231592,0.30945963,0.09576526,228.60297083038878,36.188353529602814,96.87324609557632,447.69106452518196,350.8178184296056,219.99999999999997,2.0042772178267265,0.39113343516245175,0.29348956533683473,43,2.8818807469330068,0.5379047619047631,1.5648129023947657,7.583999999999998,22.59200000000005,-1.0937321e-05,-2.4577503e-06,793,1157.6941,44589.12,0.01145214510556615,0.09800448434430521,4.010623714527515,497,0
397,phase1,119.84299999999992,26.304000000000073,4.55607494844604,0.17998316763258962,0.009775198,0.009860182,0.00029619073,0.09048693,0.09019074,0.006952813,9.7223194e-05,0.272576273635891,0.12499070469754613,0.01562267626078918,-355.58347,85.93614,7385.021,0.027112944,16.07984,258.56125,31.803179,54.211994,2938.9404,0.01563925,10.40733,108.3125,-30.007898,25.270422,638.59424,0.005190087,4.6435485,21.562542,5.107332,24.183382,584.83594,-0.00016006613,4.4630566,19.918873,-17.376074,18.870644,356.1012,-0.0048221895,3.525328,12.427937,-0.017768847,12.90788,166.61336,-0.0012995232,2.362309,5.580504,-28.665207,15.573249,242.52608,0.005102483,2.832178,8.021233,-4.57616,12.34118,152.30472,0.00014090203,2.2465043,5.046782,-26.39893,12.141412,147.41388,-0.0047918395,2.2188203,4.923164,-5.628913,9.990853,99.817154,-0.0029763114,1.8020316,3.247318,-16.426088,13.092823,171.42201,-8.889756e-05,2.2567575,5.092954,-1.3745719,8.523628,72.652245,0.0009007984,1.5295179,2.3394248,-15.640373,8.894493,79.112,-0.002646926,1.5639775,2.4460256,2676.4084091288414,902.9203319228908,815265.1257997433,1778.1062688889406,236.49271180719722,55928.80273792204,4767.561022329247,1039.9487057474219,1081493.310585738,20.939719002408488,8.330599059393027,69.39888068835998,0.08480069,0.079460226,0.0063139275,165.11612273044736,196.2042123784413,65.7852866955572,1437.8455988521675,1372.0603121566103,132.33275396903284,5.991073179253574,0.23620840625301917,1.1084729758393947,162,0.7397716003717798,0.16237037037037,0.14032312309513162,0.8320000000000007,26.30399999999994,-1.192071e-05,-3.3439119e-06,925,227.52243,10531.555,0.014062758401186598,0.12124054618296325,3.471208164014588,416,0
397,phase2,122.14399999999988,24.003062500000127,5.088683784051116,0.1642391033346984,0.008935407,0.008719882,0.00028852312,0.070990615,0.07070209,0.006193483,7.603635e-05,0.261853219748796,0.11851116658817658,0.01404489660609054,-363.0524,87.846725,7717.0474,-0.037713207,15.145588,229.38882,37.13985,52.55541,2762.071,0.012320456,10.12679,102.55187,-30.00145,25.70297,660.6427,-0.0029893816,4.718407,22.263365,6.060251,23.541164,554.1864,0.00020915405,4.462274,19.91189,-15.012603,18.031988,325.1526,0.0033616181,3.2378874,10.483915,-2.8458936,12.604291,158.86815,-0.0016472277,2.4282382,5.8963404,-27.48218,15.1678705,230.0643,0.006206418,2.8610759,8.185756,-5.970456,12.653285,160.10562,-0.000508751,2.2951639,5.2677774,-26.765064,12.3603735,152.77884,0.0007453541,2.293862,5.2618036,-4.2476215,9.370148,87.79967,0.0012051197,1.7255393,2.9774861,-17.580833,12.240184,149.8221,0.0022797205,2.1338398,4.5532727,-0.25261998,8.806576,77.55577,-0.004139811,1.5562152,2.4218056,-16.98796,8.829124,77.953445,0.0021968747,1.612477,2.600082,2593.410599725516,881.2942333227044,776679.5256878532,1779.7431592682942,250.66205821183777,62831.46742699474,4643.807807027145,1138.9950920744566,1297309.8197696998,20.716345313930304,8.346344399015198,69.66146482697238,0.08607571,0.08285813,0.0068654697,132.8423640026083,16.134308873383603,68.49972922973525,210.06515286029162,141.56542363055638,131.5705733911144,0.30697265985673916,0.23117337998441911,0.978466467637692,143,0.8541538401807416,0.16608450704225455,0.1622348972097076,0.7040000000000006,23.584000000000145,-1.1869751e-05,-3.3885758e-06,884,148.77368,12187.353,0.016151673007190826,0.1326141228086387,5.2806523447733875,645,0
397,phase3,118.01599999999986,32.55981250000015,3.624590785816366,0.21623534324279436,0.008651493,0.009251869,0.000311161,0.08510392,0.08479276,0.006085636,8.559708e-05,0.25718508038275606,0.11693117179398625,0.013672898937114725,-362.66934,85.35636,7285.7085,0.0319752,15.197317,230.95845,42.039898,50.277668,2527.844,-0.0028226878,9.62673,92.67393,-29.245716,24.817469,615.90674,0.00028317198,4.603527,21.192463,3.002454,24.376047,594.1917,0.001956142,4.5128193,20.365538,-15.050514,18.42651,339.53625,-0.0040388997,3.26538,10.662706,-1.8196094,12.216906,149.25279,-0.008352042,2.350531,5.5249963,-27.14267,16.086514,258.7759,-0.009017497,2.8978777,8.397696,-4.073824,12.915318,166.80544,0.0006188556,2.1792438,4.7491035,-26.120506,10.859686,117.932785,0.0031453941,2.0159018,4.0638604,-4.8519645,9.6448765,93.02364,-0.0051687034,1.7512369,3.0668306,-14.586686,12.593476,158.59564,-0.007449901,2.085252,4.348276,-0.46195027,8.620652,74.31565,0.004300549,1.541863,2.3773413,-17.086128,8.071364,65.14693,-0.0023814398,1.4934798,2.230482,2546.579559607346,863.5882130941951,745784.6017952249,1794.4303891928284,252.61482543032565,63814.250027193906,4631.75334679133,1148.1702441019625,1318294.9094411603,20.650224724372784,8.350922693074589,69.73790982570813,0.08558281,0.081004314,0.006561699,131.80219774980898,22.330656485884564,65.40639132514966,261.6255653005986,196.21917397544897,128.565497341737,2.005072805317432,0.1833829153881464,1.016099448243057,153,0.7713464001872775,0.21270588235294152,0.2021035094388254,1.3440000000000012,32.544000000000054,-1.1695978e-05,-3.5717317e-06,893,131.59355,5049.2407,0.01544973039891319,0.12079212633968048,4.8891675704989215,577,0
400,phase1,118.70049999999999,17.408,6.818732374843037,0.12789796375685575,0.015358341,0.012736258,0.00039194274,0.09160928,0.09121733,0.012425959,0.00016221227,0.27683756280853317,0.1366605175201453,0.01867609704887394,-313.03268,96.50055,9312.355,0.053071115,17.247953,297.4919,39.672493,53.231,2833.5393,0.020273738,10.726449,115.05671,-24.979439,26.663399,710.9368,-0.0014367971,5.20711,27.113993,3.922482,24.728241,611.4859,0.0047813836,4.6381187,21.512146,-17.993208,21.624142,467.6035,0.004775837,4.1508303,17.229391,2.7656448,13.725808,188.3978,-0.0023598173,2.6404824,6.9721475,-33.535526,17.013083,289.44495,-0.008123542,3.1061995,9.648476,-5.3809795,12.820549,164.36649,-0.0067972015,2.4535987,6.0201464,-21.834362,13.113613,171.96686,0.00059898995,2.3937373,5.7299786,-5.8659277,11.199287,125.42404,-2.9044697e-05,2.0998018,4.409168,-16.462334,10.567701,111.67631,0.00017178983,1.9123931,3.6572475,-4.257734,8.220129,67.570526,-0.0010642557,1.5411721,2.3752117,-17.522903,9.305995,86.60154,-0.011134508,1.7430232,3.0381296,2663.519305770963,967.8308065209857,936696.4700510617,1798.165684376375,260.559044781756,67891.01581758112,4777.477814997649,1126.729184968239,1269518.656259192,21.261473645025752,9.231980059035935,85.22945581043716,0.08615071,0.090826124,0.008249385,161.55375882822415,225.97542653125137,66.93519325188251,1454.5525599514124,1387.6173666995298,113.87914162255151,4.961250429852396,0.2190879172028472,0.6612371747539647,90,1.3188944297900618,0.1934222222222219,0.17636559111231181,0.864,17.407999999999973,-9.009782e-06,-6.2449753e-06,761,198.58737,10972.6875,0.016735086767853305,0.09562913903858276,2.6453132042409258,314,0
400,phase2,119.21249999999998,16.896000000000015,7.055663644906263,0.12413625894047775,0.014709147,0.011795605,0.00040996794,0.09003613,0.08962616,0.012313511,0.00013913629,0.2850294162479431,0.1413829388630384,0.019989135401549656,-313.4253,92.439514,8545.063,0.005035003,16.725746,279.75058,33.82918,57.269684,3279.817,-0.03772324,11.545236,133.29247,-20.302235,25.154896,632.7688,0.0015339042,4.949098,24.49357,4.1935825,24.39263,595.00037,0.029155321,4.6187224,21.332596,-17.661898,20.324802,413.0976,0.0073619164,3.916133,15.336098,3.3692324,13.381533,179.06541,-0.010736782,2.5482275,6.493464,-34.366302,17.813154,317.30844,0.009260026,3.333669,11.113348,-4.500929,13.193565,174.07016,0.0049114437,2.500122,6.250611,-22.177862,12.046917,145.1282,-0.004186438,2.2392623,5.014296,-5.6211925,10.800961,116.66074,0.0023458796,2.0595315,4.2416697,-16.707296,10.283747,105.75544,-0.0026291797,1.8692752,3.4941897,-3.090992,9.005752,81.10356,0.0033693593,1.6450156,2.7060764,-19.990623,8.735092,76.30184,-0.009102458,1.6324422,2.6648676,2768.488627568477,982.409332353277,965128.0962948116,1830.5117461327043,251.6857880933615,63345.73592817647,4950.900990244476,1088.406553728782,1184628.8261997642,21.132284223272908,9.401729601716292,88.39251950378839,0.09177149,0.08965364,0.008037775,110.89860885464621,12.759236307543617,68.89654412432702,162.92073075152206,94.02418662719504,109.36644661993022,1.235282852135911,0.18241654908734917,0.6391959355954993,87,1.370258604939556,0.1964651162790699,0.1755537880652428,0.8320000000000007,16.89600000000001,-8.877879e-06,-6.3793805e-06,805,208.09964,15285.774,0.02112840248954149,0.10695546357793242,3.3805179825941076,403,0
400,phase3,125.44,14.793000000000006,8.479685764910037,0.10548872234067591,0.016262125,0.012259661,0.0004025528,0.08769624,0.087293684,0.01398515,0.00015029928,0.28352140461014147,0.13589378117208417,0.018467119761246296,-303.40378,91.89335,8444.388,-0.0064845397,16.273327,264.8212,38.322105,57.406734,3295.5332,0.021004146,11.901429,141.64401,-20.36902,25.162127,633.13257,-0.005023775,4.97473,24.74794,1.9350206,26.343851,693.99854,-0.005847038,4.9581814,24.583565,-20.647585,19.635666,385.5594,-0.0031044837,3.7978535,14.423692,1.363496,14.045115,197.26526,0.0014616766,2.7577138,7.6049848,-33.18012,17.175808,295.0084,-0.002871112,3.2118204,10.31579,-4.7001286,13.079211,171.06577,0.0010472789,2.4101465,5.808806,-22.275066,12.305305,151.42052,-0.0011387477,2.2081068,4.8757353,-1.8911501,12.471229,155.53154,-0.00043368444,2.3195822,5.380461,-18.62909,10.560957,111.53382,-0.0033177258,1.9794537,3.918237,-0.5750924,9.0600195,82.08395,0.0010395551,1.7675256,3.1241467,-19.03671,8.767476,76.86863,0.0005446046,1.6036557,2.5717118,2728.4768253397183,979.5135223830157,959446.7405311826,1825.0085299803843,260.0898384732175,67646.72407702438,4890.525182523385,1123.2854403810245,1261770.1805719922,21.204509506389474,9.526325420625763,90.75087601966064,0.08526298,0.08446088,0.0071336403,109.10928220498523,9.659546640907324,74.26924703925044,155.56349186104043,81.29424482178999,108.1102658399776,0.4808873929800802,0.1882272415723871,0.5776101202997868,81,1.5486419561896054,0.17856790123456806,0.2004945083002479,1.2800000000000011,14.464000000000013,-8.357838e-06,-6.901317e-06,822,214.1275,12220.628,0.01954318132142611,0.10577989986820624,3.4837372448979593,437,0
401,phase1,119.6653749999999,19.456000000000103,6.150563777211939,0.13984910658049565,0.02234367,0.018422388,0.0010235489,0.19167244,0.1906489,0.017923703,0.0003393844,0.2893314589682038,0.14865156819535696,0.02209728872693886,-288.39053,73.38934,5385.9956,0.041790962,12.988698,168.70628,9.402721,46.48583,2160.9324,0.011953924,9.33966,87.22925,-41.869297,36.40881,1325.6014,0.0016542915,7.2157035,52.066376,-2.5353265,25.411316,645.735,0.007994702,4.664802,21.76038,-27.401848,19.899097,395.97406,0.0050782356,3.7204602,13.841824,-10.901995,18.705462,349.89426,-0.0078786025,3.279867,10.757526,-20.867102,14.587264,212.78828,-0.008746448,2.5937254,6.7274113,-13.506437,14.873926,221.23367,-0.00501647,2.6487508,7.015881,-18.126398,12.775887,163.22327,-0.00350102,2.302974,5.3036895,-6.9992766,11.527295,132.87854,0.002868501,2.0579896,4.235321,-18.484083,9.552932,91.2585,0.00042239417,1.7249146,2.97533,-6.1346207,9.002371,81.04268,-0.0019735903,1.6966405,2.878589,-11.847912,7.633008,58.26281,-0.0058426405,1.3332473,1.7775483,2839.7584009120847,1007.2412967319586,1014535.0298422775,1756.527961914588,284.9688789267229,81207.26195675324,4760.304665938363,1205.4711955992868,1453160.8034195742,22.971111657497786,9.513805484121928,90.51249478970846,0.07386087,0.08077416,0.006524464,322.41555658916093,264.4760034570064,113.22324603078411,2021.7091047947818,1908.4858587639976,255.6500291307247,4.487700053202738,0.40639374415676316,0.9200599117137823,128,0.9348857348837044,0.15199999999999997,0.13705473359209389,0.6399999999999997,19.455999999999996,-1.2812403e-05,-2.4131011e-06,801,1843.4182,99321.83,0.010713026260428037,0.0837739784779307,2.8830394757046496,345,0
401,phase2,121.36143749999997,17.760000000000048,6.8334138888843325,0.12765825540007122,0.019701624,0.016771404,0.0010145674,0.14494099,0.14392643,0.015545813,0.00028128002,0.28899568138368215,0.13809291781665942,0.019069653951118648,-294.8258,76.09373,5790.255,0.020832093,13.072802,170.89815,10.898716,43.60002,1900.9619,-0.0022429219,8.486401,72.01899,-37.17297,34.85724,1215.027,-0.012335149,6.7661667,45.781013,0.32099968,26.013796,676.7175,-0.0011160986,4.8785167,23.799927,-25.769617,18.37614,337.68256,-0.0031040958,3.334481,11.118763,-11.783504,18.645216,347.6441,-0.00453486,3.3502123,11.223923,-22.379866,14.259443,203.33173,0.0008116365,2.6095905,6.8099627,-12.580058,14.472278,209.44681,0.0054166666,2.6480663,7.0122547,-22.633263,12.214177,149.18613,0.0026291572,2.268614,5.1466103,-8.91209,11.075697,122.67106,0.0012072267,2.0210845,4.084783,-19.401897,9.432312,88.968506,0.0026421626,1.7295638,2.9913912,-7.3208737,8.715146,75.953766,0.00088128063,1.6237409,2.6365345,-13.476182,7.2301073,52.27445,2.305784e-05,1.3451779,1.8095034,2877.0120937132206,932.5441643746634,869638.6185092393,1810.4462839296464,279.08227453172884,77886.91595780326,4882.670552552898,1136.1875659968284,1290922.1851257973,22.655302419384473,9.66189146723037,93.35214672453905,0.084416166,0.088433206,0.007820432,261.78374698056035,51.679731819628806,106.252996181733,508.35518662380014,402.1021904420671,251.2581146483697,0.9632139164232334,0.33992640286570225,0.7403603776017624,103,1.178266372055666,0.1741176470588234,0.15350412232553884,0.7359999999999971,17.759999999999987,-1.2749523e-05,-2.681201e-06,822,918.83563,50654.387,0.01308062550542065,0.08844722231565219,3.6584932507906402,444,0
401,phase3,130.14399999999995,13.193250000000063,9.864437506722137,0.09204341509272755,0.019240338,0.013908138,0.0010547207,0.13700168,0.13594696,0.01618874,0.00019343628,0.27665928431919645,0.13988249440409709,0.019567112240712253,-293.09045,66.918884,4478.137,-0.044182967,12.066177,145.59264,12.231935,44.593964,1988.6217,-0.011985625,8.729681,76.20734,-42.21292,35.836864,1284.2808,0.0052738525,6.9704022,48.586506,-1.6211637,25.156391,632.844,0.014516333,4.8218784,23.250511,-27.725998,16.750738,280.58725,0.0014916243,3.127908,9.783809,-10.352941,18.033619,325.2114,-0.009311458,3.098705,9.601974,-22.319168,14.573592,212.38959,-0.00046743368,2.6635478,7.0944867,-13.232651,13.03075,169.80046,0.0065629664,2.3628347,5.5829873,-20.886038,12.449282,154.98462,-0.00031238826,2.2130473,4.8975787,-9.582936,11.45086,131.1222,-0.0054504992,1.9186625,3.681266,-21.04535,9.7984915,96.01044,-0.0014852184,1.6651101,2.7725916,-7.8128786,8.163329,66.639946,-0.0018116282,1.4690354,2.1580648,-14.215039,7.3455586,53.957233,-0.0007783792,1.3514769,1.8264897,2800.7234804200216,951.0377744869187,904472.8485010312,1771.6773623739653,285.64965903009903,81595.72770401185,4727.134486607143,1151.7649853806486,1326562.5815488854,23.10667389123327,9.493458099577701,90.12574668843747,0.07083469,0.07670098,0.00588304,266.9699115681493,104.81377056645142,80.5247132770094,1016.7103732476003,936.1856599705909,246.94165062806206,5.326804717737617,0.48147321417824257,0.6069601586468276,87,1.4959080287826658,0.15330232558139484,0.21747937992431857,1.695999999999998,13.183999999999957,-1.2719439e-05,-2.3978696e-06,830,1131.7504,45421.355,0.01182474927607886,0.0868282354052546,2.8430046717482185,370,0
402,phase1,88.57193749999973,59.13600000000028,1.4977667749295276,0.40035763142383785,0.007426789,0.0078052604,0.00028167397,0.15188473,0.15160306,0.0059108986,6.0922088e-05,0.27722432419167026,0.13004621381362788,0.01691201772725982,-409.186,83.10613,6906.629,0.032632533,15.351493,235.66833,25.603579,41.30959,1706.4822,0.0088761505,8.19807,67.20835,-45.861664,32.80942,1076.4581,-0.017804861,6.429218,41.33484,4.011834,27.529442,757.8702,-0.004809663,5.186117,26.89581,-40.651993,22.95573,526.9656,-0.012571927,4.472167,20.000278,5.881277,18.212795,331.7059,0.009683272,3.2606103,10.63158,-31.112083,15.620646,244.00461,-0.0073610716,2.9522383,8.715711,-2.0759568,15.396507,237.05243,-0.0030953248,2.8313532,8.0165615,-17.594135,13.833533,191.36665,0.0027126283,2.5968406,6.743582,0.30911782,11.172754,124.83043,0.007810153,2.075179,4.3063684,-20.097898,10.792402,116.47595,0.00019243913,1.9806072,3.9228046,-4.4093003,10.594906,112.25204,-0.0034154663,2.016272,4.0653534,-15.47728,8.964832,80.36821,0.0004101683,1.6763499,2.810149,2708.679176628643,875.6955712996411,766842.7335938048,1666.6966252971474,274.1101971663747,75136.40019058881,4612.362231910745,1010.7325133180474,1021580.2134782169,21.76123055605301,8.267678242733151,68.35450352536311,0.06619186,0.09212557,0.008487121,249.36885917820916,41.803818544696895,78.23233100085048,659.2551138257398,581.0227828248894,242.6993408760242,2.677284593929222,0.4774696706071339,1.8076212051908176,267,0.33173010175381884,0.22148314606741576,0.22173146253124412,1.4719999999999942,59.13600000000001,-1.439788e-05,-8.604679e-07,714,442.90784,19863.205,0.00869588684967933,0.06772318048852831,3.4999798892284697,310,1
402,phase2,131.19599999999997,16.51200000000003,7.9454937048513825,0.11178812251198329,0.005122283,0.0038258021,0.00026228992,0.02992762,0.02966533,0.0045583965,1.4636762e-05,0.2791834786611785,0.1391188095562579,0.019354043172350354,-430.54172,77.33495,5980.695,-0.008266991,14.008133,196.2278,34.452244,46.62014,2173.4375,-0.03968358,9.248459,85.53399,-41.633587,31.9131,1018.4459,0.014391038,6.2973146,39.65617,-1.6193196,27.324753,746.6421,0.016590822,5.149447,26.516802,-37.686058,20.628859,425.54984,-0.0039789327,3.8834105,15.080877,7.3791704,16.08994,258.88617,0.001362818,2.9159956,8.503031,-32.82939,14.842463,220.29869,0.0005202153,2.6866992,7.2183523,0.31692308,14.117586,199.30624,0.0033870009,2.7329664,7.4691052,-18.234863,12.989664,168.73137,-0.00890899,2.47368,6.1190925,2.6871104,9.929354,98.59206,-0.0008964931,1.94285,3.7746663,-23.988344,9.987575,99.75164,0.0031102805,1.8694572,3.4948704,-4.144048,10.188111,103.79761,0.004925638,2.0228217,4.0918074,-15.937902,8.400305,70.56512,-0.0052153394,1.6253753,2.6418447,2652.1606810612,948.0223825914774,898746.4378944214,1677.560095925359,285.53240334457166,81528.75335972715,4551.795047118718,1120.8886888585719,1256391.4528110882,20.65015675219028,8.068075674631276,65.09384509157692,0.072394565,0.09620714,0.009255814,238.03404418511727,54.28983859798414,109.36644661993022,450.28451247858095,340.9180658586507,238.52991146631203,-0.08011157306243255,0.2996100519281607,0.6228504888022315,92,1.4260434627603968,0.1814505494505499,0.16859915814164544,0.9279999999999973,16.51200000000004,-1.4390665e-05,-8.699831e-07,878,265.4186,7950.581,0.017231359575405576,0.09002872062422468,3.338516418183482,438,1
402,phase3,99.13599999999985,53.048000000000144,1.8687980344443063,0.3485780371129695,0.007581958,0.008166394,0.00027925402,0.12635909,0.12607984,0.0060377326,6.669e-05,0.28546476243823593,0.14265033502575128,0.020349118082959083,-402.39145,92.44515,8546.106,-0.0024022472,16.813787,282.70343,31.953112,46.628807,2174.2456,0.004097439,8.872395,78.71938,-34.01379,29.149506,849.69366,0.0009778634,5.560059,30.914259,4.252153,25.588573,654.7751,-0.00045414027,4.757645,22.63519,-35.68692,18.740849,351.21942,-6.2121176e-06,3.502914,12.270407,6.971657,16.49883,272.21143,0.00038668414,3.090001,9.548106,-32.813255,15.731924,247.49342,0.0023543192,2.9399526,8.643322,2.144998,14.216202,202.10039,-0.0022272347,2.6599019,7.0750785,-19.606386,13.854,191.93332,-0.00043943353,2.5430686,6.4671984,2.3337514,10.365804,107.44989,0.002161589,1.9235464,3.700031,-22.73147,10.158015,103.185265,-0.0007659777,1.9062513,3.633794,-1.5089461,9.537298,90.96006,0.0008457832,1.8264488,3.3359153,-15.340708,8.417235,70.849846,-0.0005520818,1.5730437,2.4744666,2743.5535749734336,959.2890556469488,920235.4922840148,1722.3086566654788,275.15331755394607,75709.34816094268,4701.970208683768,1090.164110814338,1188457.7885076166,20.700554699460103,8.651039760491706,74.8404889376084,0.0770502,0.09518555,0.009060289,245.82625517814895,38.71168103155025,109.36644661993022,405.81912517781325,296.452678557883,245.51937137864914,-0.6580184078259947,0.33767872154380174,1.4193344898281028,216,0.45896296083813376,0.24296296296296377,0.22746680368002234,1.4080000000000013,52.480000000000175,-1.2941354e-05,-2.3091766e-06,599,471.70868,13041.184,0.011938968121530545,0.0848132118328189,3.6616365397030397,363,1
403,phase1,139.64812500000002,6.559999999999974,21.2878206878323,0.044867547545664604,0.03239786,0.021820268,0.00024424584,0.1488762,0.14863196,0.027534608,0.00047612409,0.25277508291165207,0.13478061358560955,0.0181658137985134,-270.89398,74.53395,5555.3096,0.051356833,13.094323,171.4613,-7.144765,41.33057,1708.2162,0.016658952,7.9032903,62.461994,-47.163643,39.950954,1596.0787,-0.013430858,7.922195,62.761173,8.223647,28.138573,791.77924,0.0010191018,5.3110185,28.206919,-33.83581,24.778154,613.957,0.0072700665,4.825666,23.287052,-15.523276,16.923729,286.4126,-0.005885957,3.1538377,9.946692,-30.884602,17.81106,317.23386,-0.010372222,3.3015625,10.900315,-5.511771,13.123219,172.21887,-0.0013106231,2.3835108,5.6811237,-24.247467,14.102611,198.88362,-0.00091823976,2.5705519,6.6077366,-9.529918,11.494331,132.11964,-0.01080217,2.0548077,4.2222347,-14.150848,11.813381,139.55598,-0.0065267817,2.2796402,5.1967597,-11.526089,11.472172,131.61072,0.0020775867,2.1357439,4.561402,-8.397271,10.960834,120.13988,0.0009141777,2.0853865,4.348837,2867.7439301753247,854.9330032813049,730910.4400995917,1730.5129016938881,282.48422167456687,79797.33549508585,4796.158711706783,1113.9577504014567,1240901.869679474,25.439223207997095,9.186069779355648,84.38387799119114,0.057183303,0.07087585,0.005023387,275.831208474865,102.33069059561633,189.3213161937526,1388.867299316009,1199.5459831222563,261.6255653005986,9.567938252770423,0.7564551420664212,0.314619998033625,46,3.0358287383515496,0.14260869565217266,0.179252976236389,1.056,6.559999999999943,-1.3670959e-05,-1.5955683e-06,768,2368.2039,141435.44,0.0074437406850158955,0.07567524355021511,2.4203690525741033,338,0
403,phase2,139.48812500000003,6.71999999999997,20.757158369470574,0.04596187797360763,0.0362601,0.02676398,0.0002628692,0.18905333,0.18879046,0.029899552,0.00071631063,0.25329702030908097,0.1316009473777643,0.01731880935072509,-259.27588,73.1074,5344.6914,0.047229864,13.639086,186.02467,-7.723453,40.756737,1661.1117,0.024261642,7.5721607,57.337616,-46.095646,39.372723,1550.2112,-0.019982383,7.9457088,63.134285,5.883959,28.1932,794.8565,-0.0064692376,5.4251995,29.432789,-31.431845,23.249603,540.54407,-0.0030003036,4.598245,21.143858,-18.969276,16.80918,282.54852,-0.005726626,3.2242537,10.395812,-29.978214,17.592436,309.49377,-0.00038598393,3.2822359,10.773072,-6.447787,11.554703,133.51115,-0.0019956706,2.1841366,4.770453,-20.93801,15.298952,234.05794,0.00240669,2.958003,8.749782,-9.689918,10.699264,114.47425,2.993828e-05,1.9812928,3.9255214,-11.495754,12.474069,155.60239,0.0029057458,2.4232657,5.8722167,-12.561852,11.836949,140.11337,-0.004550934,2.1769676,4.739188,-7.4267993,10.32666,106.639915,0.0014745123,1.9211164,3.6906881,2893.1329014285607,840.9496447006226,707196.3049221034,1769.3870697482532,287.70362391811653,82773.37521561705,4857.456920131291,1129.9849084160653,1276865.8932480635,25.74558396087978,9.354871710130562,87.51362471300111,0.05731833,0.06893801,0.004752449,270.7370163272264,46.771295350358734,174.61411571650194,502.5162292967395,327.90211358023754,257.13099468347406,2.074943393826774,0.7503282274069303,0.41037391047864136,60,2.324802044586633,0.11199999999999957,0.12234159826758328,0.6400000000000006,6.719999999999974,-1.3923727e-05,-1.374262e-06,775,2280.2456,143888.45,0.008050038930131726,0.0822967390950993,4.057693083192565,566,0
403,phase3,142.36799999999994,8.27075000000005,17.213430799693896,0.05490453153654057,0.034686584,0.024457613,0.00025957465,0.18304718,0.1827876,0.029696943,0.00059817487,0.25218461262744263,0.12593981533724005,0.01586083708717812,-263.03653,75.887474,5758.909,-0.07178621,13.712522,188.03325,-7.3313127,40.57133,1646.0328,-0.009752582,7.391341,54.631927,-42.502457,39.140736,1531.9972,0.00070255087,7.664316,58.74174,9.191501,28.334133,802.8231,0.00031266743,5.228065,27.332664,-33.000717,24.942844,622.14545,0.010033542,4.829636,23.325384,-17.287806,17.278862,298.55905,0.004885471,3.3405805,11.159477,-28.338314,17.722597,314.09042,0.0022799403,3.2859707,10.797603,-7.8913984,11.855598,140.55522,0.0036890362,2.236975,5.0040565,-21.372103,15.343855,235.43388,-0.0009737928,2.9058447,8.4439335,-10.622713,11.237201,126.27468,0.00089954986,2.0845933,4.345529,-11.272277,11.987858,143.70872,0.004263975,2.3418427,5.4842267,-13.921706,11.62838,135.21922,0.0023627745,2.2269514,4.9593124,-6.836006,10.508375,110.42596,-0.00095424574,1.9663451,3.866513,2909.4382273904707,810.1435054700534,656332.4994553063,1771.2451902503485,288.3108021449365,83123.11863345672,4877.714793967714,1071.8580113606508,1148879.5965180092,25.628233932930897,9.395407496159008,88.27368201888089,0.059476737,0.072075754,0.0051949145,268.40136769757055,39.29740846494392,65.7852866955572,485.3986817520484,419.6133950564912,261.6255653005986,1.00443773620914,0.7257858961924838,0.4314958800441454,65,2.1902768893803546,0.1194999999999998,0.13939781203447912,0.799999999999983,7.647999999999987,-1.3662226e-05,-1.5430531e-06,782,2534.8103,178649.3,0.008563668525776063,0.07869872616367399,3.5541694762868077,506,0
404,phase1,122.81362499999987,35.61600000000011,3.4482710453652414,0.22480644008341316,0.021528007,0.021924669,0.0006116562,0.15738615,0.15677449,0.015091881,0.00048069115,0.3155396518695718,0.14602056908962865,0.021322006597259018,-300.71036,105.36101,11100.942,-0.07479053,19.154707,366.9028,15.396482,52.446926,2750.68,-0.03956067,10.418978,108.55509,-26.360554,29.512403,870.982,0.017180322,5.6972303,32.45843,7.8268404,25.047413,627.3729,-0.006349344,4.8106484,23.142338,-25.782864,20.58216,423.62534,0.010571858,3.9608703,15.688494,-2.1553624,14.288384,204.15793,0.005750713,2.633619,6.93595,-25.04679,14.379764,206.77759,-0.0034531062,2.723738,7.418749,-5.398724,12.8048315,163.96371,0.014095437,2.447506,5.990286,-17.253012,10.9891615,120.761665,0.0060241874,2.06585,4.267736,-6.2829647,12.714434,161.65683,0.005013274,2.3155768,5.361896,-15.592176,9.664709,93.40661,0.0010078714,1.8194066,3.3102403,-6.611053,8.613548,74.19321,0.0045147734,1.6208478,2.6271477,-13.320319,7.9930954,63.889576,0.003698406,1.5048702,2.2646344,2965.422273489222,950.1019264101338,902693.6705682473,1788.7552709087909,280.91713680468166,78914.43775054024,4980.745682690365,1103.897708742299,1218590.1513664976,21.778080160979364,9.379346465168354,87.97214011366609,0.10661105,0.10974858,0.01204475,142.7588688649976,19.146794921022526,65.40639132514966,255.6500291307247,190.24363780557505,138.59131548843604,1.36687806203235,0.30438295287732114,0.9846643265109036,156,0.7872668218764939,0.22978064516129032,0.1803418356619075,0.9600000000000009,35.616,-1.1247663e-05,-4.002502e-06,636,424.809,24448.857,0.012787697784190285,0.10455511314691031,2.638143772728802,324,0
404,phase2,113.56799999999981,44.86168750000019,2.5315141671495343,0.28316465308940403,0.020392342,0.02252116,0.00056517415,0.18923092,0.18866575,0.012992977,0.00050720264,0.31719306232326805,0.14136617340550564,0.019984394983315494,-308.75812,106.32521,11305.05,-0.0456551,18.794834,353.24576,15.096527,48.18565,2321.857,-0.0020918155,9.485331,89.9715,-24.23085,27.538582,758.3735,-0.0015484705,5.373765,28.877348,8.346875,25.433262,646.8508,-0.0014461201,4.6112905,21.264002,-25.595016,21.733671,472.35245,0.0110640805,4.222336,17.82812,-1.2324704,14.401544,207.40445,-0.0053184927,2.5944347,6.731091,-25.094141,15.041931,226.25969,-0.0038444845,2.7502568,7.5639124,-4.7649565,12.523492,156.83786,0.00070113706,2.3049433,5.312763,-17.163012,10.870598,118.1699,0.0055512167,2.0245135,4.0986547,-5.7783403,13.134757,172.52184,-0.0036997548,2.284619,5.219485,-16.91073,9.589055,91.94998,-0.0018862112,1.7811023,3.1723256,-6.6449533,8.435174,71.15216,0.0023452074,1.5499889,2.4024656,-13.755198,8.229914,67.73148,0.00065384625,1.5551893,2.4186134,2987.091437833294,903.8297947805659,816908.2979330798,1818.9203015749572,273.663242207129,74891.57013531773,5061.439608159968,1014.1698077265355,1028540.398904078,21.832772876280387,9.284806861081712,86.20763844759003,0.110754706,0.11239786,0.012633279,145.2143546470013,19.290667448527117,65.40639132514966,255.6500291307247,190.24363780557505,140.20166900511882,1.0878308106683756,0.33064027462519885,1.0667192662360077,169,0.6719999960236676,0.26228571428571434,0.21709799035220462,1.216000000000001,44.064000000000014,-1.1429243e-05,-3.838348e-06,675,510.0383,47449.598,0.01052929787462344,0.10118572643514896,3.3372076641307467,379,0
404,phase3,114.91199999999981,48.318625000000196,2.3782133208837384,0.2960144580712118,0.01777758,0.01914285,0.0006247011,0.17046359,0.16983889,0.011604116,0.00036644866,0.3300826239646638,0.13586651742529993,0.018459710557279328,-311.44342,101.931496,10390.03,-0.019870773,18.113285,328.09106,12.648951,47.782295,2283.1477,0.0042563914,9.444606,89.200584,-21.328661,25.768559,664.0186,0.0055886377,5.082711,25.833954,7.3617244,24.642183,607.2372,-0.011073028,4.449605,19.798986,-25.824398,20.39112,415.79782,0.0023198666,4.003842,16.03075,0.11895789,13.996899,195.91316,0.005089314,2.6046238,6.7840657,-23.347082,14.3611145,206.24162,0.0027846822,2.6519535,7.0328574,-3.7402964,11.821703,139.75267,0.00065588264,2.220593,4.9310336,-17.001637,10.588867,112.12411,-0.0006232464,1.9922242,3.9689574,-4.7454934,12.800612,163.85567,0.00038502418,2.346067,5.50403,-16.002321,9.429268,88.911095,-0.00081853423,1.7095551,2.9225788,-6.2512145,8.030389,64.487144,0.0016894824,1.481159,2.193832,-13.696131,7.9211783,62.745068,0.000548045,1.4818817,2.1959736,3071.1507626243333,874.4790940550677,764713.6859393718,1849.2406448951563,263.0895251973189,69216.0982685507,5192.5143354244265,957.9507046223047,917669.55248637,21.47882248491088,9.308601227123507,86.65005680560527,0.120899886,0.10984002,0.01206483,144.37413193117604,21.525190334683053,65.7852866955572,238.52991146631203,172.74462477075483,139.3941668115768,0.6947380380146767,0.2519113898741597,1.0721027380738142,175,0.6566399962477704,0.2750171428571428,0.21486951453743083,1.120000000000001,48.12799999999999,-1.1195604e-05,-4.068772e-06,818,341.24435,23355.465,0.012008001087750669,0.10217296774397046,3.063213589529384,352,0
406,phase1,93.05375,7.616,12.218190360006517,0.07565331194326001,0.019782407,0.015445927,0.00042416214,0.10678533,0.106361166,0.016130302,0.00023857667,0.2679006451644946,0.13615358438157227,0.018537798539949923,-308.45905,84.60004,7157.166,0.121726744,14.757565,217.78572,17.068165,41.436977,1717.0232,0.023488456,7.9526477,63.244606,-44.533504,36.855373,1358.3185,-0.040665593,7.356035,54.111256,3.484927,26.279589,690.6168,-0.0033827722,5.062094,25.624796,-29.198257,20.368591,414.87952,-0.0057022595,3.8782012,15.040445,-14.028521,17.868198,319.27252,-0.009058228,3.205066,10.272449,-19.370586,14.2803955,203.92969,-0.014240099,2.7122939,7.356538,-16.660357,16.890778,285.29834,0.00047616177,3.210568,10.307746,-16.085758,12.3008,151.30968,-0.00010724137,2.353894,5.540817,-6.548503,12.130836,147.15718,0.009882432,2.296452,5.2736917,-23.04852,10.764967,115.88451,0.00029299568,2.0473635,4.1916976,-2.1205256,8.968112,80.42704,-0.010892627,1.6521181,2.729494,-17.638494,9.85972,97.21408,-0.0132589415,1.7567741,3.086255,2679.744301239168,893.9067203533516,799069.2246928851,1752.8309140477477,284.8866090253574,81160.38000196684,4543.875158931977,1226.986915981909,1505496.8919907962,23.683789681551275,9.263360401340066,85.80984592511518,0.068876475,0.085306086,0.0072771288,289.22628246333,142.8178446862156,113.22324603078411,1413.1442720795428,1299.9210260487587,260.1187129259726,6.526793495584519,0.5969485058496667,0.4470061761353336,45,2.067861065158643,0.17309090909091013,0.17676767215007166,0.9920000000000009,7.616000000000046,-1.2574141e-05,-2.6789867e-06,567,1363.3539,55334.848,0.010567727840679622,0.07230532929152177,3.06274599357898,285,0
406,phase2,95.04000000000002,5.629812499999986,16.881553891616527,0.0559235421244078,0.017776681,0.013614876,0.0004172949,0.10548311,0.105065815,0.014228421,0.00018536484,0.24540292360338525,0.13198548478912692,0.017420168195020853,-314.5969,78.17663,6111.585,-0.032341603,14.483505,209.77191,27.520184,41.70812,1739.567,0.057106216,8.133243,66.149635,-45.42179,35.630085,1269.503,-0.0049379133,7.1808195,51.564167,0.24934417,26.057718,679.0047,0.023471372,5.255678,27.622152,-27.494804,19.990662,399.62656,-0.0021977895,3.8277028,14.651308,-13.814491,16.795351,282.08383,-0.009167089,3.1740673,10.074703,-16.418133,12.80664,164.01001,0.0002955014,2.561068,6.559069,-18.43227,16.019686,256.6303,-0.005225228,3.132593,9.813138,-15.786574,12.222817,149.39726,0.005976242,2.2858636,5.225173,-5.7886863,11.616978,134.95418,-0.011645432,2.296365,5.273292,-21.913618,10.214451,104.33501,-0.0027988662,1.9586984,3.8364995,-1.2590599,8.609526,74.12394,-0.0021699632,1.5681001,2.458938,-18.258541,9.3380375,87.19895,0.001765999,1.7423126,3.0356529,2525.6848831698135,878.064871281416,770997.9181784496,1742.4557005347049,302.66889356016327,91608.45912893343,4368.2155912269545,1252.4472948736914,1568624.2264364273,23.51666214527936,9.307976972388749,86.63843531851921,0.06255933,0.08199961,0.006723936,269.31193939090224,61.68347292528868,108.1102658399776,663.0741398488134,554.9638740088358,252.71363809934766,2.29480054869556,0.6207883024091583,0.4768062918563596,48,1.9799999587500015,0.11914893617021251,0.11802902252599982,0.5120000000000005,5.599999999999988,-1.2795999e-05,-2.4564174e-06,625,1319.3853,51478.48,0.011182418787565922,0.0753283977266149,3.440656565656565,327,0
406,phase3,96.544,7.176437500000006,13.452912611178919,0.06919019696576198,0.019539699,0.014496621,0.00042302578,0.14186412,0.14144109,0.01630878,0.00021015201,0.26690986346198337,0.14082464824837196,0.019831581554277694,-304.10983,74.69122,5578.7783,-0.047417488,13.611115,185.26247,18.312668,43.14499,1861.4901,0.002171417,8.047283,64.758766,-47.26284,36.231094,1312.6921,0.010465612,7.3095837,53.43001,1.8501318,26.599752,707.5468,0.0097022345,4.841,23.43528,-29.095789,18.205599,331.44382,-0.0011891336,3.339844,11.154558,-15.965728,17.906437,320.6405,-0.008479932,3.210441,10.306932,-19.407465,14.425053,208.08214,0.0006188614,2.6342876,6.9394717,-18.231361,17.310072,299.6386,0.007400759,3.2108212,10.309372,-17.19918,13.143638,172.7552,0.003061263,2.4471672,5.988627,-6.1205807,11.3616905,129.08801,-0.004527319,2.1710863,4.713616,-25.078173,10.345524,107.02986,0.0013413408,1.8466864,3.4102504,-1.694897,8.844763,78.229836,-0.0064672157,1.5932082,2.5383124,-19.762527,9.518955,90.610504,0.0029375835,1.6884564,2.8508852,2651.964055418882,913.6666047815697,834786.664693081,1742.8205875672486,283.698074814018,80484.59765318017,4480.432603331277,1259.923433568129,1587407.0584541035,23.53500573088157,9.208986802477558,84.80543792820582,0.06524116,0.079100415,0.006256876,301.86322987718074,166.86298024272116,127.08879665595002,2021.7091047947818,1894.6203081388317,263.1411467822288,6.916288924036675,0.5916101170291147,0.6170432900458986,64,1.5084999764296878,0.11326984126984131,0.15497641462638967,1.0239999999999974,7.136000000000003,-1.2596785e-05,-2.6809905e-06,596,1294.9232,63867.14,0.01043603742119751,0.07160484904051757,3.5735001657275443,345,0
409,phase1,161.19474999999983,29.664000000000158,5.434019166868251,0.15542384092948403,0.022916976,0.020389268,0.00027165326,0.16565937,0.16538772,0.016938202,0.00041572223,0.31157156983445095,0.1155922565029531,0.013361569763444502,-285.42908,103.17061,10644.174,-0.027283242,19.717165,388.76663,22.909105,50.702774,2570.7715,0.0061989515,9.916823,98.34339,-40.077805,35.754807,1278.4062,0.0027467816,7.1542244,51.18293,12.494444,30.56315,934.1062,-0.015072488,5.9249587,35.105137,-38.10514,26.905216,723.8907,0.00063350896,5.396623,29.123543,1.1728398,12.317035,151.70935,0.0033732639,2.3353546,5.4538813,-28.898983,16.746635,280.4498,0.0052673314,3.027149,9.1636305,-8.618981,15.3746395,236.37955,0.00040700182,2.8913777,8.360065,-13.737973,12.442925,154.82639,0.0040024314,2.2420404,5.026745,-7.1543517,12.633916,159.61583,0.0037506141,2.3813581,5.6708665,-11.505269,10.311389,106.324745,0.0028079643,2.0078974,4.031652,-3.7520695,9.745009,94.96521,0.0015396716,1.8038074,3.253721,-15.432743,10.018879,100.37794,-0.00072682183,1.8281802,3.3422427,2831.043780568753,866.4254200913822,750693.0085805281,1650.8383345061168,259.8594696192845,67526.94395081582,4641.402975691534,1040.2935894178547,1082210.7521838841,21.703812449690407,9.179405680320558,84.26148864390133,0.079321906,0.077988446,0.006082198,173.32213687030227,167.2915221777334,79.59980805922079,1413.1442720795428,1333.544464020322,141.42229146981694,6.93806732536903,0.03721709974229386,1.0583743213240158,202,0.7979938079307228,0.14758208955223906,0.12403267294476417,1.024,29.66400000000005,-1.1789475e-05,-3.4453753e-06,1211,206.08337,9193.95,0.020814267100219063,0.12372047543582528,4.373591571685807,705,0
409,phase2,161.35481249999978,29.504000000000218,5.468912928114346,0.15458547401367814,0.025011033,0.021280127,0.00027823192,0.20229143,0.2020132,0.019691844,0.00045284381,0.306569490648575,0.11531416911736082,0.013297357599227292,-275.94077,100.84607,10169.93,-0.019996807,19.676638,387.1701,23.910315,51.019123,2602.951,-0.0117070805,9.703143,94.15099,-40.003494,35.08907,1231.2427,0.01849311,7.0861516,50.213547,11.310847,31.17018,971.5801,0.005202591,5.835754,34.056026,-40.741085,27.194605,739.5465,0.005839991,5.264071,27.710445,1.1398481,12.720335,161.80693,-0.000313755,2.3661017,5.5984373,-28.149141,16.635197,276.72977,-0.003929991,3.062064,9.376236,-10.472647,15.446659,238.59929,0.0002366289,2.9768891,8.861869,-14.299243,11.820461,139.7233,-0.0036354782,2.2174196,4.91695,-7.8997664,12.560666,157.77034,-0.0036152317,2.3179927,5.3730903,-10.389978,10.698239,114.452324,0.00078134146,2.0548992,4.222611,-3.9517412,9.932808,98.66067,0.0013050924,1.8613647,3.4646788,-15.822025,10.815363,116.972084,0.004659575,2.0659666,4.268218,2798.744282807123,855.4504828253898,731795.5285661925,1648.3134524730262,245.4150065397873,60228.52543492384,4601.1722024308465,1004.7913238861851,1009605.6045569525,22.03119845520758,9.335838903004486,87.15788802285202,0.073641255,0.074317046,0.0055230227,150.17835951505774,28.164292391314795,115.86971395503193,260.1187129259726,144.24899897094068,142.65235101161107,2.130915356432039,0.0600167644492847,1.205079278170611,230,0.7015426599932918,0.12883842794759776,0.11841572504587412,0.7359999999999971,29.503999999999888,-1.1866412e-05,-3.4352577e-06,1089,218.40643,12107.548,0.021073768779668885,0.1161961790604459,5.280288742549907,852,0
409,phase3,170.84799999999976,25.794437500000242,6.623443266656033,0.13117431734439441,0.022730205,0.01931825,0.00027137523,0.13517596,0.13490458,0.017670475,0.00037319475,0.30556046361454603,0.12078065231018019,0.014587965972472637,-286.69403,103.16304,10642.613,-0.061217945,19.834213,393.39603,26.279095,52.46817,2752.909,-0.0054481113,10.2958,106.00351,-39.476818,35.073364,1230.1409,0.010355687,7.0074306,49.10408,7.1899056,29.810974,888.6942,-0.005356853,5.693781,32.41914,-39.741837,27.770214,771.1848,0.009535233,5.43866,29.579023,2.2127745,12.584998,158.38217,0.0040091206,2.3482025,5.5140553,-28.321718,16.346632,267.21237,0.008445978,2.9963186,8.977925,-11.233897,15.788743,249.28441,0.0013515644,2.9782255,8.869827,-13.993378,11.808875,139.44954,-0.002011817,2.1568973,4.652206,-6.6884623,12.24875,150.03188,0.0015970926,2.2937226,5.2611637,-11.463157,10.539157,111.07383,0.00019693964,1.9857144,3.9430616,-3.0469236,9.662592,93.365685,0.0014669739,1.8368541,3.374033,-15.599733,10.391405,107.98131,-0.00050871004,1.9542032,3.8189104,2787.6616149132487,902.556353660661,814607.9715332282,1657.3010976533237,260.49828321241756,67859.35555661692,4609.601265050439,1094.8997466634937,1198805.4552437828,21.670535240022907,9.206921677567287,84.76740677685844,0.07983656,0.08128472,0.0066072047,146.53127941313693,24.77211452293971,70.10083450255941,226.44649206156825,156.34565755900883,140.20166900511882,0.7278151284503068,0.03368044255878938,0.9713061047669326,191,0.8944921419136524,0.1350736842105258,0.13055793165490026,0.73599999999999,25.663999999999902,-1.1755606e-05,-3.487927e-06,1320,177.71703,10172.623,0.022024412810509424,0.12402165823256618,4.618140101142543,789,0
412,phase1,89.84156249999992,19.296000000000078,4.655967964553876,0.17680438849823202,0.02270923,0.020546192,0.00041499134,0.14644471,0.14602971,0.017015964,0.00042214605,0.3311076526311932,0.14004208896693224,0.019611786682222163,-292.43427,102.958916,10600.538,0.100072876,18.674809,348.74847,18.994623,49.846344,2484.658,0.020334419,9.796034,95.96227,-12.72779,25.778982,664.55597,-0.012760903,4.839621,23.42193,-12.7755995,27.425419,752.1536,-0.0051480765,5.3092303,28.187925,-25.24367,19.16784,367.40604,-0.007148484,3.4478343,11.887561,-6.7471747,15.460014,239.01205,0.00017466639,2.953809,8.724988,-32.835995,22.626001,511.9359,-0.0059696245,4.1975837,17.619707,3.8587732,13.162648,173.25531,0.00018298916,2.4185498,5.8493834,-25.292202,13.861014,192.12773,-0.0039790915,2.6483176,7.013586,2.5069761,13.154304,173.03569,-0.0062336633,2.4826708,6.163655,-13.9645,9.174252,84.166885,-0.0032019347,1.7478949,3.0551364,-9.326763,10.124775,102.51107,-5.4620014e-05,1.8881704,3.5651872,-10.144801,8.179861,66.910126,0.0037322266,1.516732,2.3004758,3081.7442586240677,892.0314985116705,795720.1943369765,1988.0812556315254,264.7884855484304,70112.94207903133,5503.66919525066,763.6938930875606,583228.3623392343,22.125833559324086,10.015693988708525,100.31412607545211,0.09879796,0.09813197,0.009629884,208.66452150922734,179.4034550656047,106.252996181733,1437.8455988521675,1331.5926026704346,170.6259238017108,6.149527004363631,0.2708883024711556,0.8796238233742851,96,0.9358495996265659,0.20099999999999993,0.1496451357935387,0.5760000000000076,19.295999999999992,-1.1620953e-05,-3.639838e-06,563,646.51544,86500.78,0.014582769449466928,0.11048362742058644,2.715892213027798,244,1
412,phase2,86.43199999999997,22.705562500000028,3.8066441293121778,0.2080453510220189,0.019442653,0.01894122,0.00058284914,0.16837358,0.16779074,0.01459847,0.00035876984,0.33756610620968924,0.14013795304783416,0.01963864588443697,-301.77032,99.86013,9972.046,-0.06583291,18.627178,346.97177,16.854952,52.157978,2720.4546,-0.010383992,10.306307,106.21996,-12.105298,24.331244,592.0094,0.002420209,4.5220275,20.448732,-9.324085,26.77455,716.8765,0.014596935,5.048283,25.48516,-22.577667,16.911638,286.0035,0.026506692,3.1063464,9.649388,-6.0159225,15.257043,232.77736,0.0020876112,2.8244765,7.977668,-28.963331,20.794659,432.41785,0.017683065,3.9049475,15.248614,4.9234633,13.44444,180.75298,0.001913076,2.46276,6.065187,-25.683496,14.295892,204.37253,0.0011113862,2.4967496,6.233759,3.4477694,12.778602,163.29266,-0.0037074182,2.3667815,5.6016545,-14.456923,8.770584,76.92314,-0.00085406273,1.5848658,2.5117998,-8.818687,9.597634,92.114586,-0.00020507115,1.7458354,3.0479412,-9.072013,7.4495482,55.495766,-0.0024304786,1.405925,1.9766251,3119.954190595725,874.3676522628698,764518.7913236828,1985.6037850727853,263.0830283242252,69212.6797922451,5537.051542802697,695.974967522274,484381.1554176304,21.81987513650738,9.921853937574978,98.44318555857208,0.105687484,0.10074888,0.010150337,170.00175632292763,27.701401983926534,113.22324603078411,357.39105439674364,244.16780836595953,162.92073075152206,2.2381172703178422,0.21870419225485072,0.9162748160148803,100,0.8643199913567998,0.22723232323232326,0.1819594154040918,0.8639999999999999,22.496000000000002,-1.1378844e-05,-3.8916432e-06,515,467.73798,23471.627,0.014671205770031026,0.1161405530869099,3.5287856349500197,305,1
412,phase3,94.17599999999993,18.268812500000067,5.155014582638308,0.16246914458592804,0.016968912,0.015317139,0.000583073,0.118639395,0.11805632,0.013044957,0.00023461477,0.33424171617103016,0.13584689725352114,0.018454379493408727,-307.9442,93.00475,8649.885,-0.09232714,17.984106,323.42807,16.704952,47.878376,2292.3389,-0.0336057,9.73371,94.745125,-8.94933,23.708298,562.0834,0.011434101,4.322633,18.685156,-8.085074,27.751278,770.1334,0.009472132,5.2506676,27.569508,-20.075256,16.923038,286.38922,0.00096235564,3.1267705,9.776694,-7.0820713,15.502116,240.3156,-0.00019156709,2.9502587,8.704026,-28.047443,21.44624,459.94116,0.007509655,3.9883063,15.906588,4.7909694,12.996629,168.91235,-0.0053134435,2.3667033,5.6012845,-27.6319,14.57046,212.29831,0.00030620763,2.7367496,7.4897985,3.4718838,12.779514,163.31598,-0.0048465314,2.3412209,5.481315,-15.281914,8.971873,80.49451,-0.006331414,1.6799389,2.8221948,-8.223816,9.593834,92.04166,0.003935864,1.8356051,3.369446,-8.962794,8.149932,66.42139,0.0056272475,1.5288774,2.337466,3174.6634472219384,834.2627706731232,695994.3705311961,2029.0522740585857,265.4413521966122,70459.1114559659,5628.639460017074,675.5389096083514,456352.8183948404,21.897800687703644,9.911000992187777,98.22794066714708,0.1064727,0.09587012,0.00919108,171.7498714812863,27.185095759240834,101.45478129445331,282.02769802256034,180.57291672810703,164.81377845643496,1.1858246787988276,0.2438816163221737,0.898218403805867,101,0.9324356343323198,0.18047999999999972,0.12439071347974544,0.5120000000000005,18.047999999999973,-1.12893695e-05,-3.942038e-06,559,549.4583,38584.207,0.013841557976957073,0.11008879331274359,3.206761807679241,302,1
413,phase1,156.30549999999997,14.816000000000031,10.549776555765597,0.08658175623752731,0.032103557,0.02241323,0.0,0.17942217,0.17942217,0.028176738,0.0005023529,0.2555094157570587,0.14975923218529796,0.022427827624729984,-270.4033,101.48834,10299.884,0.03634125,13.761793,189.38696,16.670443,48.65169,2366.987,0.007991769,9.905355,98.11607,-33.885944,35.07865,1230.5118,0.0043694926,6.7876167,46.07174,0.38296485,31.583273,997.5032,0.016576916,6.103909,37.257706,-23.998419,17.909357,320.7451,0.0005434116,3.313144,10.976923,-20.318117,18.298374,334.8305,-0.0062530963,3.3051097,10.923751,-29.39742,15.94269,254.16936,-0.006398293,2.7890542,7.778823,-11.498863,12.323503,151.86871,-0.0025998158,2.3657439,5.5967445,-20.755901,12.791809,163.63037,-0.0043689767,2.3516297,5.530163,-11.361771,12.436934,154.67734,-0.008822829,2.3709629,5.621465,-13.291707,10.737662,115.2974,0.00090455223,1.963164,3.854013,-9.540743,10.239414,104.84561,-0.004546841,1.985936,3.9439418,-13.00239,8.878811,78.83328,-0.003971978,1.5703876,2.4661171,2576.794912526504,1110.9763473969397,1234268.4444754457,1711.2328957656305,430.92106091404077,185692.96073928243,4447.855798896784,1480.9652137448777,2193257.964322411,23.75378177209662,9.753362004639515,95.12807039354574,0.09515635,0.19760194,0.03904653,253.86903645883902,125.74011185343856,93.57338770459413,1413.1442720795428,1319.5708843749487,221.27444703492776,6.802580141925892,0.5445026176992328,0.37984706772673216,65,2.4046999630046155,0.22793846153846206,0.8217212680507078,6.751999999999995,14.816000000000034,-1.1518312e-05,-3.1437935e-06,988,2595.8838,156881.45,0.012111422384757922,0.06884316553282842,2.6678523788350383,417,1
413,phase2,163.5055625,7.616000000000014,21.468689736253936,0.044506372480090074,0.043086015,0.029221525,0.0009607475,0.19321641,0.19225566,0.036828227,0.0008538976,0.28091026654239903,0.14678112921852032,0.021544699894663958,-231.97997,78.12002,6102.7373,0.0059060585,14.639975,214.32884,13.42946,52.278492,2733.0408,-0.0036947825,10.05046,101.011734,-33.963715,36.43523,1327.526,-0.0026077493,7.2006955,51.850014,4.242518,34.729065,1206.1079,-0.00499577,6.880574,47.3423,-26.12267,19.02962,362.12643,-0.0067626014,3.6895955,13.613114,-22.424662,18.778156,352.61914,-0.0057477686,3.7171025,13.816851,-32.273617,16.119785,259.8475,0.0099778045,3.0128286,9.077136,-12.537111,12.481031,155.77615,0.0033629325,2.450918,6.006999,-21.487474,12.9061,166.56743,-0.007146906,2.5159597,6.3300533,-13.012912,12.702013,161.34113,0.0046927626,2.4644299,6.073415,-12.435368,11.321659,128.17996,-0.0032062032,2.1222801,4.5040727,-10.136391,10.504514,110.3448,-0.00018721155,2.0149357,4.0599656,-12.31467,8.653478,74.88268,-0.0014154501,1.6579849,2.7489138,2778.4695314340443,1036.4344396537788,1074196.3477004424,1757.9065555282657,265.79382154977145,70646.35557403174,4691.751005048616,1210.3787255204693,1465016.6591925554,24.095992615418055,10.205077211132563,104.14360088517716,0.059275523,0.07499448,0.005624172,238.86131425698431,57.70419077932386,99.71184887709214,496.74433811469765,397.03248923760555,218.73289323986043,1.392058315348762,0.49008975308711855,0.36231553226964014,62,2.6371864494002186,0.12485245901639326,0.111410897437028,0.5120000000000005,7.615999999999989,-1.1555442e-05,-3.713621e-06,902,2075.261,234390.81,0.013460650204685717,0.08142711121243189,3.944819920117397,645,1
413,phase3,168.92799999999994,7.37906250000006,22.892877937694745,0.041853470844368815,0.03862817,0.024815343,0.00094560813,0.17778505,0.17683944,0.03347401,0.00061580125,0.2770083335696461,0.13334727919361436,0.017781496868339734,-231.49796,74.243385,5512.0806,-0.047132898,14.248833,203.02924,17.21961,48.16449,2319.818,-0.019885043,9.506111,90.36615,-35.10199,33.773964,1140.6807,0.015531459,6.888017,47.444782,4.16163,32.74021,1071.9214,0.0049359202,6.5746207,43.225636,-25.027994,17.702475,313.3776,0.008249845,3.4697452,12.039132,-21.908762,18.984783,360.422,-0.0025067797,3.6374516,13.231054,-34.596252,16.005726,256.1833,0.0019069618,3.1214101,9.743201,-12.95272,12.225209,149.45573,0.00544487,2.3988478,5.7544713,-20.746967,13.252857,175.63823,-9.572095e-05,2.6156979,6.8418756,-13.807534,13.273345,176.18169,0.0057921344,2.4990892,6.245447,-12.741255,11.807973,139.42822,-0.001537436,2.2605035,5.1098757,-10.413481,10.45345,109.27461,0.0053923842,1.9969829,3.987941,-12.562348,9.102798,82.86095,-0.0026589686,1.7589096,3.0937629,2741.185229863962,940.7726014661222,885053.0876693352,1785.2482651465161,250.48583089169063,62743.15147750063,4733.029435117967,1071.5062119199315,1148125.562183001,23.84312666657276,10.29212527407228,105.92784265719742,0.061300676,0.072462805,0.005250858,232.1951900970442,47.670502991387316,97.99885899543732,427.4740541075866,329.47519511214927,217.47308447763714,1.302902999313606,0.4426497276873594,0.32329958421262905,57,2.9636490708131733,0.13028571428571528,0.11677293508063742,0.480000000000004,7.296000000000055,-1.1197492e-05,-4.0510226e-06,1146,1636.9475,134338.56,0.015058969678355775,0.08495851561778603,3.551809054745218,600,1
414,phase1,145.30387499999983,27.296000000000163,5.323266034464131,0.15814611684973795,0.018336724,0.015677974,0.00038470447,0.14607704,0.14569233,0.014841715,0.00024579884,0.2760352395311921,0.16694941095464388,0.02787210581810257,-338.84183,103.5308,10718.627,0.058904313,18.30075,334.91748,12.287424,44.809025,2007.8488,0.0005133116,8.782617,77.13435,-33.23434,36.34485,1320.9481,-0.012289684,7.1321425,50.86746,-1.1377237,26.971378,727.4552,-0.0076712393,5.2143626,27.189579,-31.821625,22.809698,520.2823,-0.0018881853,4.577168,20.950466,-11.059948,15.4640255,239.1361,0.0042337566,2.8793325,8.290556,-31.086184,16.538385,273.51822,-0.0021200057,3.105235,9.642485,-8.385841,13.366739,178.66971,-0.00052406755,2.5289874,6.3957777,-19.311533,12.216922,149.25317,0.0020142267,2.2988813,5.284855,-7.6939263,10.780034,116.209145,-0.00065878936,2.0790334,4.32238,-17.316645,10.029593,100.59274,-0.0032340677,1.8884937,3.5664084,-7.2927284,10.417394,108.52209,3.4438977e-05,2.0476213,4.1927524,-7.601364,7.819332,61.141956,0.00094807084,1.4688798,2.157608,2837.074034019299,1102.2155917201367,1214879.2106309712,1794.3624454421283,308.7389246630152,95319.72360207498,4893.765063033,1258.7779511997605,1584521.930426667,21.883470885856976,7.838827782365348,61.44722100158283,0.08183173,0.10559298,0.011149878,320.7882347806468,146.85350494689405,87.30705785825097,1505.84724520138,1418.540187343129,297.0769881570017,6.622923788086576,0.5228031144748233,0.8632682961097162,149,0.9751937854013829,0.1831946308724835,0.12852825547090474,0.5759999999999934,27.296000000000042,-1.2964734e-05,-2.288513e-06,839,2750.435,76401.54,0.010588417942827716,0.07049391233356217,2.3055131874494084,335,1
414,phase2,141.47199999999995,31.12793750000006,4.544856062344112,0.18034732776192378,0.01689455,0.014150309,0.0,0.15267263,0.15267263,0.014435792,0.00020023125,0.27002143223373193,0.1782960988143633,0.03178949885242121,-348.68433,109.8017,12056.412,-0.0053060106,17.455662,304.70013,14.839632,47.665154,2271.9668,0.0073061395,9.322736,86.9134,-29.508371,35.873554,1286.9119,-0.0011299213,7.255954,52.648865,0.14727792,26.204712,686.6869,0.0022648724,5.1238046,26.253372,-30.833738,22.660786,513.51117,-0.004942274,4.3919516,19.289238,-11.829974,15.140358,229.23044,-0.0010392794,2.821464,7.9606595,-31.440855,17.630558,310.83658,-0.0014179924,3.2326555,10.450062,-7.613981,12.474501,155.61317,0.00035984055,2.3718956,5.625889,-19.214739,12.5034275,156.3357,0.0007965295,2.2670436,5.139487,-7.5669684,10.789809,116.41998,-0.0040381984,2.015429,4.0619545,-17.687052,10.248564,105.033066,0.0016132107,1.8344889,3.3653495,-6.943169,10.028723,100.57527,0.0026749384,1.909985,3.6480424,-6.928515,7.804297,60.90705,8.695162e-06,1.4409213,2.0762541,2729.12124203435,1242.05036346486,1542689.1053831913,1713.4700105114287,430.785102612145,185575.8046325563,4669.592371153133,1532.72798798495,2349255.085152393,21.536254159259084,7.864460818777189,61.84974397008158,0.10729056,0.19104339,0.036497578,313.6315766144654,142.99568485322627,145.9866916572425,2080.94970340778,1934.9630117505374,298.79793764201077,9.53812839725724,0.4744160177096003,0.8574742386566623,148,0.9558918854331626,0.2115918367346942,0.4928168065633721,5.952,31.104000000000045,-1.2343129e-05,-2.423125e-06,910,2261.7349,64179.805,0.011772038720376332,0.07379888067161904,3.7251187514137087,527,1
414,phase3,147.2639999999998,30.566250000000196,4.817862681295095,0.17188442348813093,0.018393407,0.01605128,0.0002898417,0.15654099,0.15625115,0.015209606,0.00025764358,0.27732213841534725,0.16449098583106625,0.027057284419676038,-336.84995,101.83757,10370.891,-0.054112125,19.235485,370.00388,15.588426,45.909687,2107.6995,-0.020017754,8.799892,77.43811,-31.204058,35.88051,1287.4109,0.007918753,7.2582984,52.682896,1.8430662,28.164568,793.2429,-0.0059688035,5.3941565,29.096922,-31.891966,23.00528,529.24286,0.0071319686,4.5449896,20.65693,-11.811462,15.838577,250.86053,0.0077978657,2.903453,8.43004,-31.40715,16.090357,258.8996,0.009127667,3.028784,9.173533,-8.0554905,13.111061,171.89993,0.00430993,2.4121418,5.818428,-20.050833,12.67718,160.7109,0.0038114192,2.386205,5.6939735,-7.7105536,10.675741,113.97145,0.005373928,2.0122416,4.049116,-18.827402,9.899163,97.99343,0.0062724454,1.8678572,3.4888906,-6.833258,10.389888,107.94976,0.0014374302,2.0140395,4.0563555,-8.032304,8.073669,65.184135,-0.00011501316,1.5066354,2.2699504,2816.0750067481326,1093.8302533773262,1196464.6232035055,1777.6970012003321,311.1268117823685,96799.89300986136,4836.800557754588,1246.8808078628906,1554711.7490168149,21.61423130950772,7.805088762364,60.91941058838079,0.07967278,0.102776565,0.0105630215,315.109097211028,124.15408318912775,133.87038650376502,1941.5947270081936,1807.7243405044285,300.528856485967,10.609131619587767,0.4884850664828202,0.9334744791732564,166,0.887132524776309,0.18346666666666697,0.13636353077436902,0.7040000000000077,30.27200000000005,-1.2510059e-05,-2.740985e-06,917,2303.2964,67923.13,0.0122215654890301,0.08104387101421112,3.8570186875271673,568,1
415,phase1,99.51999999999992,16.337000000000074,6.091693328536826,0.14101003823679256,0.010771674,0.0095098,0.00022721277,0.105437145,0.10520993,0.0081684645,9.043629e-05,0.27902852932546257,0.14571223787175908,0.021232056265596096,-364.43466,85.47866,7306.602,0.0528092,15.852654,251.30666,15.035121,48.353313,2338.043,-0.0011979614,9.538815,90.988976,-24.968876,33.28997,1108.2222,-0.0070131687,6.600479,43.566322,1.6462424,30.658495,939.94336,-0.000649453,5.7900434,33.524605,-19.860708,18.781084,352.7291,0.0043059574,3.7156343,13.805939,-18.31669,18.337687,336.27072,0.0020359522,3.4480414,11.888989,-25.560865,16.450668,270.62448,-0.014851826,2.9667823,8.801797,-13.221597,13.5652485,184.01598,-0.007614038,2.6353858,6.9452586,-22.118235,12.538004,157.20155,0.00599867,2.3624358,5.581103,-13.249357,12.194051,148.69489,0.0083317775,2.3077157,5.325551,-17.310087,9.438943,89.093636,0.004968229,1.7875057,3.1951766,-5.0823174,9.517955,90.59147,-0.0032336882,1.7188011,2.9542775,-18.183918,9.58668,91.904434,-0.008351481,1.6881945,2.8500006,2863.3579291101983,1006.4896343160789,1013021.3839857143,1906.3344831616541,260.4127729402067,67814.81231040767,5054.929145954156,1182.792658437191,1398998.4728529176,22.327530383793754,9.07950277766036,82.43737068954219,0.074702084,0.083226725,0.0069266884,294.83969691700366,163.1639118325193,113.87914162255151,1413.1442720795428,1299.2651304569913,255.6500291307247,5.7331217502691585,0.39906103275364235,0.9235523101754749,107,0.9300934492514624,0.15252336448598175,0.15539261976210658,0.9279999999999999,16.320000000000046,-1.3840139e-05,-1.4186528e-06,699,722.13574,19973.236,0.013516277264031666,0.09482759124697417,2.8235530546623817,281,0
415,phase2,101.93706249999991,13.920000000000087,7.323064308687857,0.12014804880798775,0.0117228525,0.010908349,0.00022084099,0.09464304,0.0944222,0.008436189,0.00011899209,0.28654220821251036,0.14209517022278967,0.020191037400643572,-359.83527,90.00769,8101.3843,-0.0034150379,16.09172,258.94348,13.451038,44.066807,1941.8834,0.008117542,8.739703,76.38241,-28.297152,34.476383,1188.6211,-1.3261367e-05,6.483915,42.04115,4.1655087,29.06469,844.7562,-0.00011771096,5.287284,27.955372,-19.887802,19.158838,367.0611,-0.0006510301,3.7144682,13.797275,-20.530035,19.876911,395.0916,-0.017433258,3.57567,12.785417,-27.51356,15.752083,248.12811,-0.0061530434,2.8852284,8.324543,-14.650511,14.098338,198.76314,0.0009665464,2.645841,7.0004735,-22.128073,12.959411,167.94632,0.005132701,2.3366206,5.4597955,-14.484315,12.466906,155.42374,0.01096565,2.337493,5.4638734,-16.285261,10.242242,104.90353,0.005764459,1.9336238,3.738901,-4.401875,9.438671,89.08851,0.008775333,1.7063688,2.9116945,-17.23664,9.3242855,86.9423,0.007647918,1.7400807,3.027881,2895.050622765666,958.4617338825573,918648.895317158,1903.886723309992,273.1281065556922,74598.96259069756,5077.110950013808,1167.612242875353,1363318.3497124123,22.544583865794362,9.068299938421989,82.23406377318425,0.076627865,0.08431586,0.007109164,252.99196945669195,37.18028143596672,101.45478129445331,422.5640958224419,321.1093145279886,246.94165062806206,0.13857505338860954,0.3311239988038873,0.9321831373033475,108,0.943861681075354,0.13009345794392468,0.11838836239143173,0.607999999999997,13.919999999999941,-1.398913e-05,-1.2727807e-06,653,582.3341,29552.887,0.01411256632297988,0.10263612503603492,5.052136949698746,515,0
415,phase3,75.42399999999984,43.94393750000016,1.7163686864344117,0.3681385338504333,0.011115985,0.012088021,0.00022611335,0.185692,0.18546589,0.0077793654,0.00014612026,0.2854254525010051,0.14903657995269606,0.022211902163996367,-369.2898,94.34317,8900.634,-0.003534338,17.830719,317.9345,11.846004,47.11031,2219.3813,-0.019281564,9.399806,88.35636,-27.315544,34.500027,1190.252,-0.0091462005,7.089778,50.26495,2.1270566,28.940403,837.5469,0.018696455,5.56492,30.968336,-16.54875,17.310326,299.6474,-0.008716254,3.3371806,11.136774,-17.081137,19.54436,381.98196,-0.0070929425,3.5441415,12.56094,-24.23657,16.17548,261.64615,0.0125681795,3.0486305,9.2941475,-11.812181,14.087842,198.4673,0.014372137,2.6310592,6.922473,-17.031612,12.332158,152.08212,-0.003943502,2.3028226,5.3029923,-11.92885,12.635511,159.65614,-0.0035766845,2.312736,5.348748,-14.082384,9.237438,85.33026,0.0035958346,1.7173626,2.9493344,-2.7709508,9.248307,85.53119,-0.0032847566,1.6980004,2.8832057,-15.0364895,9.061797,82.11617,0.0003327526,1.6707267,2.7913277,2902.233404669321,979.2460058656649,958922.7400038578,1886.8373519928875,264.77161227480286,70104.00666659855,5060.299266282498,1152.3893487071293,1328001.211013642,22.06247252724682,8.793149527820471,77.31947861860937,0.083249144,0.09356928,0.00875521,288.9337713459373,132.9892133747229,67.32294488175604,1864.6550460723593,1797.3321011906032,257.13099468347406,8.72700883379626,0.3980166174221344,1.558207370383693,186,0.4055053741639487,0.23587096774193547,0.22665587699524298,1.5040000000000049,43.872,-1.4095077e-05,-1.1614377e-06,681,594.7137,20291.191,0.011484743281101578,0.09561351934560465,4.865825201527376,367,0
416,phase1,133.72074999999998,9.02400000000003,14.818343880945886,0.06321773655423424,0.020181194,0.01633928,0.00049421773,0.119431004,0.118936785,0.016058454,0.00026697206,0.2687949424526451,0.12004170551409188,0.014410011062731955,-295.51346,76.06547,5785.9556,0.045904312,12.985591,168.62556,34.809612,58.824905,3460.3694,-0.023410643,11.870559,140.91017,-49.013546,39.356667,1548.9473,0.015313653,7.913094,62.617058,6.3414845,28.764742,827.41034,0.0070871385,5.3682356,28.817951,-18.857763,19.33517,373.84882,0.004293049,3.5159686,12.362035,-17.469894,19.939491,397.5833,-0.002163364,4.046401,16.37336,-23.212826,14.852265,220.58978,-0.014751822,2.7000823,7.290444,-11.378135,15.179747,230.42471,0.0023196258,2.8705578,8.240102,-23.785799,12.6111145,159.0402,0.001184559,2.3274765,5.4171467,4.0154185,11.669689,136.18166,0.0051051234,2.1433935,4.594136,-14.863044,12.591621,158.54892,-0.0048939735,2.1546106,4.6423473,-3.1357756,9.856445,97.14952,-0.0018775503,1.8413517,3.3905764,-18.521894,9.533534,90.88827,-0.008088942,1.6568403,2.74512,2554.4505153044265,987.8678296411898,975882.8488399948,1572.9592381172033,335.0210895850784,112239.13046677315,4130.414985429276,1426.9385868125214,2036153.7305345156,22.432157085387406,9.030797243228035,81.55529884829507,0.061381433,0.07208475,0.0051962105,177.52002444600464,186.77064181727,91.96585291173604,1446.174953670991,1354.209100759255,135.4258854679408,6.012070600228878,0.2853620263875001,0.6164850195891617,88,1.5195539600050685,0.10372413793103548,0.07655524481911198,0.38400000000000034,9.024000000000086,-1.18987755e-05,-3.3527426e-06,853,404.83133,19846.734,0.012253835302157142,0.09928541716102393,2.4379163293654877,326,0
416,phase2,132.9848125,9.759999999999991,13.625491687961931,0.0683737631446326,0.015895752,0.012120161,0.0004630008,0.10485679,0.10439379,0.012883748,0.00014689831,0.2728561815246021,0.12200385839847841,0.014884941464115972,-314.43475,71.78943,5153.7217,0.007820868,12.493387,156.08472,35.04503,61.32012,3760.1575,0.004625594,12.247261,149.99539,-46.787773,38.83903,1508.4703,-0.006661528,7.690658,59.146225,8.460227,30.423704,925.6018,0.0017235201,5.8345146,34.04156,-16.090204,19.721958,388.95566,-0.0019695137,3.5999951,12.959966,-18.491966,21.596624,466.4142,0.009178945,4.1515207,17.235125,-23.792004,14.647628,214.553,0.004970188,2.8360884,8.043397,-10.220037,14.627373,213.96004,-0.013511331,2.787245,7.7687354,-24.191843,11.524595,132.8163,0.0021390922,2.1855872,4.776791,1.9062612,11.119091,123.63418,0.0017604051,2.174724,4.729425,-14.457721,11.745348,137.9532,-0.005622342,2.0327208,4.131954,-3.739413,9.166968,84.0333,0.003062132,1.7350357,3.0103488,-17.10838,9.004561,81.08213,0.00030996115,1.5567561,2.4234896,2561.358560208654,1011.884273465383,1023909.7828865659,1561.1497740019154,334.46423264545547,111866.32291911336,4074.5558731226183,1473.1699230607917,2170229.622210939,22.02466496858144,8.795102607906776,77.35382988360857,0.063806176,0.076530464,0.0058569117,131.33200943412606,29.316630054677002,89.86534992826049,339.28638158974695,249.42103166148647,124.18608452867444,2.9714577555678936,0.28267204656295175,0.6445067837403899,92,1.4454870766794883,0.10725274725274739,0.09154481199031779,0.41600000000000037,9.760000000000012,-1.1575964e-05,-3.677395e-06,799,214.59975,10912.032,0.01365855673070087,0.1106716020547448,4.564430994704752,607,0
416,phase3,121.79199999999994,25.278437500000052,4.8180191193376,0.17187980079273274,0.01437864,0.013359043,0.0,0.12508957,0.12508957,0.010954161,0.00017846402,0.25580158017841603,0.13343667986895916,0.017805347534451087,-337.46588,110.26722,12158.86,-0.030234322,11.344691,128.70201,34.549873,55.05893,3031.4856,-0.0054736235,10.6550665,113.53045,-45.425453,38.78134,1503.9924,0.01490308,7.2750974,52.927044,6.428744,26.854868,721.1839,-0.009026174,4.8545656,23.566809,-15.541925,18.853012,355.43607,-0.0005907589,3.3790212,11.417785,-18.532188,20.151735,406.0924,0.011381275,3.6064236,13.006291,-22.027014,15.626228,244.17902,-0.003335258,2.6065228,6.7939615,-8.164004,13.795448,190.31439,3.3415745e-05,2.534863,6.4255304,-20.470367,11.88971,141.3652,0.0031625351,1.9517628,3.8093781,4.173306,10.762312,115.82736,-0.0006176822,2.0420346,4.1699057,-11.940911,11.301162,127.71625,0.0033613052,1.8529136,3.433289,-4.4609537,8.910686,79.40032,-0.00024812424,1.696168,2.8769855,-16.314386,9.767675,95.40748,0.0021363276,1.5256666,2.3276584,2414.0795384076914,1115.252513112025,1243788.1680026879,1493.128098650415,490.26506398541517,240359.8329646232,3893.598033616188,1680.080780613785,2822671.4293878255,21.686219830027817,8.652401733158499,74.8640557519642,0.11843891,0.22772901,0.0518605,130.29020309623024,25.08795303916716,68.49972922973525,251.2581146483697,182.75838541863448,124.18608452867444,1.5430133191810642,0.32441253256648983,0.7207430793153111,106,1.1489811212360266,0.24045714285714237,0.8645936786234595,8.927999999999997,25.247999999999948,-1.0972281e-05,-3.4290836e-06,820,274.77377,25466.254,0.012531271051510902,0.10143035515705763,3.859038360483449,470,0
417,phase1,116.67199999999987,28.33000000000014,4.1183196569601,0.19537661549495963,0.017434655,0.014804181,0.0005362983,0.20658441,0.20604812,0.014745955,0.00021916378,0.2948269553660084,0.14202820926759643,0.020172012227760168,-313.7049,86.596596,7498.9707,0.028541662,16.809603,282.56277,13.402923,42.04861,1768.0858,0.008439038,7.9927263,63.883675,-43.45392,36.012604,1296.9077,-0.0017512772,7.1663194,51.356133,7.163316,27.352259,748.14606,0.01181884,5.2912445,27.997269,-30.739998,22.002768,484.1218,-0.0010303231,4.2447977,18.018309,-15.850192,16.24958,264.0489,-0.006646225,2.8688343,8.230209,-28.137735,14.092039,198.58556,-0.00029233505,2.5512328,6.5087886,-14.0002165,14.617673,213.67636,0.003133648,2.6883051,7.226985,-14.401318,13.238153,175.2487,-0.0027732742,2.4432745,5.96959,-10.31376,11.205411,125.56123,-0.004805061,2.086367,4.352927,-16.630196,8.477369,71.86579,0.00017692405,1.4955984,2.2368147,-5.001346,9.289713,86.298775,-0.0038434246,1.7109747,2.9274342,-10.254384,7.64779,58.488693,0.003109353,1.4141166,1.9997257,2832.264823394371,916.8716319541,840653.5894821746,1739.580507790166,312.24257976187954,97495.42861635369,4713.523278905561,1201.22849608745,1442949.8998125165,22.830151638278785,9.38832923509801,88.14072582659598,0.084541984,0.10174964,0.010352991,253.80888428047558,149.49839224508722,97.43442710125966,1479.9776908465376,1382.543263745278,225.1422562392905,6.8224352530883055,0.4346866724548352,1.172397622101764,170,0.686305878315847,0.16658823529411854,0.12771247984692213,0.5760000000000076,28.320000000000153,-1.316984e-05,-2.1079295e-06,738,1012.91095,58511.266,0.011698209995133414,0.07058206180579736,2.8113000548546383,328,0
417,phase2,128.36199999999994,16.64000000000007,7.714062036414504,0.11475703783396139,0.018409275,0.0137918815,0.0006971274,0.101835646,0.10113852,0.015938483,0.00019021599,0.2947866603113967,0.13981046729241275,0.01954696676452282,-311.53015,82.33345,6778.797,0.086135656,15.7788315,248.97151,6.454122,44.809216,2007.8658,-0.023045199,8.741535,76.41444,-40.75677,37.040535,1372.0011,-0.016702827,7.2976,53.254963,11.751752,27.25949,743.0797,-0.0020259367,5.166178,26.6894,-30.943819,21.85503,477.64233,-0.00683533,4.2447486,18.01789,-17.135046,16.11702,259.75833,-0.00026609786,2.9903545,8.942221,-30.50211,14.104396,198.93398,-0.0024817693,2.6375873,6.956867,-12.762099,14.872601,221.19424,0.003887961,2.8005893,7.843301,-14.554689,13.391607,179.33514,-0.00030378735,2.4154105,5.8342085,-11.482167,11.553309,133.47896,0.0014867204,2.1706488,4.711716,-14.476549,8.588804,73.767555,-0.0052521806,1.5713936,2.4692779,-4.8202205,8.904242,79.28552,-0.0039977045,1.6285044,2.6520267,-11.200272,7.922802,62.77079,0.0001855229,1.4893802,2.2182536,2898.7939937055694,906.2572232621637,821302.1547148473,1730.04130983116,308.74502673051796,95323.49153082827,4760.067299205649,1119.4246199619083,1253111.4797768628,23.09154283318098,9.271417580122607,85.95918394500656,0.07947456,0.096331306,0.0092797205,253.9092625036662,58.50708367772789,80.5247132770094,511.30005826144946,430.77534498444004,234.43211035826653,1.3267660838148807,0.4300529566570933,0.7241279430628542,105,1.2224952264524258,0.1584761904761907,0.10857396822426521,0.4480000000000075,16.640000000000022,-1.3202864e-05,-2.0899972e-06,619,954.4129,54978.402,0.011390803160398043,0.06977447162827304,3.155139371465077,405,0
417,phase3,136.28799999999995,13.108000000000033,10.397313823824062,0.08773996626415723,0.018183691,0.013365373,0.0007003275,0.08891075,0.088210426,0.015739432,0.0001786332,0.2942247486747698,0.1413212225789144,0.01997168795119907,-309.13696,81.0526,6569.5234,-0.079322614,15.194313,230.86716,10.357138,42.47307,1803.9617,0.01716918,8.192644,67.119415,-40.61167,36.899498,1361.5729,0.0061682095,7.2857666,53.082397,7.4542174,27.508041,756.6923,-0.0037067467,5.292035,28.005634,-33.040672,23.380535,546.6494,0.006071096,4.6439633,21.566395,-13.8999405,16.09108,258.92282,0.0034383913,3.0734205,9.445913,-26.478739,13.808491,190.67442,0.0022441207,2.5707269,6.608637,-13.002096,14.637978,214.2704,-0.00044163884,2.751419,7.5703073,-14.170904,13.383193,179.10985,-0.001705572,2.4451792,5.978901,-11.4373045,11.879758,141.12865,0.0004136714,2.1671772,4.696657,-15.20277,8.687779,75.477516,-0.0021129444,1.6113144,2.596334,-5.4946775,9.022842,81.41169,-3.065259e-05,1.6639937,2.7688751,-10.227695,8.119538,65.926895,-0.0012211149,1.5185196,2.3059018,2870.7018466811182,924.3753502103732,854469.78807655,1742.2991927076475,306.9910512473125,94243.50554593006,4760.568376526023,1117.0579779444763,1247818.5260894021,23.19182962895175,9.317283151192475,86.81176531949518,0.079039685,0.09514428,0.009052434,235.02975417862095,48.65638621646256,99.13755088719131,447.69106452518196,348.55351363799065,217.47308447763714,1.3771270679925296,0.457699721469758,0.6492811052504753,97,1.4050309133501964,0.1350000000000005,0.11741237867732136,0.7680000000000007,12.960000000000049,-1.3200403e-05,-2.0068019e-06,760,1187.2288,93457.35,0.01122596370737069,0.07319609610947762,3.0596971119981227,417,0
418,phase1,151.9679999999999,41.75518750000009,3.639499795336802,0.21554047318161174,0.018503688,0.016535863,0.0,0.14907755,0.14907755,0.015164454,0.00027343477,0.20339575655042122,0.13786953366358928,0.019008008312615576,-345.255,104.609566,10943.161,-0.033496127,15.325363,234.86674,30.476336,42.45756,1802.6445,-0.0052439417,8.195705,67.169586,-39.53483,32.36018,1047.1812,0.0052887537,6.1917377,38.337616,-2.9336925,22.230295,494.18607,0.0015828294,4.2315984,17.906425,-12.478988,17.627745,310.7374,0.008412129,3.4202983,11.6984415,-17.92363,17.731733,314.4144,0.009066459,3.1885126,10.166613,-24.415092,16.572718,274.65497,0.0014206996,2.9553702,8.734213,-11.357211,12.242339,149.87486,-0.00034637595,2.22224,4.93835,-20.132559,14.6422,214.39404,0.003947123,2.6281688,6.907272,-8.609087,11.959598,143.03197,-0.0024910152,2.2554317,5.086972,-12.641432,10.041394,100.829605,-0.004027312,1.7718648,3.139505,-7.633721,9.468318,89.64904,-0.001850961,1.7410098,3.031115,-10.58679,8.001234,64.019745,0.0035893358,1.4567454,2.1221073,2279.4959812358156,1056.1935602347103,1115544.8366812724,1656.798793501531,495.38765339663786,245408.92713782738,4006.4394408655435,1700.2792958946775,2890949.6840481,23.571003941352323,8.851836368778054,78.35500709962184,0.11647017,0.22671172,0.051398207,255.5488812741845,45.034664845006866,171.61434972294217,447.69106452518196,276.0767148022398,242.6993408760242,1.1883580965662863,0.6627023454471915,0.7897867156454877,153,0.9932548954689217,0.2741052631578947,0.8469719373178064,10.463999999999999,41.663999999999994,-1.3133304e-05,-1.3358842e-06,896,1682.5334,94717.03,0.009839050544154758,0.0751118277377941,2.592651084438831,394,1
418,phase2,152.76324999999986,40.96000000000015,3.7295714421491177,0.21143564337269868,0.020431004,0.020213911,0.0,0.15953021,0.15953021,0.0152886445,0.00040860218,0.21760503128097125,0.13654127421122367,0.018643519563224572,-333.30386,103.06361,10622.106,0.043762233,16.879246,284.90894,31.061855,43.487736,1891.1832,0.018123796,8.052183,64.83765,-39.034996,33.187473,1101.4084,-0.0041792886,6.509609,42.37501,-1.022242,21.484024,461.56326,-0.007840902,4.1131487,16.917994,-11.408302,17.743685,314.83832,-0.011074969,3.311954,10.969039,-18.794535,18.691305,349.36487,-0.008162708,3.4481213,11.889541,-27.068579,16.506338,272.45923,0.0041781263,3.065645,9.398179,-12.567452,13.283541,176.45245,-0.0004525443,2.4072983,5.795085,-20.533844,14.15787,200.44528,-0.0030613737,2.6432462,6.9867506,-10.839598,11.727622,137.53712,-0.0037068462,2.2481813,5.05432,-12.548831,10.160059,103.22679,0.0016888876,1.8685973,3.4916558,-9.660166,10.187811,103.79149,0.00090932124,1.8670629,3.4859238,-12.837512,8.467699,71.701935,6.690024e-05,1.5154325,2.2965355,2405.3717698262103,1006.3908333147859,1012822.5093800293,1731.5394546908826,414.5849923067089,171880.71584595388,4230.676515526924,1580.5447013670853,2498121.553019569,23.358362987351622,9.194477237192354,84.53841166524835,0.09325989,0.16999727,0.028899074,258.41247401798273,92.02069575160172,160.1218501126406,1405.0051599877036,1244.8833098750629,239.91170118635668,9.171276013412738,0.6172778327358311,0.8207584789125724,159,0.9607751511900925,0.25761006289308197,0.332259236365689,3.3599999999999994,40.96000000000003,-1.3163471e-05,-1.7218683e-06,950,1205.365,75332.42,0.010752208008757376,0.07839152665622026,4.425148064079552,676,1
418,phase3,154.65599999999984,44.93762500000017,3.44157032238417,0.22514559270117052,0.021587454,0.02085328,0.00036669924,0.16628179,0.16591509,0.015907563,0.00043485928,0.22093027988738378,0.1326208831417944,0.017588298645309485,-329.53073,101.16521,10234.399,-0.052693054,17.69063,312.9584,33.69762,41.92825,1757.9781,-0.016499288,8.314479,69.130554,-37.367153,32.48899,1055.5344,0.006341143,6.408371,41.06722,-3.793149,21.137798,446.80655,0.007535924,4.0912642,16.738441,-10.912225,17.573484,308.82736,0.0044045113,3.3245547,11.052664,-18.634758,18.539673,343.71945,0.009550191,3.5972195,12.939987,-30.033506,16.866116,284.46588,-0.0013224509,3.1219592,9.74663,-10.295359,12.584863,158.37877,0.0009941065,2.2842104,5.217617,-22.721203,15.082018,227.46725,0.0037141165,2.8881686,8.341517,-11.385364,11.551005,133.42572,0.0050304728,2.2452424,5.0411134,-11.455447,10.855564,117.84327,-0.0012083219,1.9789897,3.9164002,-8.32665,9.779851,95.64549,0.0013229332,1.870487,3.4987216,-11.594338,8.2003565,67.24585,0.00058199663,1.5160629,2.2984467,2446.238746012918,921.8319549992572,849774.1532577525,1805.903869494932,313.705980358409,98411.4421126305,4392.715263305547,1440.9653869052931,2076381.2462591212,23.581981681727534,9.165762596234138,84.01120397052476,0.07564582,0.10293622,0.010595866,258.32096788697663,49.41031943723093,109.36644661993022,557.5766672463074,448.2102206263771,246.94165062806206,1.4565404089002538,0.6227957677744796,0.8868018705507252,177,0.8737627069278934,0.25418181818181956,0.20386707709673688,1.215999999999994,44.736000000000246,-1.3173479e-05,-2.0883035e-06,928,1498.0823,108072.42,0.010133501312370181,0.07047017494030744,3.3816987378439927,523,1
419,phase1,172.33424999999988,12.832000000000107,13.430037139180277,0.06929988591333522,0.022458043,0.018142572,0.0004778175,0.13125707,0.13077925,0.017660871,0.0003291529,0.27252303789744253,0.12327989854519905,0.01519793338531457,-307.82443,81.05349,6569.6685,0.037876546,15.619698,243.97496,9.142705,37.12363,1378.1638,0.008141275,6.8711543,47.21276,-45.033905,39.85005,1588.0267,-0.008821034,7.9793377,63.66983,14.094592,27.550165,759.0116,0.009114112,4.952451,24.526773,-37.031425,21.2862,453.1023,-0.0013925629,4.3093996,18.570927,-14.5587225,18.658297,348.13202,-0.0030651507,3.377079,11.404662,-24.916445,14.598206,213.1076,-0.009176578,2.7527804,7.5778,-19.165876,15.434715,238.23042,-0.0060195015,2.9373884,8.628251,-13.063351,15.378656,236.50308,-2.2285525e-05,2.8442926,8.090001,-15.954499,12.330992,152.05336,0.00052098004,2.4343119,5.925874,-13.472301,10.7921915,116.47139,0.0025453889,2.0107267,4.043022,-12.564222,11.153473,124.39995,-0.004341046,2.116168,4.478167,-6.7679105,8.797858,77.402306,-0.0030233893,1.6559523,2.742178,2730.597220667874,803.0929356085857,644958.263224416,1717.2880097016575,300.04333027655565,90026.00004344627,4598.947533264213,1057.2432081711838,1117763.2012240973,24.44695438516421,8.741729870025818,76.41784112050159,0.05875385,0.081042364,0.0065678647,276.46776991142724,102.13781689078778,173.60841241450115,1396.9129257320158,1223.3045133175146,255.6500291307247,8.135927048037678,0.6590634178919883,0.6912706824272782,128,1.3463613176065514,0.1002500000000009,0.08839647900227768,0.5120000000000005,12.832000000000114,-1.3488661e-05,-1.778062e-06,1030,1959.8894,150952.69,0.008375079305877536,0.06716131459874461,2.3384788572207804,403,0
419,phase2,167.69431249999988,17.472000000000122,9.597888215551196,0.09435841630210205,0.024810517,0.020588528,0.0004975891,0.16223764,0.16174005,0.019407908,0.0004238875,0.2629908800166321,0.12348478938549298,0.015248493209579559,-296.88947,81.9176,6710.493,0.069131225,15.836157,250.78387,15.873629,38.117805,1452.967,-0.0122466665,6.7838435,46.02053,-50.944553,41.492813,1721.6536,-0.03357832,8.177427,66.870316,15.252411,26.915726,724.4563,-0.0051517757,4.956344,24.565346,-39.849873,22.256784,495.36447,-0.008588552,4.4040923,19.39603,-13.478561,18.153011,329.5318,-0.0032592644,3.2012944,10.248285,-28.998466,15.525598,241.04417,0.00024066161,2.8108752,7.9010196,-19.052145,14.056875,197.59573,0.0024416042,2.611603,6.82047,-14.219244,14.552004,211.76082,0.010421057,2.7954667,7.8146343,-16.005898,12.444043,154.85422,-0.004983578,2.3857305,5.6917095,-11.637468,11.17454,124.87033,0.001196045,2.0172234,4.0691905,-12.666261,10.8356905,117.41219,0.0064622,2.0540817,4.2192516,-6.1218543,8.595038,73.87469,-0.0034628804,1.5811938,2.5001738,2650.9757434390126,806.144423601971,649868.831704554,1660.4754569345207,306.3649566421353,93859.48665833747,4491.023792552272,1051.8542694122505,1106397.4040807793,24.458891100769886,8.829728912294351,77.96411266460679,0.057310358,0.08239193,0.0067884307,252.75960092185818,43.823317210923044,110.63722351746388,541.703541871763,431.06631835429914,241.30149553281768,1.5472444019430516,0.6473129426909775,0.8910908132925096,165,1.0163291605070952,0.10589090909090983,0.097228067912937,0.4479999999999933,17.472000000000122,-1.3641093e-05,-1.640082e-06,1000,1607.3363,95388.85,0.00920872638773576,0.07081821185452818,3.8582107547624815,647,0
419,phase3,171.60943749999993,19.168000000000063,8.952912591146012,0.10047309708728037,0.024330009,0.018973948,0.0005060489,0.1720466,0.17154056,0.020196239,0.0003600107,0.25830635037529354,0.12228558578701106,0.01495376449127244,-300.0776,80.01775,6402.841,-0.02328202,15.493828,240.0587,15.947639,39.072605,1526.6686,0.003919044,6.80209,46.26843,-51.47459,41.19361,1696.9135,-0.00064469664,8.014594,64.23371,13.67876,26.338837,693.7343,0.0033864155,4.7900305,22.944393,-39.718403,22.468765,504.84543,-0.0042268955,4.3853273,19.231094,-13.641893,18.77028,352.32346,-0.0064551164,3.247866,10.548634,-27.265373,15.3807535,236.56758,0.002588023,2.815849,7.929006,-19.908855,14.978927,224.36826,0.0054900437,2.7048166,7.3160334,-13.214122,15.86157,251.58942,-0.0020696588,2.9812653,8.887942,-16.792355,12.150086,147.6246,-0.0034605665,2.3705363,5.6194425,-11.645715,11.482797,131.85463,0.0014071814,2.0604644,4.2455134,-12.140367,10.380268,107.74996,-0.0008634286,1.9734272,3.894415,-7.897295,8.60042,73.96722,-0.0016577711,1.5866892,2.5175827,2615.603985360241,801.3273504544743,642125.5225863879,1662.6064438666278,305.58722624567235,93383.55284452374,4453.96102398524,1042.5672796606236,1086946.5326189531,24.58440564665956,8.754890171080572,76.6481019076832,0.05354213,0.078280345,0.006127812,261.1522420806477,49.71795264166867,106.252996181733,529.3310158761313,423.07801969439834,246.94165062806206,1.8237699051042453,0.6697416973046391,0.9854414781098001,188,0.9128161520594882,0.10250267379679076,0.0926112208544125,0.6080000000000041,19.16799999999987,-1.3650304e-05,-1.5899104e-06,991,1900.9703,146850.7,0.0084567788175168,0.06714303088859676,3.2748781663013156,562,0
420,phase1,71.81587499999979,54.84800000000021,1.3093617577785472,0.43302006985022534,0.01204827,0.015407359,0.0003835763,0.23593318,0.23554961,0.008639815,0.00023738672,0.2745486204297171,0.11833441863360149,0.01400303463335245,-336.9025,84.368286,7118.0083,0.062308516,14.577618,212.50694,35.55283,46.511936,2163.36,0.017702596,8.969432,80.45071,-23.713898,26.217276,687.3456,-0.008035279,4.8371186,23.397717,-11.058104,30.886938,954.0029,-0.0036445367,5.520291,30.47361,-11.728594,17.894255,320.20438,0.0003683616,3.077153,9.46887,-5.4367595,14.79186,218.7991,0.0005269346,2.739979,7.5074844,-20.3533,14.689797,215.79015,-0.013111483,2.6084704,6.804118,5.0002594,13.426412,180.26854,-0.007986395,2.4004776,5.762293,-22.430147,12.960975,167.98686,-0.0012521438,2.375168,5.6414237,3.3943262,13.825221,191.13675,0.0046030013,2.3446667,5.4974623,-12.945125,10.192259,103.88215,-0.0007517721,1.7588665,3.0936115,-3.954677,8.978711,80.61725,-0.0012209042,1.6106285,2.594124,-9.787139,9.133975,83.429504,-0.0014722771,1.5827359,2.5050528,2701.938415390786,816.2499638913915,666264.003552698,1909.5820462570146,241.4355017398478,58291.10150037206,5057.108802727962,965.2570824335479,931721.2351881252,21.846692375167017,8.811489972278956,77.6423555315726,0.08335793,0.08502073,0.0072285244,195.3971169696384,201.90001023802344,71.32617550580554,1462.9786972113066,1391.652521705501,147.682975305829,4.751509465293928,0.3730740084937929,1.6737210984584199,212,0.3387541257605928,0.25871698113207603,0.2623410122203037,1.5360000000000014,54.84800000000011,-1.1372823e-05,-3.8527473e-06,663,427.95026,22590.545,0.012307204016621701,0.12672548743829867,3.815312422218636,274,0
420,phase2,113.28787499999996,13.376000000000047,8.469487629374397,0.10560232741971654,0.008131878,0.006922836,0.00040495407,0.05881091,0.058405954,0.0061846892,4.7925656e-05,0.29700203452576407,0.12288289874575911,0.015100206804160488,-361.66406,76.657326,5876.3457,-0.01579996,14.274057,203.74872,31.840107,49.85743,2485.7634,-0.037390254,9.855528,97.131424,-23.64031,25.1509,632.5678,0.0027934897,4.755406,22.613886,-10.072018,28.498957,812.1905,-0.0031601144,5.413778,29.30899,-14.45196,15.828291,250.53479,-0.014547912,2.919782,8.525126,-7.1088448,15.00414,225.1242,0.007333384,2.8634472,8.199329,-22.25481,12.276401,150.71002,0.004502395,2.276138,5.1808043,5.658317,12.657174,160.20406,0.0014187951,2.3747056,5.639226,-24.804405,12.382362,153.3229,0.0016058722,2.418295,5.84815,4.5409865,12.860096,165.38208,-0.0052421815,2.460801,6.0555406,-15.982607,8.389099,70.37698,0.0005887374,1.5295879,2.3396392,-1.6772983,7.9647527,63.437286,0.0046319203,1.4155406,2.003755,-12.837477,7.6510115,58.53798,0.000785766,1.4185445,2.0122685,2825.768285941903,858.6277938726728,737241.688410653,1930.9648365377175,243.82431151399635,59450.294885274336,5203.468363223036,929.956511458939,864819.1132048797,21.17988373263793,8.542802833502392,72.97948025209651,0.09641478,0.089355946,0.007984485,139.22308566313754,11.67226654889333,105.03257643014581,210.06515286029162,105.03257643014581,137.79308824865404,1.3033343088149667,0.31927254349096423,0.7263317974442199,92,1.2313899322675004,0.146989010989011,0.1840999187914588,1.3759999999999977,13.376,-1.1567883e-05,-3.701506e-06,646,150.04602,4866.3823,0.012439260982893392,0.1137133510384971,3.8221212993888374,433,0
420,phase3,113.3821874999999,17.12000000000009,6.622790939089273,0.13118554047226288,0.008771976,0.007751259,0.0004034206,0.06672506,0.06632164,0.0064838068,6.0082017e-05,0.2897442263345796,0.12057228833350064,0.014537676713976816,-361.67438,80.81504,6531.071,0.024847226,15.228834,231.91739,33.084126,46.817307,2191.86,0.0056861145,8.737056,76.336136,-21.75393,25.6753,659.22107,-0.009144547,4.8179007,23.212166,-8.371956,31.027428,962.7013,-0.01105575,5.676861,32.22675,-14.579277,17.588867,309.36823,-0.0071231397,3.121081,9.741148,-6.4515705,15.759559,248.3637,0.0041734874,2.9691272,8.815716,-23.567385,13.684468,187.26468,0.0008233803,2.4825664,6.163136,7.443801,12.899584,166.39926,0.001521466,2.3155065,5.36157,-24.860344,13.011848,169.30821,0.0034053535,2.280009,5.198441,3.1514585,11.741408,137.86067,0.0077434066,2.2474713,5.051127,-14.5018635,9.042972,81.77533,-0.006190259,1.5820351,2.502835,-2.6761613,8.316105,69.15759,-0.0020535942,1.5093765,2.2782176,-12.921664,8.88334,78.913734,0.0031334325,1.6167196,2.6137822,2807.190793507046,818.4853550610704,669918.2764494464,1939.5893536199246,250.04548271748854,62522.74342742186,5195.410180191223,896.8358773721143,804314.5909418099,21.42109873828344,8.552557712867598,73.14624343193104,0.09418421,0.09215634,0.008492791,140.60075457443878,11.217521235661383,95.20902171067573,214.97519305553408,119.76617134485835,139.3941668115768,0.893886851505838,0.36209855347827935,0.8582231619680705,112,1.0123409507826693,0.15285714285714241,0.1745241928144954,1.3119999999999976,17.11999999999995,-1.1362466e-05,-3.895891e-06,693,199.83823,5675.214,0.011870028950505887,0.12075607008152386,2.707656350341629,307,0
422,phase1,218.31268749999987,29.344000000000136,7.439772357559518,0.11848660456625115,0.01342351,0.0112082055,0.0,0.0971448,0.0971448,0.010536443,0.00012562388,0.2892844345526486,0.14458749730051257,0.02090554437562573,-345.7951,87.48985,7654.474,0.02178753,15.53612,241.37103,6.1351037,43.28672,1873.7402,0.0073241903,8.223283,67.622375,-34.812668,38.755337,1501.9762,-0.004717567,7.6212544,58.08352,2.0219967,26.302803,691.83746,0.0072567244,4.8694267,23.711319,-36.99816,24.030193,577.4502,-0.0009681815,4.6422057,21.550074,-13.329547,18.359753,337.0805,-0.003177601,3.2814944,10.768205,-30.36215,14.880788,221.43785,-0.0039656726,2.778488,7.719995,-3.54172,13.627608,185.71172,-0.00013438035,2.488381,6.192039,-22.730219,12.991837,168.78783,-0.0013622992,2.2946749,5.265533,-7.2978873,9.415654,88.65454,0.00034157952,1.7405038,3.0293534,-19.209969,9.47493,89.7743,0.0018315545,1.7327774,3.0025172,-1.8615497,8.350514,69.73109,-0.002311147,1.535827,2.3587646,-11.435578,9.841589,96.856865,-0.0031131273,1.9030094,3.621445,2925.0727926582513,975.7060192559204,952002.2360122345,1776.6686414315516,312.6486329281582,97749.1676718462,4937.18709625323,1193.2668395050086,1423885.7502622723,21.938662272919707,7.906131030336692,62.506907868852714,0.08392821,0.113473564,0.01287625,321.6055645807809,168.12417352027185,66.16637698451642,2033.4207464951999,1967.2543695106835,300.528856485967,7.278565563168924,0.40284237720893507,0.7066233573846052,175,1.247501064299993,0.16864367816092043,0.19401706152084663,1.8240000000000123,29.344000000000158,-1.4015247e-05,-1.1708414e-06,1401,696.5635,27821.203,0.013246378843582556,0.08330397300407556,3.1239595270888705,682,1
422,phase2,198.85674999999975,48.80000000000024,4.074933318136588,0.19704692078855207,0.016222829,0.014592741,0.00039824095,0.1684161,0.16801786,0.012432875,0.00021294807,0.29470852006621445,0.15024427836235785,0.02257334318062567,-332.4116,88.336586,7803.352,-0.0014624366,15.806513,249.84584,4.3857746,44.453423,1976.1069,0.009673444,8.369617,70.0505,-32.325718,40.47168,1637.9568,-0.0060731214,7.9541574,63.26862,4.4380875,26.02462,677.2808,0.0026031889,4.8984632,23.994942,-39.82424,25.72615,661.83484,-0.005410383,4.860537,23.624819,-12.496788,18.309685,335.24457,-0.0039399206,3.2923565,10.839612,-29.27489,15.653468,245.03107,-0.00491418,2.9412968,8.651227,-4.0879827,13.548976,183.57475,0.0009375747,2.555227,6.529185,-21.269873,12.72327,161.8816,-0.0038849756,2.2665186,5.137107,-6.1645355,9.70956,94.275566,-0.0030198186,1.7790672,3.1650798,-17.265364,9.525126,90.72803,0.0012223055,1.7522202,3.0702755,-1.264487,8.673702,75.233116,-0.0009757506,1.6178602,2.6174717,-10.008275,9.879055,97.59573,0.0014117762,1.895988,3.5947707,2990.9767862138665,968.2966029186755,937598.3112238472,1775.8237796885653,280.7507718742454,78820.99590798457,4988.544694767442,1126.4684422514015,1268931.1513882992,22.095605270024528,8.025871188129326,64.41460832844444,0.076903984,0.08661216,0.0075016664,323.69941177228264,177.5045495717691,113.87914162255151,2021.7091047947818,1907.8299631722302,298.79793764201077,7.243473772377511,0.4198966407726232,1.0215752245799883,253,0.7859950561818367,0.19365079365079357,0.22616935351108935,1.7920000000000016,48.79999999999998,-1.4023516e-05,-1.2023046e-06,1254,804.7062,41635.6,0.013057924364687352,0.08803055827677753,4.470554808926532,889,1
422,phase3,209.98399999999992,45.177500000000066,4.647977319506885,0.1770545321296515,0.013195429,0.011352274,0.00039840478,0.12178977,0.12139136,0.010551338,0.00012887412,0.2994973532143529,0.14623725793870176,0.02138533560943039,-346.97382,86.299194,7447.5513,0.01160085,15.596602,243.25401,4.2479396,44.137505,1948.1194,-0.007984285,8.351127,69.74132,-34.826683,38.544533,1485.6809,-0.00032951828,7.679767,58.97882,2.8391438,27.474203,754.8318,0.007661607,5.150856,26.531319,-37.41268,24.957165,622.86005,-0.010652299,4.7427344,22.49353,-13.899427,18.0971,327.505,-0.002540711,3.3710842,11.364209,-29.51934,14.537496,211.33879,0.0041168286,2.68381,7.202836,-4.623116,13.0176115,169.4582,0.0029109383,2.3488789,5.517232,-22.349245,12.494216,156.10544,-0.0011421795,2.245309,5.0414133,-6.4704037,9.0835285,82.51049,-0.00035160623,1.6467531,2.7117956,-18.75295,9.390669,88.18466,-0.0018898547,1.7389591,3.0239785,-1.7607372,8.667514,75.1258,0.00041539548,1.5927842,2.5369613,-13.484628,8.792592,77.30968,-8.0708065e-05,1.6514215,2.727193,2989.0419054158833,948.0641875826652,898825.703776779,1790.240843317439,272.1277762986256,74053.5266332348,5011.014312139453,1130.473161252308,1277969.568311787,21.65102469307084,7.996784778435743,63.948566792621605,0.0853332,0.08993903,0.008089029,328.5198087621187,189.53942092531977,122.05264192746294,2033.4207464951999,1911.368104567737,297.0769881570017,5.896532746402136,0.36970152992604693,0.9053089905804755,231,0.9090216410864861,0.1954632034632031,0.202432795082227,1.2480000000000189,45.151999999999916,-1.402886e-05,-1.232611e-06,1185,516.5362,22091.797,0.012883158178222004,0.0868878207691951,3.6097988418165206,758,1
423,phase1,132.93568749999994,9.984000000000066,13.314871212452712,0.06985741555025486,0.025508652,0.020464066,0.00048604843,0.15178014,0.1512941,0.02006579,0.000418778,0.34223017405417505,0.12768365739297083,0.016303116365245552,-279.8864,80.43349,6469.5464,0.09313869,14.238375,202.73131,-5.658854,47.92937,2297.2246,0.003946192,9.042071,81.759056,-31.455864,43.2824,1873.366,-0.019375773,8.131912,66.12799,3.50958,30.064886,903.89734,0.0071524796,5.2065587,27.108255,-35.726418,20.947992,438.81842,-0.0040336014,3.865245,14.94012,-12.219293,20.903,436.93542,-0.006416459,3.6282332,13.164077,-29.793474,15.577227,242.65,0.0003639983,2.82087,7.957307,-12.230817,15.353525,235.73074,-0.0035116249,2.9171727,8.509896,-17.457884,12.739522,162.29543,0.0047750105,2.351938,5.531612,-10.45584,11.673646,136.274,-0.0018448504,2.2468503,5.0483356,-16.41412,10.38456,107.83907,-0.00035334838,1.9999398,3.9997594,-0.5405652,9.96238,99.24903,0.00022264314,1.8631362,3.4712763,-10.333088,8.587266,73.74114,0.0011987172,1.552536,2.410368,3142.3323427047576,890.9163547637588,793731.9511855438,1790.2333676645922,276.60570821873864,76510.71781918999,5097.706094694426,1049.9652253074833,1102426.9743549943,24.18480609564178,9.64750775487541,93.07440588038115,0.06747085,0.063510455,0.0040335776,263.4531642955915,170.2165159376279,68.89654412432702,1421.3305335680736,1352.4339894437467,242.6993408760242,6.108258873838489,0.31273785531391585,0.4967825024106633,71,1.872333600389667,0.1406197183098591,0.11104349689530554,0.5759999999999934,9.983999999999995,-1.321047e-05,-2.210501e-06,823,694.37933,45154.04,0.011216238992202272,0.08405382254166067,1.9859227041647496,264,0
423,phase2,120.70399999999987,22.215750000000128,5.433262193116909,0.15544212748762945,0.025799887,0.021510694,0.0004866716,0.23842815,0.23794147,0.02033086,0.00046270998,0.32280604642377436,0.1311926833741418,0.017211520170907824,-283.1559,81.52829,6646.862,-0.063966535,14.449407,208.78534,0.6768569,47.510185,2257.2178,0.01850874,8.559291,73.26147,-29.005947,43.73658,1912.8883,0.012542687,8.007532,64.12057,3.9293263,29.666304,880.0896,-0.0141121745,5.167229,26.700258,-35.069347,21.73247,472.3002,0.0067448365,4.127746,17.038288,-9.605512,21.00779,441.3272,0.012441397,3.7784002,14.276307,-29.571657,16.164309,261.28485,0.0007147489,2.987565,8.925545,-12.070309,15.318513,234.65685,0.0029750152,2.845922,8.099272,-15.592839,13.322188,177.48071,0.0003117219,2.527629,6.388908,-8.569947,11.887536,141.31352,0.0005008701,2.227625,4.962313,-16.004892,11.451187,131.12968,-0.0034897602,2.072884,4.296849,-0.31406745,10.565611,111.63213,-3.686281e-05,2.0270867,4.1090803,-8.8741,9.175987,84.19874,0.0022448837,1.702221,2.8975563,3052.835016815995,899.7326106947405,809518.7707475736,1789.6767811978852,271.47964778260456,73701.19916016703,5008.400142713231,1072.6365713948942,1150549.214293794,24.400545588283787,9.488906486861246,90.03934631639746,0.062271696,0.06238289,0.0038916252,231.5438084428803,29.092409954695448,113.22324603078411,447.69106452518196,334.4678184943979,227.75828324510303,1.2710594064426781,0.4181777478356441,0.8256381640745943,118,1.0229152455685138,0.18899145299145276,0.21687250560555646,1.2160000000000082,22.111999999999973,-1.3003168e-05,-2.0886464e-06,726,750.6025,43780.16,0.010770362614570404,0.08340578571081685,3.123343054082718,377,0
423,phase3,135.4559999999999,11.79462500000011,11.484552371563002,0.0800989809041565,0.02455248,0.020035705,0.00048270196,0.1381318,0.13764909,0.019523488,0.00040142945,0.32199039649880484,0.1294048907604951,0.016745625752735672,-285.0107,81.93143,6712.759,-0.04359349,14.585296,212.73085,-0.9917824,44.203407,1953.9412,-0.00914625,8.223171,67.62055,-33.841278,43.55246,1896.8168,0.033468053,8.273358,68.44846,0.31412247,27.068514,732.70447,0.015477829,4.6224,21.36658,-35.6998,20.115572,404.63623,0.0011360556,3.756363,14.110263,-10.890081,21.097534,445.106,-0.012082105,3.5316007,12.472203,-31.106028,15.3849945,236.69804,0.0122912545,2.7810695,7.734348,-10.700204,15.389906,236.8492,-0.001973841,2.8904698,8.3548155,-15.792096,13.416511,180.00275,-0.0042562545,2.488925,6.194747,-9.561828,12.321425,151.81752,-0.0033539,2.2509034,5.0665665,-15.798366,10.827983,117.24522,0.0040969914,1.9544988,3.8200655,-1.738657,10.537901,111.047356,0.0065857824,2.0102434,4.0410786,-10.310203,9.417441,88.68821,-0.004253635,1.6992799,2.8875523,3052.799570367365,863.1265387421543,744987.4218810116,1821.4456479794862,271.39245222263327,73653.86312341428,5073.449722946545,1030.1337813690911,1061175.6075177824,24.439499697117846,9.470740820133864,89.69493168214984,0.06604079,0.06709144,0.0045012617,237.6685305188314,28.7384681467183,69.6970834057884,341.2518476034216,271.5547641976332,237.15608026942812,-0.8967712143405782,0.42068665788337967,0.536500269523474,79,1.7146328896881902,0.1509743589743587,0.12788686650547446,0.6719999999999997,11.775999999999978,-1.3083277e-05,-2.1754108e-06,718,1000.85046,75384.57,0.010406319289038674,0.07776531714519713,2.510040160642572,340,0
425,phase1,177.63199999999995,24.819687500000043,7.156898846655534,0.12259560691485985,0.027438708,0.022988847,0.00097205053,0.24781631,0.24684426,0.021604167,0.0005284871,0.2580073648895606,0.14576850386490423,0.0212484567190126,-283.94794,72.89805,5314.126,0.012503216,13.032028,169.83377,17.49619,42.66526,1820.3246,0.006379225,8.31659,69.16567,-46.871483,35.34289,1249.1201,0.0036230942,7.025405,49.35631,4.281479,25.488783,649.6781,0.008102924,4.661136,21.726189,-25.829208,19.007181,361.27295,0.011729751,3.5058525,12.291001,-16.887024,15.846364,251.10725,-0.0027650797,2.9366438,8.623877,-25.986502,14.500136,210.25397,-0.0081078075,2.7342145,7.4759297,-3.0108383,11.180267,124.99838,-0.0066114427,2.0586088,4.2378697,-18.135818,12.000618,144.01483,-0.0016716566,2.3140967,5.355044,-10.444336,10.166823,103.36429,0.0025027806,1.8237624,3.3261092,-16.284073,10.639832,113.20601,0.0012723918,1.8749322,3.5153706,-10.066472,10.151716,103.05735,-0.0050773253,1.8965253,3.596808,-14.956456,8.575967,73.54721,-0.005430485,1.524917,2.3253717,2577.9420886528123,940.2481125889491,884066.5132270812,1690.6475126248695,305.08104001071774,93074.44097402116,4411.722577840999,1273.11280204101,1620816.2067207114,23.814991064033336,9.170248214465127,84.09345231490084,0.061314072,0.08596491,0.0073899664,287.1955332586323,106.67815857188879,113.22324603078411,1405.0051599877036,1291.7819139569194,269.2917795270241,6.536531144013737,0.626521258001182,0.8298276101057444,168,1.0573333270396823,0.14831137724550864,0.13377897153085003,0.7360000000000007,24.76799999999994,-1.3261275e-05,-2.0082034e-06,1066,3249.0308,149879.92,0.009158019159476408,0.07208328275158561,3.428436317780581,609,0
425,phase2,175.92368749999994,26.52800000000005,6.631622469405049,0.1310337311957454,0.02327785,0.020905422,0.0009783553,0.1463544,0.14537606,0.017277192,0.00043703668,0.26475138790105895,0.14671833610690263,0.02152627014997805,-296.51447,79.094795,6255.987,0.002260212,13.689511,187.40273,17.867203,44.55718,1985.3422,-0.01341043,8.562652,73.31901,-44.244553,34.523598,1191.8789,0.00083962106,6.8084254,46.35466,2.616426,25.548958,652.74927,-0.009005497,4.83466,23.373936,-23.164824,18.22349,332.0956,-0.0016333999,3.3485103,11.212522,-16.238068,15.832257,250.66039,0.002621333,2.8553736,8.153159,-25.984762,14.979645,224.38976,-0.0014655557,2.5586162,6.5465164,-2.765026,10.9597,120.11502,-0.0040562814,2.0447567,4.18103,-20.127087,11.698205,136.848,0.00030459365,2.1788294,4.747298,-10.647038,9.491399,90.086655,0.00050225016,1.7215297,2.9636645,-20.909895,10.711678,114.74004,0.0007325705,1.9705487,3.8830626,-9.935931,9.701478,94.118675,0.0031293612,1.7811556,3.1725152,-19.154734,9.27351,85.99799,0.0029219433,1.6578337,2.7484126,2652.166911747153,933.2053677506,870872.2583985326,1744.2613605620913,310.628872125745,96490.29619811244,4571.632487750909,1310.1457448895537,1716481.8728522037,23.048684893630472,9.548793599164622,91.17945919944724,0.07710634,0.09679723,0.009369704,256.776203323038,61.84901119097428,111.9227661312955,710.665266784037,598.7425006527416,257.13099468347406,0.510494940845262,0.5261577366008917,0.6322496076996148,128,1.3744037978562198,0.2072500000000005,0.18927080466886592,0.960000000000008,26.528000000000063,-1.3162204e-05,-2.088974e-06,1079,1842.3201,99111.46,0.01071446179992687,0.08262265018644806,2.6659286572764693,469,0
425,phase3,183.91462499999992,24.672000000000082,7.454386249416872,0.11828179299607577,0.02117554,0.016581632,0.0008120208,0.15993634,0.15912431,0.017314868,0.00027495055,0.2586912414672496,0.14728507937921442,0.021692894607741493,-301.8804,74.17085,5501.316,0.026958074,13.518044,182.73753,17.632599,43.40047,1883.6007,0.00070032023,8.23989,67.89579,-43.285072,34.890335,1217.3356,-0.005774425,6.9506116,48.311005,4.0694017,24.638758,607.0684,0.008041712,4.518951,20.42092,-24.76579,17.622948,310.56827,-0.0034159147,3.353114,11.243373,-15.182638,15.05067,226.52264,-0.0021030768,2.7285948,7.445229,-25.675453,13.804171,190.55511,0.00013185809,2.4486856,5.996062,-3.1694465,10.876788,118.30451,0.0029272304,2.069345,4.282189,-19.880306,11.21176,125.70355,-0.003692987,2.1497757,4.621536,-10.808685,9.992519,99.85044,-0.00027914892,1.8084257,3.2704034,-20.137684,11.082134,122.81369,-0.00096447417,1.9681642,3.8736703,-10.784576,9.706781,94.2216,-0.0015426753,1.8209609,3.3158987,-19.085497,8.917199,79.51643,-0.001951904,1.6383182,2.6840866,2623.483066884532,915.9905387732013,839038.6671220195,1739.8376009850183,305.49844761507103,93329.3014952183,4534.812902669121,1245.8821091201348,1552222.2298256357,23.326768771996147,9.452943882268752,89.35814804132221,0.07177924,0.09446554,0.008923738,268.8702371375924,120.73223206314063,83.3644111580719,1642.1380651047812,1558.7736539467091,257.13099468347406,8.026213970300292,0.5568338701400776,0.6999490020033643,146,1.2596892037007583,0.16898630136986223,0.17772477515180116,1.1519999999999868,24.671999999999887,-1.3265502e-05,-1.999506e-06,951,2581.1084,96480.09,0.010037932790503301,0.0782744031656213,3.235196765890697,595,0
426,phase1,105.1119375,7.2960000000000065,14.40678770466176,0.0649064484436431,0.020611834,0.015397859,0.00078419026,0.12989312,0.12910894,0.017142167,0.00023709406,0.2778998596730003,0.12002833612134305,0.014406801472058105,-272.95172,78.95558,6233.9834,0.073036164,14.354371,206.04796,33.409584,51.792828,2682.497,0.008199512,10.440723,109.0087,-16.922577,26.141886,683.3982,-0.002008278,5.0756946,25.762676,-2.483388,25.8632,668.9051,0.016433045,4.918852,24.195103,-17.570425,15.096207,227.89545,0.010799707,3.0128584,9.077316,-11.646454,16.244331,263.8783,-0.0015350579,3.1123528,9.686741,-22.153492,15.0808115,227.43086,-0.017137961,2.7230935,7.415239,-8.208571,15.303009,234.1821,-0.010222996,2.938238,8.633242,-25.938314,14.659287,214.89471,0.0065792724,2.879848,8.293525,3.8562977,12.319234,151.76352,0.0036698033,2.378359,5.656592,-23.616367,9.907454,98.15763,0.0020619088,1.8606098,3.4618688,-7.0755897,8.403919,70.625854,-0.009929565,1.5317054,2.3461213,-22.098946,10.269725,105.46724,-0.004489337,1.8623707,3.4684248,2797.561709610007,892.0806446015065,795807.8764726394,1976.983994978092,295.7312265587191,87456.95836192442,5196.195381440364,1165.3747104201093,1358098.2156867534,22.274509925786855,9.981571070165508,99.63176102876501,0.08234367,0.08040651,0.0064652073,201.41939428797554,226.3648901136587,72.15494574405967,1462.9786972113066,1390.823751467247,157.37105256787842,5.010431535253854,0.24508966688155717,0.49818545954550586,56,1.8769988504107349,0.13265454545454505,0.143292735105045,0.7680000000000007,7.295999999999978,-1.0384792e-05,-4.7151148e-06,707,1443.9487,80731.57,0.02008373759302511,0.11241366897360242,2.2261981423375437,234,1
426,phase2,107.06393750000001,5.343999999999994,20.03441569341026,0.047541126710913935,0.021826293,0.015433543,0.00078314083,0.10341978,0.10263664,0.018710434,0.00023819425,0.2805138948192428,0.11833076771432645,0.014002170587861882,-267.9926,76.31583,5824.105,-0.03187283,14.550508,211.71727,31.480782,56.22478,3161.2258,0.015852252,11.082968,122.83218,-17.010017,26.11923,682.21423,0.009863565,5.1208773,26.223385,-0.37352863,28.347486,803.58,-0.015288583,5.229191,27.344439,-16.943935,15.861621,251.59102,-0.009651792,3.0287888,9.173561,-11.677712,16.875837,284.7939,-0.0021743034,3.308411,10.945582,-23.604874,15.513219,240.65997,-0.0036845112,2.7230885,7.415211,-9.829712,15.146441,229.41469,0.012446665,2.8115797,7.9049807,-25.615206,13.717634,188.17348,0.0017849775,2.6961777,7.269375,3.5753994,12.766087,162.97296,0.00087334524,2.45719,6.037783,-24.193295,10.698071,114.44871,-0.00056241103,2.031494,4.126968,-6.143274,8.843081,78.200096,0.0055984966,1.636452,2.6779752,-21.84918,10.044535,100.89268,-0.0044020624,1.83206,3.356444,2809.37313250403,905.5649723647535,820047.9191739768,1956.1880113350935,299.42266425001503,89653.93186657722,5169.008415172218,1212.1026631552684,1469192.8660280942,22.180131553091215,10.066947954029969,101.34344110914817,0.08171428,0.07741121,0.0059924955,163.37502425039887,21.27418243992233,65.7852866955572,216.22053167995523,150.43524498439803,159.19961611844158,-0.7498770089788136,0.1747793907842928,0.4092237703409512,46,2.3274768515765905,0.11875555555555589,0.09066596949622956,0.38400000000000034,5.344000000000015,-1.00432735e-05,-5.3125123e-06,771,567.9646,29910.795,0.02227528807221575,0.11265340409249588,4.8569108529190785,520,1
426,phase3,99.11024999999995,16.70400000000005,5.933323998244472,0.14423095603520336,0.022635803,0.018193416,0.000797497,0.21246533,0.21166784,0.018694162,0.00033100037,0.300470476519337,0.13358745337320024,0.01784560769873695,-268.60165,82.99942,6888.904,-3.5470362e-05,16.0188,256.602,24.882208,57.764576,3336.7463,-0.015019203,11.668911,136.16348,-16.898739,26.280842,690.6827,-0.017171696,5.04683,25.470495,-3.319254,24.26754,588.9135,0.0037001679,4.6424594,21.552427,-20.362751,16.099869,259.20578,0.00041044745,3.088014,9.53583,-11.142304,16.39864,268.91537,0.005287502,3.198566,10.230824,-21.667398,15.009507,225.28531,0.01015982,2.7318149,7.462813,-7.5327196,15.144706,229.36212,0.00064959656,2.8343596,8.033595,-23.977608,14.658896,214.88324,0.007155324,2.7787292,7.7213364,3.3744392,11.649868,135.71942,0.006112513,2.1951635,4.8187428,-22.999298,10.274201,105.55921,-0.004805887,1.8373377,3.37581,-7.1319094,8.6454735,74.74422,-0.0030620713,1.5796036,2.4951475,-22.458862,9.836824,96.76312,-0.0020535935,1.8378315,3.3776248,2934.780054877612,959.8768090858009,921363.4886207391,1971.2986254468478,293.34525067113003,86051.43609130812,5338.17981698895,1174.2556733686708,1378876.3864385108,22.186684266652893,10.217144779127517,104.39004743765268,0.09151113,0.084595084,0.0071563283,165.16267235723691,19.22108923777136,74.26924703925044,226.44649206156825,152.1772450223178,161.9823763910578,-0.058214009453364884,0.21712707176322457,1.0275074094940821,119,0.8328592366986615,0.14155932203389826,0.10673589633128101,0.4800000000000004,16.703999999999994,-1.0254479e-05,-5.0323224e-06,682,637.4729,43743.21,0.01818563072694856,0.11113651425166361,4.015729957295035,398,1
427,phase1,97.88000000000001,8.511999999999986,11.4990587994527,0.08000601548988633,0.015913896,0.0127397375,0.0008948136,0.13768286,0.13678804,0.012965673,0.0001623009,0.287398085056391,0.13174368507504086,0.017356398557151542,-305.28955,65.89364,4341.971,0.05218304,12.259222,150.28851,15.104981,43.575684,1898.8403,0.012727372,8.4217615,70.92606,-32.81318,26.764936,716.3618,-0.0074226554,5.077285,25.77882,-3.1495218,25.809795,666.14557,0.0071996353,4.982203,24.822346,-23.12368,15.187364,230.65602,-0.003767247,2.922221,8.539375,-18.981575,17.839666,318.2537,-0.010056862,3.309687,10.954027,-25.061747,14.054932,197.54109,-0.0024985205,2.5985844,6.752641,-6.431668,12.831122,164.63771,-0.009894682,2.4674304,6.0882125,-19.313353,11.14171,124.13772,-0.0050437124,1.9980282,3.9921165,-2.1730793,10.487432,109.98621,-0.003110301,1.9614737,3.847379,-21.68524,8.33778,69.51857,-0.002969915,1.5029703,2.2589197,-1.7020887,8.104213,65.67826,0.00094298803,1.488489,2.2155995,-11.829249,6.5659256,43.11138,-0.0013869067,1.2414238,1.5411332,2827.7443390701587,905.4573212115947,819852.960535677,1869.6817916525988,237.27468947976186,56299.27826771742,4957.664473684211,1124.5718905167507,1264661.9369404186,23.076585545501604,9.853593138088518,97.09329773098514,0.08162853,0.08339002,0.006953896,245.91459251776294,139.48821676173685,97.99885899543732,1405.0051599877036,1307.0063009922662,225.1422562392905,7.529231286660945,0.49954887203021087,0.5921497856981728,63,1.5536507689896706,0.13511111111111024,0.10029656201851467,0.38400000000000034,8.511999999999945,-1.2675801e-05,-2.5962374e-06,531,950.8852,38669.156,0.011409474320073896,0.0833159197766932,2.6869636289333876,263,0
427,phase2,96.59999999999997,9.79200000000003,9.865195070956354,0.092036995262802,0.01477933,0.011440438,0.0011344971,0.12643282,0.12529832,0.012465767,0.00013088362,0.2870526903195489,0.13261221121398223,0.017585998563061832,-307.28174,63.30646,4007.7083,-0.02285829,11.754493,138.1681,19.306482,42.940666,1843.9009,0.042815555,8.485954,72.01142,-33.03217,27.964767,782.02826,-0.0013831977,5.387422,29.024319,-5.4997725,25.076672,628.8395,0.007342466,5.010482,25.104927,-24.033007,14.830395,219.9406,-0.00094218546,2.9799652,8.880193,-17.758291,16.83434,283.39496,-0.016915023,3.1168005,9.714445,-23.355452,13.690666,187.43434,0.0014229555,2.6930428,7.252479,-5.5505133,12.137445,147.31758,0.0019604228,2.3444438,5.496417,-18.236015,10.339155,106.89813,-0.0014405455,1.9158045,3.6703067,-1.164575,10.366534,107.46503,-0.0022639907,1.9843082,3.9374793,-21.271738,7.7755394,60.459015,-0.004112607,1.4718115,2.1662292,-0.982045,7.7643785,60.285572,0.0059702443,1.4832568,2.2000508,-12.223396,5.895428,34.756073,0.0024356125,1.0672699,1.1390651,2800.079478541294,933.0075406376068,870503.0708866355,1861.8063528830678,239.16115116396742,57198.05622607407,4891.590695488721,1166.5655583207013,1360875.2018600893,22.840334070037745,9.84475095044335,96.91912127625524,0.08405134,0.083005756,0.006889955,217.12083300764758,35.60637698240727,100.28947374140385,415.30469757994507,315.0152238385412,212.505992363466,1.0599103495567352,0.4622556389587201,0.7519362358072036,80,1.2074999849062498,0.1239493670886073,0.13807133532648935,0.9600000000000009,9.791999999999977,-1.2485162e-05,-2.7015024e-06,572,735.5209,29208.434,0.010643386875294866,0.08283305795787298,3.892339544513459,376,0
427,phase3,88.51199999999993,21.10406250000007,4.194073809529603,0.19252709884557356,0.014889031,0.0138124265,0.001111341,0.1538248,0.15271346,0.011647148,0.00019078312,0.3112435237886748,0.1358338578552055,0.01845083693982817,-311.1563,72.304054,5227.8765,-0.03456628,13.216139,174.66632,12.242026,43.944794,1931.145,-0.0042344844,8.540705,72.94364,-33.3832,27.515045,757.07776,-0.009381699,5.1956224,26.994492,-3.7124522,23.039831,530.8338,-0.016004428,4.501303,20.26173,-21.308216,14.88016,221.41916,0.00774999,2.904065,8.433593,-15.960005,16.927923,286.5546,0.0045385165,3.1899147,10.175556,-23.393183,13.558834,183.84198,-0.002458383,2.4689713,6.0958195,-4.9060273,12.322237,151.83752,0.0061008544,2.3552768,5.547329,-13.540345,11.336339,128.51259,0.0055459104,2.0279055,4.1124005,-2.5222318,10.0873165,101.75396,-0.007227647,1.9174573,3.6766427,-19.725946,7.9780946,63.649994,0.0017988725,1.4550409,2.117144,0.5579867,7.7843494,60.596096,-0.0030495757,1.3649619,1.863121,-11.805643,6.023754,36.285614,-0.0054114563,1.102252,1.2149594,2930.3169915677922,924.9480510146697,855528.897075836,1858.9273664006448,243.45663983022456,59271.13547742368,5031.090375072971,1138.6554191177204,1296536.1634861517,22.478449403251027,9.883210197057865,97.67784379922857,0.098612435,0.09353217,0.008748267,216.96218039974696,27.325774950407627,87.30705785825097,349.2282314330038,261.92117357475286,213.73702705379327,0.0119518592192998,0.42819614698534847,1.1585893262677631,127,0.6969448764020083,0.16736507936507908,0.2206428775543632,2.239999999999995,21.087999999999965,-1.2804715e-05,-2.518947e-06,520,556.57275,24773.328,0.0112794513935847,0.09164585686776251,4.033351409978311,357,0
428,phase1,71.56318749999997,10.752000000000024,6.655801789824965,0.13061988105171995,0.004422514,0.0035378954,0.00012614483,0.022312626,0.022186482,0.0038006378,1.2516704e-05,0.2771702991401088,0.12068343117957467,0.014564490561275135,-448.55664,94.09905,8854.632,0.06046923,15.823999,250.39897,23.093067,48.575256,2359.5554,-0.017392594,8.951086,80.12194,-34.25111,30.299393,918.0532,-0.008643888,5.9803095,35.7641,10.040951,30.194942,911.73456,-0.0013643948,5.824955,33.930103,-19.276367,18.073347,326.6459,0.013318856,3.2674873,10.676474,-15.463446,15.328074,234.94986,-0.010475517,2.795023,7.812154,-27.883717,17.003817,289.1298,-0.014326906,2.8041015,7.862985,-3.6114166,12.329372,152.01341,0.0027344737,2.228076,4.964323,-21.223982,11.831169,139.97656,0.008015197,2.1283765,4.529987,-7.754947,12.776984,163.25133,0.0016361256,2.526206,6.3817163,-17.923445,9.790172,95.84746,0.0014553367,1.811194,3.2804236,-2.7231624,9.63413,92.81646,-0.0011020276,1.7912657,3.208633,-17.760464,10.575967,111.851074,0.0006384755,1.9362937,3.7492332,2723.698239162017,880.6342885505015,775516.750170848,1782.6742459993438,284.8946774489884,81164.97723876314,4728.894408278275,1248.0891069712143,1557726.418940203,21.174582670426453,7.558835146446606,57.13598877115649,0.08949431,0.10391732,0.01079881,196.84343368283916,171.8677789237564,133.87038650376502,1454.5525599514124,1320.6821734476473,168.66611791365605,6.682670890585714,0.4605518847801975,0.7532024391003179,62,1.154244941060565,0.17341935483871032,0.1984756057479192,1.120000000000001,10.75200000000004,-1.5018768e-05,-2.4684545e-07,477,121.344826,3659.2878,0.013121787855047922,0.09963360710330936,2.934469625182641,210,0
428,phase2,19.595250000000014,62.71999999999999,0.3124242616003788,0.761948727605152,0.0054699723,0.011072096,0.0001437409,0.19790551,0.19776177,0.0037584368,0.00012259133,0.2701853912626312,0.12389173178632823,0.015349161205015494,-442.51852,99.23055,9846.703,-0.0034766614,17.149073,294.09067,28.240788,47.04618,2213.3433,0.028333591,8.837966,78.10965,-31.64932,31.473139,990.5584,0.003922342,6.131791,37.59886,7.405174,30.582003,935.25885,-0.02007379,5.969402,35.63376,-18.002165,19.154953,366.9122,0.006521524,3.522882,12.410698,-16.37851,16.024551,256.78625,-0.0040456383,3.0525572,9.318106,-20.767012,16.547153,273.8083,-0.011021366,3.054967,9.332823,-2.333,12.575672,158.14752,0.0061907377,2.4253519,5.882332,-19.772514,12.556618,157.66866,-0.0028098351,2.260439,5.1095843,-6.8218217,11.831949,139.99503,-0.00238052,2.2614639,5.114219,-13.372112,9.406799,88.48787,0.0026925146,1.7357223,3.0127318,-3.6552422,10.343249,106.98281,0.005230745,1.9049989,3.629021,-15.315986,10.105438,102.11989,0.0002931214,1.9204888,3.6882772,2654.6550564240215,890.1249868613635,792322.4922349425,1775.074226731361,284.04668206936196,80682.51759461321,4633.189006024097,1271.0282333193315,1615512.769894861,21.287230828948072,7.568575972895661,57.2833422574935,0.08732805,0.10593455,0.011222129,174.25353801156075,27.99030435735611,133.09934981412218,361.54373841774776,228.44438860362558,167.69467255813382,3.007651361961888,0.49669646307940285,1.2391385557354195,102,0.19211029223421297,0.6209900990099007,0.6798847673919992,3.4239999999999995,62.71999999999997,-1.4883538e-05,-3.7974937e-07,345,138.75832,5283.5024,0.009432935889271242,0.08602021948154495,19.239356476697143,377,0
428,phase3,46.943999999999946,37.86562500000005,1.2397523812230091,0.4464779204011343,0.005971897,0.008973802,0.00014357945,0.11953779,0.11939421,0.0043171155,8.0529135e-05,0.2786105921114674,0.12086435699891065,0.014608192792760124,-427.73877,94.345985,8901.165,-0.05833371,17.352173,301.0979,27.692463,50.777653,2578.37,-0.014778945,9.382274,88.02706,-32.748283,35.997902,1295.8489,0.022152012,7.1482844,51.09797,6.337258,32.50364,1056.4865,0.009393033,6.0394588,36.475063,-19.063229,20.076855,403.08008,0.008076971,3.6837578,13.570071,-14.231337,17.23474,297.03622,0.0049874075,3.1731994,10.069195,-22.018389,16.060947,257.95404,-0.0034617647,2.9736032,8.842317,-3.8654613,13.065628,170.71063,0.003228682,2.5153189,6.326829,-18.180603,12.29792,151.23883,0.0073952065,2.241552,5.0245557,-7.1039796,11.942399,142.6209,0.005348225,2.259449,5.1051097,-14.773622,9.310258,86.68091,0.00021759458,1.6605744,2.7575076,-4.0307956,10.304773,106.18835,-0.003473212,1.8971368,3.5991282,-16.450842,10.412506,108.42029,0.0062717837,1.9946469,3.9786165,2674.0180741533723,929.235635597739,863478.866464734,1737.5450818000263,296.9392365880744,88172.91022550841,4556.323085628065,1301.7010976194208,1694425.7475436048,21.150325133874958,7.581739101841431,57.482767808391316,0.07850307,0.091208234,0.008318942,171.35495840936716,29.092400702097706,118.57804013471404,349.2282314330038,230.65019129828977,164.81377845643496,2.305828086106914,0.36552244422273766,1.756876062121487,149,0.31506040057006407,0.2510604026845637,0.32470579824191387,2.6240000000000006,37.407999999999994,-1.4878673e-05,-3.567281e-07,486,99.811066,2969.1099,0.011004789307869411,0.10306389941784999,7.136162235855496,335,0
429,phase1,101.59974999999989,33.98400000000012,2.98963474018258,0.2506495063014566,0.0077986927,0.0076219877,0.0,0.080509454,0.080509454,0.0057508596,5.8094698e-05,0.3225621432101133,0.1675661368990862,0.028078410235283294,-407.34076,123.31834,15207.412,0.06706867,15.941453,254.12993,3.4119432,53.63646,2876.8696,0.013532524,10.746077,115.478165,-18.9562,31.346846,982.6247,-0.009758897,6.027704,36.33321,-8.485426,27.26753,743.5182,-0.0025406172,5.1915417,26.952103,-18.600554,18.09519,327.4359,0.0030226947,3.2364383,10.474533,-9.762783,17.78966,316.47195,-0.0030425747,3.2876465,10.8086195,-25.876774,16.087559,258.80954,-0.008733309,2.734181,7.4757457,2.7562356,12.086068,146.07304,-8.9993366e-05,2.2159119,4.910265,-24.818169,15.346023,235.50041,-0.0027243781,2.617826,6.8530126,1.4354905,10.786392,116.34625,0.0016707957,1.9331017,3.7368822,-17.168121,10.099223,101.99431,-0.0062492434,1.6972213,2.8805602,-7.141912,9.903653,98.08235,-0.005038198,1.7302452,2.9937484,-15.849549,9.25792,85.70908,-0.0067195315,1.5067956,2.270433,3070.055791419949,1233.758454334558,1522159.9236419979,1824.3550382515496,531.2451949442924,282221.4571513992,5259.0884617654,1592.4435170772806,2535876.355081459,20.73948500282255,8.670800182500122,75.18277580484416,0.15558209,0.22639626,0.05125527,233.9676214787069,217.12450436442415,128.565497341737,1437.8455988521675,1309.2801015104305,191.5211239251473,5.026467483463938,0.16261505778555224,1.0178210884416459,138,0.7362300671287668,0.24626086956521703,0.5225664551643291,4.6080000000000005,33.98399999999995,-1.3661616e-05,-7.0227026e-07,693,174.96832,7747.355,0.01389507615358502,0.12381242255911014,2.342525449127584,238,0
429,phase2,103.77581249999994,31.80800000000005,3.2625694554021103,0.23460027722704768,0.007456469,0.0074030515,0.0,0.049941428,0.049941428,0.0056037395,5.4805172e-05,0.29236073209228225,0.17327522127442252,0.03002430230770009,-426.50833,142.84404,20404.42,-0.01905244,15.57618,242.61739,3.4281118,53.838673,2898.6028,0.009048122,10.569367,111.71153,-18.841854,32.069664,1028.4634,0.017370246,6.2420673,38.963406,-8.34899,26.05247,678.73114,0.008714753,4.700715,22.096722,-21.705751,20.463097,418.7383,0.006288835,3.4934328,12.204073,-4.571333,16.280434,265.0525,0.007876887,2.8348966,8.036638,-23.922346,16.944426,287.11356,0.001243653,2.5886855,6.7012925,0.5882173,11.06249,122.3787,-0.0032457176,1.99022,3.9609756,-21.36709,15.055375,226.66432,-0.011636591,2.4198632,5.855738,-0.006203733,9.963906,99.27943,-0.008484292,1.9128765,3.6590965,-17.747139,11.331465,128.4021,-0.0005262594,1.7144172,2.9392264,-6.9392242,10.143306,102.88666,-0.0045498065,1.8304332,3.350486,-16.784163,10.147802,102.97789,0.0024015298,1.5404339,2.3729367,2872.153345142854,1359.6086077147345,1848535.5661719989,1713.3653102417736,641.2534636359223,411206.00462506723,4923.746533514279,1895.3391232544086,3592310.3921387903,20.104542301619894,8.593156123356854,73.84233216038538,0.19325092,0.28301683,0.080098525,388.5862789235638,513.8431601769006,138.59131548843604,2045.2002330457979,1906.6089175573618,188.77611092196253,2.2889115546887897,0.16615529852108676,0.6564205443035466,89,1.1660203520671863,0.3614545454545456,1.1322772198005837,10.304000000000002,31.80800000000001,-1.3042667e-05,-6.1723836e-07,640,180.83047,9221.467,0.01576544792800399,0.1283029850729154,4.2591813000741405,442,0
429,phase3,117.6959999999999,21.996437500000113,5.350684384656147,0.15746333798492212,0.008813639,0.007928653,0.0002578803,0.062967755,0.062709875,0.0067895884,6.286354e-05,0.32799247290855477,0.14960106618684468,0.022380479004240686,-382.32654,94.04384,8844.244,-0.027770197,16.606627,275.78003,3.0039697,55.165398,3043.2212,0.020262819,10.589635,112.14037,-19.837763,34.12088,1164.2345,-0.021116992,6.391916,40.85659,-4.724627,27.108076,734.84784,0.0031579756,5.2303867,27.356947,-20.593925,19.352583,374.5225,0.002938888,3.5583036,12.661525,-8.003228,17.512608,306.69144,-0.013291703,3.2602499,10.629229,-28.744226,16.056484,257.81067,0.0013437144,2.9955323,8.973213,0.39547807,10.956121,120.03659,0.0037874281,1.9956726,3.9827092,-24.097687,14.193119,201.44464,0.0015915942,2.657185,7.0606327,-0.8336905,10.984107,120.6506,0.0022492316,2.0069818,4.0279765,-18.647789,9.518257,90.59721,-0.0017694206,1.7474917,3.0537271,-8.090857,10.009349,100.18707,0.0028425457,1.8290045,3.3452578,-17.95642,9.007076,81.12742,0.00044884946,1.6856233,2.841326,3206.0505364254977,1008.6678735124145,1017410.8790560564,1905.7301328295557,303.925059461028,92370.4417683894,5460.781822606505,1033.2146825442305,1067532.580224975,21.033053617525404,8.796497563500978,77.37836938467865,0.1030595,0.09067968,0.008222804,252.01038264282246,299.11084088520295,127.08879665595002,1811.5719364925462,1684.4831398365961,184.9972113558172,4.8675440444190325,0.1543747136613892,0.9234572916662005,129,0.9123720859506033,0.17149999999999993,0.14986577327728923,0.9279999999999973,21.95199999999999,-1.4558282e-05,-7.3318006e-07,801,178.78117,11762.019,0.015739621900738698,0.1170648180673245,3.695962479608486,435,0
430,phase1,119.36862499999998,12.864000000000033,9.279276719583564,0.09728310241137565,0.026683437,0.022686744,0.0010259824,0.19692166,0.19589567,0.020706777,0.0005146883,0.3044819327667554,0.13019440036497232,0.016950581886394703,-249.76198,77.93396,6073.7026,0.03785287,13.472304,181.50298,18.782442,54.08289,2924.9587,0.015630303,10.631636,113.03167,-27.130077,25.227846,636.4442,-0.001356614,4.7994833,23.035038,-6.5484686,22.882784,523.6218,0.007862206,4.4915156,20.173712,-15.491001,21.31853,454.47964,0.0055304323,4.041105,16.330526,-12.023559,17.607927,310.03912,-0.004290729,3.4548297,11.935848,-22.334776,13.203322,174.32771,-0.006543164,2.406612,5.7917814,-8.801712,13.397867,179.50284,-0.010181443,2.436728,5.9376435,-28.104128,13.465141,181.31003,-0.0055401376,2.49907,6.245351,2.3795087,12.7743845,163.18489,0.0070311055,2.372365,5.6281157,-15.143444,10.912649,119.085915,0.0047118063,1.9252816,3.7067094,-0.74177873,9.635013,92.83347,-0.0007479391,1.8088523,3.271947,-16.82087,9.496889,90.19091,-0.009303381,1.7222189,2.966038,2964.2688571017948,940.1527434190069,883887.1809582851,1907.1896856974301,247.05524736090481,61036.295248557864,5255.833383740624,1161.9798694685815,1350197.2170502217,22.252535994071998,9.853879054047347,97.09893241179304,0.09660969,0.08246891,0.0068011214,219.88209414594928,287.0053181572418,94.6606580968763,1670.8421328729137,1576.1814747760375,144.30989148811935,3.848850549777624,0.10041132346953512,0.7411181620269581,98,1.2180471814484979,0.1312653061224495,0.11695084882647468,0.8000000000000043,12.86400000000005,-9.667099e-06,-5.6520903e-06,797,775.2561,185655.39,0.01858475655004647,0.13540622321354753,2.8483196484838462,340,0
430,phase2,114.63268749999999,17.60000000000001,6.5132205106124665,0.13309870904650567,0.025800195,0.02314887,0.0010029215,0.19183931,0.19083638,0.019348018,0.00053587015,0.3034708727770385,0.12827383176800652,0.016454175916446837,-258.57483,84.35085,7115.066,0.028792456,14.6138935,213.56587,18.201315,53.987316,2914.6301,0.008984447,10.937932,119.63835,-26.348583,25.67496,659.2035,-0.0007548882,4.9002485,24.012438,-6.8036656,23.448452,549.8299,0.00838105,4.3991613,19.35262,-16.38925,20.33975,413.7054,-0.004789056,3.8761957,15.024893,-11.465762,16.83391,283.38055,-0.001549605,3.3736134,11.381267,-21.343826,12.882831,165.96733,0.0010147175,2.366378,5.599745,-7.563036,13.929479,194.03036,-0.002982903,2.5450544,6.4773016,-29.065351,14.028636,196.80263,0.0021373208,2.576468,6.638188,3.2348373,12.760897,162.84048,-0.002855746,2.4659307,6.0808144,-14.719262,10.733793,115.21432,-0.0031463893,1.9281174,3.7176366,-0.8111796,9.115365,83.08988,-0.003654079,1.7137817,2.9370477,-15.545658,8.799306,77.42778,-0.0042777723,1.6172637,2.615542,2977.443366098349,918.8968816830463,844371.4791668265,1906.052042918076,246.77968498185814,60900.21291974514,5279.760464553593,1094.954209237362,1198924.720326617,22.148625302231064,9.699962312801155,94.08926886976273,0.10055873,0.089526825,0.008015052,155.70910004866153,33.93035533655705,109.36644661993022,261.6255653005986,152.2591186806684,145.9866916572425,1.2903160270138367,0.096540043528541,0.688180825183637,91,1.259699848794507,0.19555555555555543,0.16929074996789145,0.9919999999999902,17.599999999999987,-1.0119165e-05,-4.978398e-06,721,329.31326,18920.863,0.016485193954743307,0.13871119355526096,4.431545757836307,508,0
430,phase3,118.70374999999999,17.536,6.76914594154049,0.12871427024785353,0.022427237,0.019509844,0.0010181995,0.18453729,0.1835191,0.017432503,0.00038063404,0.30007979006429075,0.12781969411802832,0.016337874204426322,-263.71597,76.84222,5904.726,-0.012108729,13.486767,181.89287,22.439882,51.89776,2693.3772,-0.050103158,10.696977,114.4253,-24.53433,25.08698,629.35657,-0.00061977946,4.7869935,22.915308,-7.7056055,22.932407,525.8953,0.0044427398,4.533595,20.553484,-17.990835,21.605108,466.7807,0.005477022,4.270631,18.238287,-13.540079,17.138536,293.72943,0.001571336,3.4452653,11.869853,-20.670961,12.358488,152.73224,-0.0021328554,2.3146899,5.3577895,-6.8487344,13.687712,187.35345,0.008287853,2.56498,6.579123,-30.473639,13.276355,176.2616,0.009198295,2.463243,6.067566,1.6020949,12.724936,161.924,-0.0065364,2.3820932,5.6743674,-15.498356,10.378287,107.70884,-0.006896625,1.9071939,3.6373885,-1.2161912,9.140278,83.544685,-0.0038756053,1.7259451,2.9788866,-17.752043,8.984249,80.716736,-0.001384348,1.6519524,2.7289467,2942.882231743145,922.7462412972037,851460.6258281172,1933.2566327646575,246.77170477403928,60896.2742770856,5294.203558008455,1083.7454965058703,1174504.3011967554,21.90511488790913,9.691124643565816,93.91789685712865,0.09954054,0.084183164,0.0070868046,148.1817485333149,36.35097403589522,98.56656061031477,322.09885310803753,223.53229249772278,143.47872767421205,2.827573967534648,0.06904650068834041,0.814740191463945,111,1.0694031435188904,0.15941818181818163,0.18076108701408225,1.2800000000000011,17.53599999999998,-9.836872e-06,-5.5315677e-06,865,255.51605,18546.723,0.017764045539449415,0.1416514726666473,4.599686193570128,546,0
433,phase1,91.80943749999999,5.920000000000016,15.50834830940058,0.06057540237044765,0.035084754,0.02322713,0.001463621,0.15822506,0.15676144,0.030797573,0.0005394995,0.2937453649243044,0.1164946975381521,0.01357101455450554,-224.40698,77.799835,6052.814,0.04711905,13.506704,182.43106,27.869095,47.928455,2297.1367,0.00979461,9.477104,89.8155,-36.60197,27.304113,745.5146,0.0062010665,5.3237433,28.342241,16.634895,30.021137,901.26874,0.032742314,5.7826376,33.4389,-32.960327,23.907225,571.5554,-0.00035080418,4.6546736,21.665985,-2.1545627,13.940079,194.32579,-0.00695506,2.771677,7.6821938,-28.584164,15.381399,236.58743,-0.00496931,2.8576725,8.166292,-12.765899,14.58347,212.67761,-0.0031911803,2.8489966,8.116781,-13.566921,11.256874,126.71721,0.0018380185,2.180355,4.753948,-16.628416,14.37036,206.50725,-0.0045445645,2.69262,7.250202,-8.793176,11.5857115,134.22871,0.0074836854,2.276187,5.1810265,-3.3118472,9.535519,90.926125,-0.0062406594,1.8132123,3.2877388,-19.019276,8.854162,78.39619,-0.0093944715,1.5776078,2.4888463,2720.5066466337303,829.3935091179592,687893.5929670022,1686.7097042884723,240.49022085940797,57835.54632900682,4589.487009001637,996.2675060459269,992548.9436029709,23.2649562397474,9.547049684389265,91.14615767619715,0.076627,0.086315244,0.007450321,145.12567017047093,158.42184075899232,94.6606580968763,1690.2563832897672,1595.595725192891,124.18608452867444,7.813916331836958,0.460556464661029,0.3683639333338023,36,2.550262081937164,0.169142857142858,0.14545478293116143,0.5120000000000005,5.92000000000003,-9.104623e-06,-6.19547e-06,599,762.84143,41440.684,0.010896402792642285,0.11102658563841733,2.3853756864592492,219,1
433,phase2,92.28943750000002,5.4399999999999835,16.964967010116414,0.05566388325932996,0.030393414,0.019461446,0.0014685689,0.11183136,0.11036279,0.027181698,0.00037874785,0.2985146979848609,0.11010572804710836,0.012123271348783783,-234.89053,72.90892,5315.7104,0.009876365,13.277123,176.282,25.945272,47.339108,2240.9912,-0.0022315367,9.420836,88.75217,-39.193535,27.056444,732.05115,-0.004080388,5.384776,28.995811,16.161974,30.563105,934.10333,0.0033796194,5.748536,33.04567,-33.03752,21.251236,451.615,0.002780747,3.9917996,15.934464,-1.1667969,12.736016,162.20612,0.0039612995,2.43067,5.908157,-31.412249,16.11726,259.76605,-0.008866672,2.949339,8.6986,-12.155777,14.031801,196.89143,-0.0036482415,2.8320248,8.020365,-12.705882,11.574624,133.97192,-0.003070395,2.133402,4.5514045,-15.025332,13.860673,192.11826,0.0045309123,2.6849008,7.208692,-9.1567745,12.103518,146.49513,0.0003402454,2.3340244,5.4476705,-2.4809418,9.058217,82.05129,-0.003861859,1.7543763,3.077836,-19.053413,7.8778086,62.059868,-0.0014449962,1.496645,2.2399461,2729.200706013576,794.4348378729675,631126.7116262481,1674.0761004480416,246.1055248984648,60567.92938554888,4584.513093289689,980.514471276783,961408.6283831893,23.023746487949072,9.46587734723615,89.6028339529185,0.07958973,0.08769139,0.0076897796,123.01056980362186,6.685616638532945,88.83315834800462,161.0494265540188,72.21626820601418,122.75968568932456,0.9183819591864829,0.4245499180279706,0.2455759555558682,24,3.845393068941956,0.23652173913043437,0.17161049668038564,0.7680000000000007,5.439999999999991,-9.395954e-06,-5.8248893e-06,558,595.6024,46201.797,0.01118072628222342,0.10479570333949796,3.5215297525244957,325,1
433,phase3,92.03199999999998,8.65900000000002,10.628477811701346,0.0859957692345892,0.030692533,0.021531856,0.0014527439,0.20742808,0.20597534,0.026640408,0.0004636208,0.2967333410291548,0.11440403665368856,0.013088283602658516,-236.19229,74.848564,5602.308,0.02789326,13.404663,179.685,26.45696,45.564205,2076.0967,0.025153093,8.781486,77.11449,-35.31616,26.331406,693.3429,-0.03261767,5.187256,26.907625,17.189337,30.235907,914.21,0.0019975083,5.5246053,30.521265,-33.50747,21.515179,462.90295,-0.0066238926,4.3014355,18.502346,0.16163622,13.250992,175.58878,-0.0053898683,2.4894948,6.1975846,-30.21878,15.713019,246.89899,-0.00443297,2.866422,8.216375,-12.530406,14.226524,202.39398,-0.007681231,2.701101,7.2959466,-12.87954,11.96852,143.24547,0.01122717,2.3435156,5.492066,-15.256634,13.9625635,194.95317,-0.0031574208,2.670805,7.1331997,-8.365952,12.265467,150.44167,0.0031558834,2.387002,5.6977787,-3.621111,10.3191805,106.48548,0.004856786,2.0409918,4.1656475,-19.30443,8.646775,74.76672,-0.006836695,1.5866898,2.5175846,2758.62643254681,792.014918262273,627287.630749995,1693.7677308872553,240.62485791328305,57900.322245787655,4628.058468382586,947.4569647372783,897674.7000291762,23.27776995975757,9.573203099772172,91.64621758948753,0.07882806,0.08795697,0.007736429,122.88993927213812,6.630016164942623,78.68552628393921,160.1218501126406,81.43632382870139,122.05264192746294,0.48459978265839476,0.4610740386205675,0.5362942070294267,54,1.7042962647352542,0.16000000000000036,0.21528000715691442,1.343999999999994,8.64000000000002,-9.404283e-06,-5.8630244e-06,400,732.5594,52885.457,0.009966837385902502,0.10716527147072012,3.9442802503477057,363,1
434,phase1,221.3638124999999,47.23200000000011,4.686733735883843,0.1758478643444976,0.016472997,0.016218593,0.00029438816,0.1256687,0.12537432,0.011267519,0.00026304278,0.2679306950090839,0.12502702609605165,0.01563175725442278,-331.64352,98.23738,9650.583,0.01785689,17.60543,309.95117,25.685564,45.9922,2115.2825,0.009115703,8.695169,75.60597,-48.899597,40.407097,1632.7334,0.0061309473,8.163529,66.64321,11.843662,28.344475,803.4093,0.0026032424,5.382317,28.96934,-28.999601,23.232018,539.7266,0.0017398018,4.50679,20.311157,-11.359865,15.443665,238.50677,0.0010896403,2.8495371,8.119862,-23.897148,16.624432,276.37173,-0.001387999,3.1355968,9.831966,-11.906579,14.548394,211.65576,-0.003995917,2.6923444,7.2487187,-13.128461,11.13592,124.008705,-0.0027217756,2.0434735,4.175784,-8.821827,13.979284,195.42038,0.0010208092,2.605994,6.791205,-8.056281,10.512714,110.51717,0.0015497933,1.9292854,3.722142,-2.7084336,8.889398,79.021385,-0.0006964587,1.6953585,2.8742404,-17.586496,10.384995,107.84812,-0.005308086,1.8411406,3.3897989,2644.190679203357,866.2057800749187,750312.4534351985,1646.485494626982,328.16630516846664,107693.12384792318,4457.357934238742,1232.9408213993288,1520143.0690728517,22.565077070640562,8.48134842011951,71.9332710234637,0.07996866,0.09502274,0.009029321,162.73714861055024,112.99463961963548,97.99885899543732,1405.0051599877036,1307.0063009922662,147.682975305829,10.072572565656232,0.32821062659897415,1.0350124129355143,278,0.7962727039702417,0.16989928057553966,0.22864975241634963,3.1359999999999957,47.23200000000003,-1.3448801e-05,-1.7715115e-06,1498,331.88617,50397.6,0.010589289248634788,0.10348987221092316,3.0944533899369855,685,0
434,phase2,217.3638749999997,51.23200000000028,4.242736390483723,0.1907400848951991,0.01708727,0.017045552,0.0,0.13936153,0.13936153,0.011880142,0.00029055084,0.265463810180635,0.1321165745237574,0.017454789263891546,-333.66544,101.95183,10394.175,-0.012479705,17.509447,306.58075,24.296976,48.41948,2344.4458,-0.014093313,9.397157,88.30656,-46.929882,42.046783,1767.9319,0.0066508963,8.336987,69.50534,12.398373,28.970226,839.274,0.005882604,5.473194,29.955854,-26.413712,22.49852,506.1834,0.004741988,4.465388,19.939688,-12.808597,15.600068,243.36214,-0.0009208502,2.9614518,8.770196,-18.980352,17.103058,292.51462,1.2881761e-05,3.1914816,10.1855545,-11.48762,14.41841,207.89055,0.0063250954,2.7511096,7.5686035,-11.461778,11.854225,140.52264,9.444046e-05,2.0940225,4.38493,-7.5631003,13.781234,189.92241,-0.0006838963,2.6107383,6.8159547,-6.249788,10.615049,112.679276,-0.0021305126,1.9715037,3.8868268,-1.4424497,8.738508,76.36153,-0.003672535,1.6588783,2.7518773,-16.713501,10.366608,107.46655,0.00039525563,1.8968502,3.5980408,2604.5980228889607,975.7194550006411,952028.4548667482,1593.4752985881616,404.36738515239307,163512.9821749838,4329.370309149393,1413.092328589077,1996829.9291172996,22.614328740879653,8.422418235208648,70.93712892877515,0.093935564,0.15871437,0.02519025,160.288668183957,37.77709321386359,100.87044475251382,351.2512899969259,250.38084524441206,152.89100418265707,2.014679499615913,0.34465094110738015,1.0461813681985996,281,0.7735369189553836,0.1829714285714289,0.367486402913809,5.759999999999991,51.23200000000009,-1.3205628e-05,-1.7786654e-06,1377,318.42606,25362.248,0.009950353955111858,0.10161925312246664,4.398154937199207,956,0
434,phase3,213.34399999999962,63.39118750000037,3.365515066814032,0.22906804180802043,0.019315686,0.018456455,0.00029886546,0.1947433,0.19444443,0.0139005575,0.00034064072,0.27236540421195654,0.12518493082255286,0.015671266905047346,-318.0974,94.95012,9015.525,0.0037434038,17.826775,317.79388,22.92089,47.90197,2294.5986,0.00044377043,9.18154,84.300674,-46.051018,40.663578,1653.5266,-0.00253442,8.225844,67.66452,12.895099,30.25758,915.5211,-0.0044311457,5.6928444,32.408478,-24.797628,22.235796,494.43063,-0.0004067249,4.4540796,19.838823,-13.822787,16.554907,274.06497,-0.0013534381,3.228918,10.425912,-18.928915,17.632654,310.91052,-0.0027471434,3.313022,10.976113,-11.960971,14.729326,216.95305,0.00055198884,2.8407905,8.070091,-12.031253,11.49174,132.0601,0.0037737668,2.142865,4.59187,-8.306684,14.532363,211.18956,0.0013666936,2.7619004,7.628094,-7.353268,10.505393,110.36329,0.0015400578,1.9715225,3.886901,-1.2711891,9.212346,84.86732,-0.0012753338,1.7394171,3.0255718,-18.210545,10.860435,117.94904,0.00024068444,2.0211022,4.0848536,2679.6141672484723,888.0587211220709,788648.2921609682,1649.7308907956995,333.7105740830929,111362.74725486746,4459.738704035615,1272.6682443674563,1619684.4602213437,22.842093714984976,8.633029077381703,74.52919105091797,0.076285236,0.08875859,0.007878087,165.51179192502116,31.312662245397803,106.86851352689665,463.4788558201278,356.61034229323116,160.1218501126406,2.7514374208321497,0.3120952821100722,1.3153368868207265,364,0.586109888499697,0.17406593406593476,0.17209387945248536,0.9919999999999902,63.360000000000255,-1.3398074e-05,-1.8539239e-06,1421,344.38348,24121.387,0.010114558737148739,0.10017504142073373,4.270098995050255,911,0
436,phase1,105.05231249999997,3.6480000000000246,28.797226892207338,0.03356016110809272,0.022444291,0.016628018,0.0017530588,0.13704011,0.13528705,0.017879477,0.000276491,0.2858937746081101,0.09579098063769775,0.009175911971531786,-259.4761,59.690975,3563.0125,0.0376846,10.790355,116.43176,22.922592,36.186943,1309.4949,0.00053116545,6.973523,48.630028,-49.24094,33.228474,1104.1315,-0.024234612,6.215837,38.63663,16.62141,26.404371,697.19086,0.010839573,4.8619323,23.638388,-31.492308,18.522629,343.0878,0.0030115454,3.4268925,11.743592,-13.127045,15.088549,227.6643,-0.012536978,2.7990167,7.834495,-23.445255,13.859558,192.08736,-0.0095956735,2.5695105,6.6023846,-26.103851,14.263714,203.45352,-0.005338731,2.7267125,7.434961,-16.703587,10.664227,113.72573,0.004069983,1.9364403,3.7498012,1.021196,12.007615,144.18283,0.0046113557,2.1879659,4.7871947,-18.921862,8.385448,70.31575,-0.00043050773,1.5499837,2.4024496,-1.9301003,7.829889,61.307156,0.0008949112,1.4003158,1.9608843,-15.84392,8.648291,74.79293,-0.0051170946,1.5715591,2.469798,2670.90210939021,672.3568908272754,452063.7886429207,1647.399055559817,307.26544249509095,94412.05215170406,4366.357263762143,1066.0994059329335,1136567.9433305538,22.338100571111973,8.994939059971422,80.90892869259957,0.080671445,0.08160057,0.0066586523,204.785368759458,243.38784745747444,71.73936383710603,1405.0051599877036,1333.2657961505975,154.66751207845843,4.618397150649943,0.17368266112049377,0.36798422267645275,40,2.626307746842306,0.09120000000000043,0.09399234011343664,0.4480000000000004,3.6480000000000175,-1.2064819e-05,-3.2029996e-06,770,571.9451,26834.492,0.01625741930843512,0.11045002649373023,2.950910766481224,310,0
436,phase2,95.58031249999998,13.120000000000019,7.285084238941739,0.12069882503787668,0.021381207,0.018753357,0.001769489,0.19351573,0.19174625,0.016328909,0.0003516884,0.2927126071717692,0.09771612307035303,0.00954844070790038,-265.64243,63.3919,4018.5327,0.02489301,10.8968115,118.74051,24.867424,34.608,1197.7137,-0.0024744764,6.7416177,45.44941,-45.971134,32.805206,1076.1815,0.007727182,6.1186805,37.43825,13.6139345,25.771238,664.15674,0.0065276045,4.603869,21.19561,-32.218075,18.39517,338.38226,-0.0033196334,3.4934084,12.203903,-10.822494,14.337614,205.56718,0.0009985716,2.6383305,6.960788,-23.0204,13.183788,173.81229,0.00017431675,2.4485967,5.9956264,-26.150087,14.794773,218.8853,-0.0040572514,2.7151875,7.372243,-16.403713,10.324291,106.590996,-0.0033724024,1.9473337,3.7921083,2.32777,11.903396,141.69083,-0.0017212308,2.2403262,5.019061,-20.90884,8.060713,64.9751,-0.00037892762,1.510963,2.283009,-1.5847942,7.936045,62.980816,0.00090891926,1.4472127,2.0944245,-16.813307,8.160715,66.59727,0.0006660299,1.5375607,2.3640928,2707.6906652875577,675.4551586846928,456239.6713937636,1686.6727948294504,312.46051287686885,97631.57210727592,4456.517239476008,1089.3258888729347,1186630.8921688092,22.04816191764058,9.01278261218193,81.23025041444893,0.09158133,0.08839438,0.007813566,161.10316069180487,29.242987471086547,75.13221412149176,269.2917795270241,194.15956540553236,153.77669275969214,1.0796365151299152,0.11098027668207823,0.9383597678249546,102,0.9370618780680205,0.12990099009900966,0.13424917758477334,0.8319999999999972,13.119999999999976,-1.1717447e-05,-3.5165572e-06,795,385.65427,33201.926,0.01731845251322048,0.12306135658551316,5.524150174754871,528,0
436,phase3,102.93831250000002,9.055999999999983,11.366861874242309,0.08086124909244818,0.021929853,0.016586674,0.0017553285,0.15784232,0.156087,0.017956728,0.00027511778,0.3009833984375,0.1037904071464175,0.010772448615619113,-262.59705,62.613605,3920.4636,-0.024260381,10.569072,111.70527,20.610558,37.178005,1382.2041,-0.008507164,7.0437384,49.61425,-45.69625,32.368286,1047.706,-0.0037575366,6.1076746,37.303688,16.771284,26.005987,676.3114,-0.007049912,4.8688025,23.705236,-31.769802,20.090984,403.64764,0.012395989,3.7451136,14.025875,-13.49035,14.7190485,216.65038,-0.0047769863,2.7852504,7.7576194,-22.22732,14.057799,197.62172,0.0011038791,2.671075,7.1346416,-24.228327,14.110793,199.11447,0.009393255,2.6139152,6.832553,-15.728397,10.702565,114.5449,-0.0064704698,1.9878266,3.9514544,1.8394966,11.770701,138.54941,0.004705657,2.2579463,5.0983214,-20.40351,8.066197,65.06354,0.0047476394,1.5372988,2.3632874,-1.1666144,7.8976135,62.3723,-0.00069556566,1.4707549,2.16312,-15.533232,8.401045,70.57755,-0.0012040114,1.5168213,2.3007467,2752.9714697099616,717.4116190815378,514679.4311931934,1663.960228721139,307.3525291322659,94465.57716400034,4465.323660714285,1123.826084824675,1262985.0689323577,22.131086935674478,8.915048316357552,79.47808648298962,0.09152785,0.09105664,0.008291311,152.63308154710379,19.055470482308284,70.10083450255941,198.27510177438265,128.17426727182323,152.01041679645533,-1.9502564862874838,0.07457142855012246,0.5714575907593521,64,1.608411107681077,0.1437460317460322,0.13706005730937718,0.4480000000000075,9.05600000000003,-1.1786969e-05,-3.4879176e-06,757,394.5619,26747.695,0.0160268802835164,0.1253041923342035,5.391578572846722,555,0
437,phase1,135.09462499999992,10.432000000000073,12.950020326876789,0.07168447698144634,0.012296698,0.008830882,0.0008391145,0.09892348,0.09808437,0.010310018,7.798447e-05,0.25649807006513853,0.1446016703921211,0.02090964308019163,-331.7589,63.32899,4010.561,0.02845471,11.288935,127.44004,28.692518,47.59512,2265.2954,0.013318323,9.57626,91.70475,-18.2866,24.354166,593.1254,0.005590464,4.4785643,20.057539,-2.6485314,23.753517,564.22955,0.003615683,4.5366344,20.581053,-15.052413,17.307087,299.53525,-0.0009962958,3.252799,10.580702,-11.104959,14.0866375,198.43335,-0.004795982,2.7079856,7.3331857,-26.432762,15.785596,249.18503,-0.005162369,2.6787326,7.1756086,-1.1365378,11.993577,143.84589,-0.002572914,2.1963902,4.82413,-30.927124,11.8591385,140.63918,-0.0025664335,2.1813447,4.758265,-5.8491826,12.025148,144.6042,0.0047201365,2.225593,4.9532647,-15.816661,9.770089,95.454636,0.0017083604,1.7577845,3.0898063,-2.411122,8.506157,72.354706,-0.0047557387,1.5223092,2.3174253,-18.69638,8.715956,75.96789,-0.0073657106,1.5883267,2.5227816,2731.314646401566,912.3235866265627,832334.3267151553,1972.3510983118897,243.82414430102727,59450.21334412817,5172.031318711522,1004.6492370736069,1009320.0895525803,22.68600059466815,9.144953396929395,83.63017263201047,0.07875238,0.089375876,0.007988048,175.91066232568943,122.48305339003898,66.93519325188251,1413.1442720795428,1346.2090788276603,155.56349186104043,8.847190228114963,0.5507915566071259,0.6115719374375651,89,1.5179171177762114,0.11854545454545416,0.11847850870429419,0.671999999999997,10.431999999999967,-1.26689265e-05,-2.5689865e-06,872,1024.8124,37032.375,0.011120976511545654,0.08756751303084402,2.279883452061843,308,0
437,phase2,135.83068749999993,9.696000000000083,14.008939097675297,0.06662695459209214,0.012179185,0.008823816,0.0008742562,0.07707313,0.07619887,0.010223247,7.7859724e-05,0.26287138577396657,0.14585837354343967,0.021274665132737583,-334.6933,63.4356,4024.0752,-0.0142212985,12.090171,146.17223,27.93726,48.726074,2374.2305,-0.016253375,9.682483,93.75048,-16.420721,23.80855,566.84705,-0.00057097914,4.5996523,21.156801,-1.0670128,24.233316,587.25366,0.0038526908,4.4876122,20.138662,-15.737735,17.016085,289.54712,0.005480022,3.1898801,10.175336,-12.214364,14.527267,211.0415,0.008962393,2.791449,7.792188,-25.43978,14.295696,204.36694,-0.0009609729,2.6804829,7.184989,-1.9091043,12.080135,145.92967,-0.0028264448,2.244703,5.0386915,-30.358145,11.800604,139.25426,-0.0010845067,2.2378693,5.008059,-5.356421,11.319231,128.125,-0.0034845497,2.1983898,4.8329177,-16.077517,9.5161915,90.55791,-0.001961965,1.7221941,2.9659526,-2.1243117,8.331193,69.40878,-0.0028398447,1.5118155,2.2855864,-18.969643,8.348107,69.6909,0.0019157929,1.5528955,2.4114845,2751.062501867998,932.0765829638043,868766.7565094815,1964.6863123810995,240.95736416193213,58060.45134386598,5193.634221086192,1009.3481319560365,1018783.6514831403,22.547187166669268,9.165837614248865,84.01257917077933,0.08296737,0.09179667,0.008426628,166.652027433218,41.37452521631947,115.20235351026894,396.5502035487653,281.34785003849635,153.77669275969214,1.7817008925503939,0.5138522426310791,0.5291125725650836,77,1.7640348796878578,0.12757894736842026,0.1080810201895223,0.6720000000000113,9.695999999999941,-1.268913e-05,-2.609728e-06,788,840.33026,78617.17,0.013136171164222213,0.08904157625390521,3.0920847691358424,420,0
437,phase3,136.52862499999992,13.408000000000072,10.18262342015034,0.08942444849615679,0.010552251,0.007688467,0.00084782986,0.08559845,0.084750615,0.008619459,5.9112524e-05,0.27193629044627615,0.14835191152180482,0.02200828965217341,-343.71097,63.765903,4066.0906,-0.029989017,11.789969,139.00339,28.073668,47.727264,2277.8918,-0.0016692703,9.505032,90.34563,-13.90041,22.619461,511.64005,0.0050237277,4.2517304,18.077211,-2.788016,21.388014,457.44717,0.007906339,4.1146994,16.93075,-15.691863,17.335861,300.5321,0.002939137,3.3136854,10.980512,-10.669596,14.055,197.54303,-0.0031075145,2.7276893,7.4402885,-24.379375,14.642978,214.4168,-0.003957014,2.6466537,7.004775,-2.1916175,12.473868,155.5974,0.004979231,2.36025,5.5707803,-29.185759,11.420816,130.43504,0.003378565,2.107161,4.440128,-4.492475,10.945965,119.81414,0.00041157214,2.0316048,4.127418,-15.580973,9.244606,85.462746,-0.0008335075,1.6418029,2.6955168,-1.81496,7.98888,63.822205,-0.00073107827,1.4982309,2.244696,-18.861887,8.3027,68.93482,0.005088313,1.5622079,2.4404938,2804.2397090573527,915.8964468127997,838866.3012843116,2011.0984040956293,245.2678824876084,60156.33417995528,5327.411438326932,944.7928721341352,892633.5712354685,22.25743911742265,9.160972507304619,83.92341727959106,0.09048116,0.09582684,0.009182784,155.80770442145558,28.511092910919256,74.69948441050268,300.528856485967,225.82937207546433,149.39896882100535,1.6296671393321782,0.48058045230888163,0.7936686583414827,119,1.1472993601067274,0.11362711864406856,0.1046164744302075,0.671999999999997,13.40800000000009,-1.258313e-05,-2.6752748e-06,835,600.5196,20847.568,0.013811526233481843,0.09223767327668767,3.2227673866927193,440,0
439,phase1,256.68056249999967,44.51200000000034,5.766547374493403,0.1477858537758559,0.016126921,0.013765754,0.0004096589,0.15874337,0.1583337,0.012804156,0.00018949599,0.2646245758857431,0.1443134058612677,0.020826359111278975,-323.42166,77.98136,6081.0923,0.031764276,14.152005,200.27925,17.34951,49.1767,2418.348,0.004833928,9.51259,90.48938,-33.215202,35.984535,1294.8867,-0.0030687393,6.990922,48.87299,-3.819012,27.371048,749.17426,-0.000554434,5.0429664,25.431509,-25.660673,20.64,426.00955,-0.0049891905,3.7784445,14.276644,-18.031307,18.148855,329.38092,-0.0007498991,3.387395,11.474443,-26.231909,17.174515,294.964,-0.0013515922,3.0647244,9.392535,-13.351779,14.205154,201.78642,-0.0037106876,2.5410614,6.4569936,-18.6556,13.04739,170.23439,0.0010009733,2.4072073,5.7946463,-9.957119,10.732055,115.177,-0.000921633,1.9618034,3.8486726,-15.712555,9.663533,93.38388,0.00039932216,1.8387834,3.3811245,-8.984666,10.879862,118.3714,0.0003137312,2.0247347,4.0995507,-12.430396,9.350111,87.424576,-0.0038329982,1.7074995,2.9155545,2765.7583106126185,1005.4250510569645,1010879.5332928998,1829.8853533040215,290.5791132334117,84436.22104751591,4813.048609635611,1235.7254683943959,1527017.433238549,23.1538201673492,9.173696091886887,84.15669998630074,0.064213924,0.07194377,0.0051759053,266.74989767123736,121.15432322196428,74.26924703925044,1388.867299316009,1314.5980522767586,248.37216905734888,6.768236142592757,0.4070965685321261,0.9296378292873683,280,0.9167162913688692,0.15897142857142973,0.1478929121675146,0.671999999999997,44.51200000000033,-1.432111e-05,-9.3084105e-07,1850,750.8849,42352.15,0.01509764550312367,0.09277240962866212,3.198528131634436,821,0
439,phase2,262.2486249999998,38.944000000000244,6.733992868375238,0.12929931468275574,0.01889881,0.016143542,0.0003951182,0.18079226,0.18039714,0.01450774,0.00026061392,0.26105415216987143,0.14166466684760687,0.020068877833043446,-308.389,80.00428,6400.685,-0.01068345,14.224627,202.34,17.729174,48.933086,2394.447,-0.008910265,9.401266,88.383804,-32.62654,38.088448,1450.7299,0.0034046494,7.4371557,55.311287,-1.706488,27.195805,739.61176,-0.00011482166,5.161851,26.644707,-26.185587,20.267996,410.79166,0.005515916,3.8127537,14.537091,-20.124645,18.991802,360.68857,-0.0008069122,3.4743187,12.070891,-27.7755,16.766302,281.1089,-0.002159169,3.1012483,9.617741,-13.906322,14.74693,217.47194,0.0057802084,2.7063193,7.3241644,-20.158237,12.980094,168.48285,-0.0004028926,2.403107,5.7749233,-10.181725,11.027279,121.60088,0.001991576,2.0411344,4.1662297,-17.391441,10.320233,106.507225,0.0014394093,1.8583097,3.453315,-8.520523,10.802752,116.69945,0.001144539,2.031791,4.128175,-13.129821,9.259857,85.74496,-0.0013446592,1.7436371,3.04027,2769.381448576347,1008.5369286450228,1017146.736440736,1826.0307370169346,302.8983743932988,91747.42521010303,4809.43492377563,1270.2966872178013,1613653.6735565204,23.14734651785015,9.343573923578862,87.30237366538289,0.06323397,0.070821494,0.005015684,274.3230146064377,102.78442410610386,76.88834637984607,1121.6133520409503,1044.7250056611042,254.17759331190004,5.995100830307514,0.37979390201000807,0.9794396526143361,295,0.8889783868170217,0.1324625850340129,0.15813093137417253,1.088000000000001,38.94399999999979,-1.4113283e-05,-1.1476857e-06,1815,773.58765,49954.246,0.01615248181301994,0.10127153381534798,4.308888178155371,1130,0
439,phase3,245.34399999999965,64.97568750000033,3.7759353638861155,0.2093830656490344,0.020432366,0.01947839,0.000413932,0.21858093,0.21816699,0.015142804,0.0003794077,0.2601153971018509,0.13836182820399837,0.01914399550395276,-307.45572,85.6137,7329.706,-0.008864238,15.061331,226.84367,18.580631,45.933556,2109.8914,-0.008926777,8.859359,78.48824,-34.93007,37.41337,1399.76,0.0062330156,7.1123953,50.586166,0.34689382,26.799175,718.1958,0.010675594,5.0540547,25.54347,-26.963072,21.56645,465.1118,-0.0017402052,3.957975,15.6655655,-17.740852,18.24743,332.96872,-0.002776308,3.3572,11.270792,-26.649979,16.77777,281.49356,0.00065821543,3.0639975,9.388081,-14.416273,14.688191,215.74297,0.0029336484,2.7155025,7.3739543,-17.139442,13.560656,183.89137,-0.0028622325,2.4409661,5.9583154,-10.545028,11.418887,130.39098,-0.0010502599,2.0782468,4.31911,-16.404087,10.375212,107.64501,-0.00085688947,1.880194,3.5351293,-8.946845,11.01756,121.38663,-0.0030334773,2.0688648,4.2802014,-12.204157,9.37018,87.80028,0.00066634704,1.6547294,2.7381291,2722.9294269423103,960.9386584532311,923403.1053098957,1796.9606015986697,285.6460323454569,81593.65579470182,4694.397362858322,1197.4467805224072,1433878.7921834777,23.251566069809815,9.205828197469577,84.74727280132596,0.06339785,0.07257343,0.0052669025,265.2778455101908,64.39574363864219,136.9994584594705,1077.167118108097,940.1676596486265,252.71363809934766,6.565423487064172,0.4228706949450535,1.1407590760737667,354,0.6930621449348517,0.18393201133144452,0.2002138118321563,1.3759999999999764,64.92799999999991,-1.4087247e-05,-1.1840592e-06,1595,856.0356,53182.082,0.014408234427596717,0.09549693308218915,4.112592930742148,1009,0
440,phase1,193.4414374999999,19.072000000000116,10.142692290127224,0.08974491318931357,0.011355069,0.009262146,0.0003680522,0.07964936,0.07928131,0.008993241,8.578736e-05,0.29206643683190303,0.13953704586194482,0.01947058716787849,-363.3993,79.40313,6304.8564,0.026229072,14.9177475,222.53918,8.7655735,48.303318,2333.2107,-0.004255972,9.486928,90.0018,-33.907516,38.385834,1473.4722,0.0005812135,7.658922,58.659092,-0.83015406,27.792948,772.44794,0.0075862734,5.1043863,26.054762,-32.03791,19.557335,382.48938,-0.0068781115,3.8264873,14.642005,-15.573617,19.54049,381.8307,-0.008028762,3.4807885,12.115889,-23.67367,14.644827,214.47095,0.00061905466,2.679499,7.1797147,-9.78476,15.32276,234.78696,-0.003210676,2.7728848,7.6888905,-12.512732,11.808619,139.44348,-0.0021336016,2.0816107,4.333103,-3.5317044,10.282375,105.72725,0.0038596902,1.8287215,3.3442223,-18.448599,9.982077,99.641846,0.0014990123,1.8426093,3.3952088,0.88505924,10.896206,118.727295,0.000132614,1.9667253,3.8680086,-12.369134,8.293528,68.78259,-0.0009206938,1.4460186,2.0909698,2880.342447897105,996.9652747184078,993939.7589943503,1760.9057743477706,301.7180122672722,91033.7589265138,4798.5864103432705,1210.5568900134951,1465447.9839591454,22.811992230478705,8.829723173615427,77.9640113226813,0.071422584,0.08241628,0.006792443,252.33669479299925,105.79431192982163,115.86971395503193,1396.9129257320158,1281.0432117769838,235.7901617579845,8.994037286216729,0.4909665762585115,0.7575991518183409,161,1.201499604338511,0.11845962732919195,0.14252248351728736,1.3759999999999906,19.071999999999903,-1.4293213e-05,-9.570957e-07,1119,681.5517,27535.785,0.010265939504105204,0.09997168716605413,2.936289180543338,568,1
440,phase2,160.41743749999964,52.09600000000037,3.079265863420083,0.24514214542315882,0.0118128145,0.011500442,0.00038868692,0.1469263,0.14653762,0.008632693,0.00013226017,0.30325029758544114,0.1304884385191669,0.0170272325871704,-352.60498,78.479576,6159.0444,0.0075873043,14.234438,202.61922,8.253431,47.539402,2259.9949,-0.0009342028,9.410891,88.564865,-35.312725,38.82848,1507.6508,0.009764983,7.671742,58.855625,-1.1645795,26.550789,704.9444,0.0018960573,4.8666205,23.683994,-30.805641,19.06248,363.3782,-0.007004672,3.603085,12.982223,-15.53767,18.20469,331.41077,0.0031298068,3.1833384,10.133643,-22.136564,13.882222,192.71608,-0.0020538394,2.547192,6.4881873,-8.887029,14.966198,223.98709,-0.003047647,2.7186785,7.391213,-10.733216,12.244122,149.91852,0.0012363762,2.1784334,4.7455726,-2.3619275,9.747421,95.01223,0.00084922987,1.7681134,3.126225,-18.191158,10.290741,105.89935,0.00327878,1.8615181,3.4652498,1.1294148,10.750533,115.57396,0.0022785657,1.9640046,3.8573143,-10.815858,8.357651,69.85033,-0.0045559066,1.4658066,2.1485891,2925.4802070510227,946.5065090340078,895874.5716437442,1775.491611204021,290.8216555854101,84577.2353574389,4880.295374134297,1152.3499939898393,1327910.5086483827,22.502882108974347,8.859637289595076,78.49317290318358,0.0796094,0.08013642,0.0064218454,237.3003393687475,35.04996539663318,136.9994584594705,514.2619893669481,377.26253090747764,227.75828324510303,2.869732394497136,0.35847636248743203,1.421086607758627,302,0.5311835661219075,0.17250331125827836,0.20114127598019968,1.4399999999999977,52.09600000000007,-1.3738602e-05,-1.5154936e-06,1086,575.304,52229.332,0.010230437462762141,0.08977321229304973,4.4633551760855275,716,1
440,phase3,192.73599999999993,26.217312500000077,7.351477869767219,0.11973928231846265,0.0075177085,0.006148516,0.0003725243,0.061316904,0.06094438,0.0058160685,3.780425e-05,0.2981109373858322,0.13594377441855743,0.018480709803163627,-389.75888,71.54899,5119.258,-0.022997143,12.995444,168.88156,10.652656,47.51265,2257.452,-0.00578411,9.274268,86.012054,-32.302753,36.22866,1312.5159,0.0118991,7.1785502,51.53158,-2.6474671,28.204992,795.52155,-0.00017065683,5.058038,25.58375,-30.074556,18.465496,340.97455,-0.0033905855,3.4394734,11.829977,-12.425827,18.36607,337.3125,0.001992949,3.1106832,9.676351,-22.89272,13.76011,189.34062,0.0038156614,2.4093888,5.8051543,-10.670168,13.949745,194.59538,0.0019914866,2.4549778,6.0269156,-13.897921,11.570585,133.87843,-0.002666576,2.025636,4.103201,-1.0338464,9.210172,84.82727,0.0008082676,1.6473972,2.7139173,-20.959412,9.532166,90.862175,0.003531525,1.7158234,2.94405,2.0682433,10.59523,112.2589,-0.0013208968,1.824272,3.3279686,-12.097301,7.9758124,63.613583,0.0010628768,1.4263238,2.0343995,2922.688281632378,970.6943777369584,942247.5749701407,1798.37616157335,292.3361471790968,85460.42294751857,4929.250237468947,1142.7070585081758,1305779.4215644074,21.916838117339417,8.448923915216099,71.38431532511055,0.081541575,0.08338975,0.0069538504,231.69109804186186,30.965758279093244,99.71184887709214,466.1637615180899,366.45191264099776,227.75828324510303,0.8516506329412395,0.37293584679629754,0.8038243312715353,176,1.0950909028688014,0.14957714285714355,0.1646400872652029,1.47199999999998,26.176000000000123,-1.4364318e-05,-8.984702e-07,1248,342.5829,9919.115,0.012296255273939523,0.09653244128645179,2.537149261165533,489,1
441,phase1,91.23625000000001,2.783999999999992,32.771629751569876,0.029610642388208836,0.0153268,0.010762684,0.0011770688,0.07565859,0.07448152,0.012878004,0.00011583538,0.36694742976990474,0.11299369896979368,0.012767576006876355,-290.9164,68.90863,4748.399,0.041141465,12.541244,157.28279,4.911425,41.281002,1704.1211,0.018140232,7.884334,62.162724,-16.021498,25.527895,651.67346,0.002157875,4.9511046,24.51344,1.4347789,24.312403,591.09296,0.005123813,4.7476916,22.540575,-24.362837,16.22708,263.3181,0.0056531387,3.0717862,9.43587,-8.533685,14.533024,211.20879,0.0031711154,2.7078323,7.3323565,-33.56269,15.0524,226.57472,-0.007338944,2.5833983,6.673947,-1.2091795,13.9490595,194.57626,-0.0061171823,2.6121724,6.823444,-24.427885,12.147057,147.55098,-0.0028054717,2.2581956,5.0994473,-10.09055,9.828619,96.60175,0.006659032,1.8025911,3.2493348,-16.09754,8.585115,73.7042,0.0017501996,1.6115316,2.5970342,-7.5300817,8.491291,72.10202,-0.0040154215,1.5507336,2.4047744,-14.498254,8.541298,72.953766,-0.011384507,1.5508674,2.40519,3238.0724647894303,778.6294052926103,606263.7507863239,1978.2011404892796,219.29985350536057,48092.42574747261,5562.194305035727,727.8242219377172,529728.0980392435,22.15503828783205,9.814364523046962,96.32175099124281,0.11206809,0.080006614,0.0064010588,230.27168339050405,256.57858959282055,136.9994584594705,1454.5525599514124,1317.5531014919418,173.60841241450115,4.2820492702620685,0.18986049670300767,0.3297162047537631,31,2.943104743770815,0.09279999999999931,0.0726665443424043,0.3200000000000003,2.7839999999999794,-1.1857692e-05,-3.4149305e-06,599,860.16736,50757.52,0.01385911392104013,0.10241044580903923,2.6853361465426295,245,1
441,phase2,91.33225000000002,2.687999999999988,33.97775893684579,0.028589585754132625,0.016520467,0.0114754215,0.001198799,0.08711082,0.08591202,0.013853175,0.0001316853,0.37541169137036406,0.11972314621996906,0.014333631740808091,-283.49765,67.36488,4538.0273,0.0018534549,12.570271,158.0117,2.974104,44.00889,1936.7823,-0.005890412,8.719553,76.03061,-17.135847,26.200323,686.457,0.004273416,5.2771873,27.848705,2.7291913,24.2267,586.933,-0.0078598745,4.7169056,22.249199,-21.87159,17.66319,311.9883,-0.008137207,3.4232512,11.718649,-7.870466,15.254582,232.70229,-0.0003541766,2.8810382,8.300382,-34.988914,15.582895,242.82661,0.002828701,2.9131508,8.486447,-1.948666,12.883884,165.99448,-0.0024653024,2.4891636,6.1959352,-24.908127,12.0932045,146.2456,-0.0037867983,2.2856834,5.224349,-10.886901,10.053776,101.0784,-0.004158987,1.8085817,3.270968,-17.773766,9.089983,82.627785,0.0015919096,1.6656107,2.7742589,-7.6268473,8.439569,71.22633,0.00066799385,1.6562825,2.7432718,-15.214556,8.022152,64.35492,0.0025243484,1.5829847,2.5058405,3270.679925173025,821.3696455874461,674648.0946924469,1957.9453388630795,227.60130137819095,51802.35238904611,5578.462593569241,772.1979186356596,596289.6255452447,22.154108840750286,9.88662964475286,97.74544573250606,0.10949172,0.07426763,0.005515681,174.44510487620457,17.10248622349946,125.62905732418486,237.15608026942812,111.52702294524326,172.60850153728515,0.6791918222093454,0.11160258587560307,0.35098821796368335,33,2.7676438555259444,0.0839999999999998,0.07704544113703331,0.3520000000000003,2.6879999999999935,-1.1647201e-05,-3.6063757e-06,626,344.0701,18208.764,0.01632647407371073,0.10629402334078676,4.16063329218321,380,1
441,phase3,89.24799999999998,7.621437500000027,11.71012532607849,0.0786774208325513,0.01816446,0.013131411,0.0012089077,0.12045946,0.11925055,0.015177708,0.00017243395,0.35062850891677677,0.13436817045741462,0.018054805232072833,-280.23563,72.700615,5285.3794,-0.00804019,13.30229,176.95091,5.9557495,44.97637,2022.8739,-0.0029910274,8.728295,76.183136,-23.688496,28.084888,788.761,-0.0024706312,5.64923,31.913801,-1.1315137,24.289867,589.9977,-0.009832706,4.895519,23.966103,-24.834484,18.07476,326.697,-0.0074155107,3.4984677,12.239277,-10.096737,14.385915,206.95454,0.0024099716,2.7590868,7.6125603,-34.781788,16.017231,256.5517,0.0014929192,2.9810445,8.886626,-6.437966,13.137997,172.60696,0.003831253,2.439367,5.9505115,-24.238714,12.395815,153.65622,0.0059754425,2.3004827,5.292221,-11.0945215,11.158949,124.52215,0.0037303611,2.0583074,4.2366295,-19.62558,9.131352,83.38159,-0.0020922143,1.7262199,2.979835,-4.4562387,8.712829,75.913376,0.004996594,1.6172374,2.6154568,-15.522725,8.148748,66.4021,0.0016928533,1.567965,2.4585142,3157.2444235039925,891.4811535013923,794738.647048173,1918.9626328374925,229.239699916141,52550.840017642375,5405.772684114927,924.0894179871119,853941.2524357592,22.11138340024452,9.79781900499584,95.99725725465767,0.10959649,0.08848732,0.007830005,184.32363206831812,19.378991558863618,148.5384940785009,283.6614678567074,135.12297377820653,182.87233715141332,1.8759937424553088,0.11856010564116246,0.47486597617540616,46,1.940173870865785,0.16556521739130517,0.20449807612296994,1.2479999999999976,7.616000000000038,-1.199091e-05,-3.253872e-06,644,317.94907,19480.295,0.017099661113561756,0.11713876530300786,3.3950340623879534,303,1
443,phase1,56.99662500000001,9.63199999999999,5.91742307751007,0.1445624909714104,0.03957177,0.036974445,0.0007267502,0.22679806,0.22607131,0.029124236,0.0013671096,0.2347655312349976,0.14908741530858502,0.022227057403394507,-256.70584,85.71091,7346.36,0.081702195,13.691049,187.44482,44.609264,55.7534,3108.4414,0.021372018,10.024634,100.49329,-27.044928,30.528862,932.0114,-0.016427243,5.616428,31.54426,-3.790468,24.563389,603.36005,-0.018616151,4.2727585,18.256466,-25.250824,17.357159,301.27097,0.009987202,3.2161574,10.343669,-15.087269,16.568329,274.5095,-0.010624319,2.9377038,8.630104,-31.142607,14.821558,219.67859,-0.008444624,2.4058864,5.788289,-11.976656,14.315995,204.94771,-0.018989285,2.5707915,6.6089683,-28.092167,13.999263,195.97935,-0.006328452,2.4781725,6.1413393,-0.34051457,13.774768,189.74422,0.016946822,2.4318972,5.914124,-17.806892,12.777024,163.25235,0.010326551,2.2708285,5.1566615,7.1852036,11.176644,124.91737,0.014545777,2.0440354,4.1780806,-20.985413,11.007162,121.15762,-0.010142908,1.9188055,3.6818144,2475.4544328825914,1000.7289520605462,1001458.4354921991,1801.8828217935124,300.9310308927247,90559.48535415804,4551.7695331253,1417.1917875164813,2008432.5626041598,23.40134343167775,9.508453027533236,90.41067897680594,0.06344664,0.08259507,0.006821946,161.72772779787084,184.9320314757609,95.76056196257365,1446.174953670991,1350.4143917084175,130.8127826502993,6.395622821174416,0.4983197309177534,0.8704967271949556,58,0.9827004140913723,0.1660689655172414,0.17420596827229676,0.671999999999997,9.632000000000001,-1.0779084e-05,-4.2947686e-06,317,1945.1968,269004.88,0.011294665861275205,0.07614661631619148,2.5089204843269224,143,0
443,phase2,55.01262499999997,11.616000000000028,4.735934940088232,0.17433948246718325,0.02885977,0.02826573,0.0007316976,0.22173364,0.22100195,0.020208614,0.0007989514,0.25665004838274125,0.15080037966487178,0.022740754507069475,-276.40738,82.06669,6734.941,-0.06751801,12.967191,168.14803,36.70145,55.464165,3076.2737,-0.043652378,10.723562,114.99478,-21.171326,28.804758,829.71405,0.0038010133,4.834865,23.375921,3.4679277,23.113098,534.21533,0.0017594645,4.0408716,16.328644,-21.605608,17.118935,293.05792,-0.0030750232,3.196582,10.218138,-11.664125,16.05013,257.60672,0.008459991,2.8410165,8.071375,-28.621555,14.375803,206.66371,0.0038588492,2.4685702,6.093839,-13.106586,13.683428,187.23619,0.004060452,2.6018813,6.7697864,-25.514248,14.556176,211.88226,0.010347164,2.335989,5.456845,0.04736917,12.921136,166.95575,-0.007419698,2.2782514,5.190429,-18.947054,12.354777,152.64053,0.0054247365,2.2533684,5.077669,4.1988077,9.685502,93.808945,-0.0006600214,1.6638466,2.7683854,-16.638664,8.573901,73.51178,0.005431408,1.5679401,2.4584363,2617.785139861746,998.57821175413,997158.4449900761,1827.9233615419898,290.733507885992,84525.97260769417,4773.099945991358,1295.6816710266237,1678790.9926343437,22.860697417061193,9.509297676611029,90.42674230239992,0.07514868,0.08836714,0.0078087524,130.5405109338434,18.576012388778537,75.5674506101949,194.86885420251932,119.30140359232442,127.08879665595002,0.8603447292643153,0.4469515120273877,0.8554881629329736,57,0.965133754997653,0.20742857142857135,0.2346053568642199,1.088000000000001,11.615999999999996,-1.0945815e-05,-4.5092675e-06,337,1933.0696,397958.1,0.011566700959259844,0.07263688931530213,3.5082855980786247,193,0
443,phase3,55.61599999999996,13.031687500000046,4.267750875107225,0.18983432617449852,0.028271187,0.027892035,0.00074007,0.30375853,0.30301845,0.021266961,0.0007779656,0.23378797035181734,0.13474914788433145,0.018157332855553432,-261.79752,77.1309,5949.1753,-0.09354877,13.177307,173.64142,43.792847,52.2482,2729.8743,-0.010734494,10.420959,108.596405,-24.959465,27.651897,764.62744,0.011168119,4.8075595,23.112629,3.0416706,23.862236,569.4063,0.015193182,4.330575,18.753881,-21.732635,17.616356,310.33597,0.0003302886,3.1903481,10.178321,-13.197935,15.315078,234.5516,-0.0024669813,2.9832978,8.900065,-27.820818,14.001021,196.02861,0.0119233355,2.5990396,6.7550063,-12.928397,13.251872,175.61212,0.002278399,2.5099602,6.2999005,-25.518095,13.798912,190.40997,0.010395386,2.4768405,6.134739,0.60226816,13.866014,192.26634,-0.0014423439,2.2943397,5.263994,-15.473758,13.571331,184.18103,0.0021426303,2.1957648,4.821383,3.3182878,8.680032,75.34295,0.0018551396,1.5296329,2.339777,-14.294163,9.515079,90.53671,0.009576198,1.5699136,2.464629,2481.146916338232,894.072963790415,799366.4645809768,1804.9981596597795,267.1190443822059,71352.5838716629,4609.935636067102,1223.445534036289,1496818.9747533407,22.798083167212763,9.434458163063965,89.00900083060428,0.0644324,0.080217294,0.006434814,173.5463108019185,172.5053183784902,83.8473362790669,854.9481082151732,771.1007719361063,123.47082531403102,3.1931133649484296,0.46924510695748134,1.150803513956679,79,0.7039999910886072,0.16656410256410295,0.2112943984442993,1.184000000000001,12.992000000000031,-1.046521e-05,-4.804933e-06,273,942.94336,87366.69,0.01196021272758965,0.10071979438281474,2.4093785960874587,134,0
444,phase1,239.9999999999997,37.63325000000029,6.377339018624723,0.13555022678299625,0.015237029,0.0132162655,0.00026493185,0.1179019,0.11763696,0.012052356,0.00017466968,0.29950182594790825,0.14322115398972904,0.02051229895014968,-332.80624,91.745735,8417.279,0.03007365,16.780474,281.5843,9.42302,49.870346,2487.0515,0.0014740499,9.551878,91.238365,-42.010002,35.120144,1233.4246,-0.0010798442,6.9326005,48.06095,-4.1660194,27.525475,757.65173,0.0012310203,5.1947455,26.985382,-25.033804,16.366404,267.85916,-5.7006906e-05,3.0890162,9.542021,-21.536003,19.070827,363.69647,-0.0048523876,3.4432285,11.855823,-27.608822,15.175451,230.29433,-0.0049567115,2.8496792,8.120672,-8.639238,12.474608,155.61586,0.0010155375,2.2832432,5.213199,-16.000608,13.421071,180.12514,0.0024795097,2.5653758,6.581153,-9.993888,10.851259,117.74983,0.002912407,2.0120497,4.048344,-13.857509,9.969653,99.393974,0.0012765174,1.8787045,3.529531,-8.669007,9.852022,97.06233,-0.0010447014,1.8092611,3.2734258,-12.358207,8.733722,76.2779,-0.0012941282,1.5562284,2.4218469,2865.228548753887,1026.197924982987,1053082.1812393882,1772.3202439943568,258.85901467598836,67007.98947902357,4782.168376166878,1238.9488620505706,1534994.282776404,22.6949439082448,9.058610099433587,82.05841693356018,0.07499375,0.0787375,0.0061995937,258.16648664121027,107.6147199013029,115.86971395503193,1405.0051599877036,1289.1354460326716,237.15608026942812,8.554064476325832,0.39910107175301357,1.0049228613647683,279,0.8602150506802316,0.13488172043010666,0.12564276457286902,0.9920000000000186,37.631999999999756,-1.4402691e-05,-8.5218795e-07,1546,566.3953,28074.564,0.011520058054576586,0.09827053461957555,3.0083333333333373,722,0
444,phase2,242.62531249999978,35.00800000000021,6.930567457993341,0.12609437853391678,0.015480591,0.012094708,0.00026967828,0.1342655,0.13399582,0.012501889,0.00014628196,0.2867707800615132,0.14306887048485042,0.020468701701810907,-330.82016,88.38775,7812.394,0.035090707,16.998392,288.94534,11.784913,50.830196,2583.709,-0.015636446,9.876361,97.5425,-39.01612,37.21776,1385.1615,-0.009976301,7.289308,53.134014,-0.7686875,28.25286,798.22406,-0.004454426,5.3438306,28.556524,-23.666552,16.83647,283.46674,-0.009946089,3.2884552,10.813937,-22.169258,17.609116,310.08093,0.0047392193,3.2864184,10.800546,-27.734491,15.928958,253.7317,0.0012516181,3.0163357,9.098281,-9.59405,12.4099655,154.00725,0.0013386154,2.2739873,5.171018,-16.61687,14.059641,197.67351,-0.00047176576,2.6912231,7.2426815,-11.5028,11.016105,121.35456,7.4880523e-07,2.0246918,4.0993767,-10.728302,10.667752,113.80094,0.0014641001,2.060461,4.2455,-10.419572,10.887336,118.53409,0.0020925477,2.0441613,4.178595,-11.181408,8.862689,78.54726,-0.0035322157,1.62075,2.6268306,2827.276949316348,1036.04437221832,1073387.9412052527,1770.8336484365773,269.41108805019473,72582.33436438978,4727.943665725481,1262.5314169232156,1593985.5787181426,23.23437071940476,9.222591254810643,85.05618945330976,0.067654595,0.07603633,0.005781523,248.629417899545,42.74660249886925,107.48759652776705,797.6947910167371,690.20719448897,239.91170118635668,3.543756399639827,0.44324075136069596,1.0193301281163802,283,0.8573332566878675,0.12370318021201503,0.11141935344473046,0.6720000000000255,35.00800000000025,-1.435639e-05,-9.102661e-07,1584,578.5155,28039.307,0.010862395633783056,0.09491676308748971,3.907259264220426,948,0
444,phase3,259.1984374999998,26.84800000000024,9.654291859568891,0.09385888611180566,0.014180996,0.010965189,0.00027027036,0.08317963,0.08290936,0.011640936,0.00012023537,0.28826537635291977,0.14093496441659603,0.019862664195107193,-338.17017,87.64164,7681.0576,0.021291493,16.767027,281.1332,12.969151,50.223774,2522.4275,-0.003049866,10.113628,102.285484,-42.18756,35.954964,1292.7593,-0.004573935,7.2089267,51.968624,-2.3891132,27.309568,745.81256,0.0035224457,5.38374,28.984657,-23.527205,16.41591,269.48212,-0.001695502,3.1390293,9.853504,-20.679623,17.97642,323.15164,-0.004710507,3.3989186,11.552648,-29.836468,15.005242,225.1573,-0.00032093344,2.852332,8.135798,-10.538633,12.675755,160.67476,-0.0018652515,2.4074721,5.7959223,-17.0671,13.159425,173.17046,-9.501131e-05,2.5099761,6.29998,-10.826486,10.799947,116.638855,0.00041196618,2.043857,4.177352,-11.767412,10.387977,107.910065,0.001366158,1.9921454,3.9686434,-10.074435,10.50493,110.35354,-0.0017841513,1.9432648,3.7762783,-11.124058,8.318795,69.20235,0.0035296439,1.5551442,2.4184735,2809.4567413473505,1029.8206651445867,1060530.602358839,1765.2218636772734,280.0326079277056,78418.26150279208,4726.404309766193,1258.6037026497424,1584083.2803236414,22.7862936529602,9.118242238263829,83.14234151565856,0.07240153,0.080066,0.0064105643,246.66973513724056,46.210313107887806,93.57338770459413,590.7319012233158,497.15851351872175,237.15608026942812,2.060614878672088,0.43629041274904456,0.7411384034454195,212,1.2226341333838002,0.12724170616113875,0.10226345200533007,0.6400000000000006,26.848000000000276,-1.4414564e-05,-8.500126e-07,1656,527.7764,43425.83,0.011626474093897528,0.09415988202497086,4.085672777251988,1059,0
445,phase1,94.93906249999999,7.488000000000014,12.678826097913158,0.0731056794682559,0.032474197,0.022650357,0.000775976,0.14528036,0.14450438,0.028177725,0.00051303866,0.26887227624179943,0.11672822294161767,0.013625478031107996,-253.1072,83.5605,6982.358,0.118525624,15.301993,234.151,38.41217,53.99527,2915.4893,-0.025268987,10.744269,115.439316,-40.430912,30.899868,954.8019,0.0012214027,6.3160925,39.893024,-10.196255,29.803587,888.25385,0.022928422,5.9685106,35.62312,-7.3464284,20.34361,413.86252,-0.00011766154,3.9938653,15.95096,-15.396811,19.543669,381.95502,0.0015344056,4.015276,16.12244,-34.786373,16.962616,287.73035,-0.011657381,3.089274,9.543613,-0.99765545,12.673849,160.62645,-0.0077655916,2.475574,6.128466,-25.168049,13.631481,185.81729,0.0012635783,2.6159935,6.843422,-2.2563827,13.204284,174.35312,0.0013643317,2.4949868,6.2249584,-16.313883,10.661499,113.667564,-0.0063955234,2.064034,4.2602367,-1.3966191,8.066207,65.06369,-0.004431476,1.5661203,2.4527328,-14.91292,9.395477,88.274994,-0.0070102434,1.7251127,2.976014,2521.320526718567,911.4765130526442,830789.4338466072,1758.2704241433469,301.67492323823745,91007.75931079645,4419.522219618869,1452.4926286872364,2109734.836390758,23.267527246539178,9.373181375752623,87.85652910275583,0.067197084,0.08639958,0.007464887,170.68212933460043,154.48813809536767,113.22324603078411,1680.5212228823332,1567.297976851549,150.26442824298348,7.9932408133813615,0.506404248514088,0.4295739712344089,44,2.15770591687032,0.174139534883721,0.15862513677973114,0.7999999999999972,7.488000000000003,-1.1297076e-05,-3.959208e-06,623,731.345,46515.973,0.010649259649717052,0.1103491583336732,1.72742384095061,164,0
445,phase2,96.35199999999999,6.075062500000016,15.860245740641187,0.05931110735505097,0.03875978,0.02688109,0.00078053656,0.161604,0.16082346,0.032803904,0.00072259293,0.24853896975554515,0.10430305635389862,0.010879127564764553,-232.48738,76.85077,5906.0405,-0.072005495,13.697593,187.62404,38.824726,50.380634,2538.2085,0.024624053,9.669335,93.496056,-47.120598,31.078852,965.895,0.010630959,6.2460256,39.012833,-3.3289323,29.759481,885.6267,-0.0012854087,5.546846,30.767502,-10.645806,21.070448,443.96378,0.003949251,4.0578876,16.466452,-17.608355,19.395538,376.18692,-0.0071088914,3.8049798,14.477871,-33.072613,15.506379,240.44778,0.0060894317,2.8749502,8.265338,-3.98926,12.790373,163.59363,0.010964021,2.481348,6.157088,-27.587511,14.679854,215.49814,0.0008706656,2.788366,7.774985,-0.30230683,13.874519,192.50229,0.0012290741,2.6446495,6.9941707,-17.151203,10.852097,117.76799,0.0016078783,1.9742353,3.8976052,-1.7978476,8.717116,75.98812,0.0011993097,1.573137,2.47476,-15.025732,9.121098,83.19441,0.0007023862,1.6113547,2.596464,2425.3976520332058,827.7195282082031,685119.6173772103,1690.5053525758365,278.7694743191248,77712.41981216118,4188.44696969697,1339.2531884678417,1793599.1028212805,23.596565918127908,9.47290306521839,89.73589248302395,0.05749502,0.0763313,0.0058264676,157.96267180582709,17.389686923494168,90.90953499696329,282.02769802256034,191.11816302559706,155.56349186104043,1.3006498723465612,0.5420181191683793,0.3417065680273707,35,2.752914207059594,0.17788235294117777,0.1319830124331697,0.480000000000004,6.0480000000000445,-1.1317894e-05,-3.943217e-06,602,818.54407,101942.18,0.011344788691564028,0.112270626058825,4.659996678844238,449,0
445,phase3,99.067,6.464000000000013,15.325956787444772,0.0612521439197962,0.033736575,0.023327922,0.00077461667,0.16175483,0.16098021,0.028888252,0.000544192,0.23977437201523652,0.10363056610106944,0.010739294230428123,-245.96733,75.85156,5753.4595,0.03239467,13.868851,192.34502,44.976517,47.49749,2256.0117,0.0057270373,8.892895,79.08357,-47.000668,30.429907,925.97925,-0.0093681365,6.210356,38.568527,-6.468468,29.562616,873.94824,-0.0049613873,5.795855,33.591938,-10.327356,20.227196,409.13943,0.005652556,3.991435,15.931554,-17.817465,18.357414,336.99466,-0.0048804297,3.623898,13.132637,-32.872646,15.538969,241.45956,-0.006864784,2.8413343,8.073181,-3.2712553,12.540217,157.25705,0.004387659,2.3581066,5.5606666,-27.785818,14.377281,206.7062,0.003994407,2.6472476,7.00792,-0.4204204,13.593267,184.77693,0.0074652005,2.570033,6.6050696,-17.502975,11.357677,128.99684,-0.0015682153,2.0766733,4.3125715,-0.18073525,8.857943,78.46314,-0.0038778246,1.6588356,2.7517357,-15.587245,8.80084,77.454796,-0.0028816455,1.659321,2.753346,2352.386697777929,790.0156127181235,624124.6683383922,1704.690405015069,278.9204475357273,77796.6160535304,4111.788868253487,1363.6930141412506,1859658.6368176492,23.535575633473627,9.35222249070148,87.46406551558262,0.058042,0.08119236,0.006592199,156.97758673839326,18.325356453842396,105.64102395561046,273.99891691894106,168.35789296333058,154.66751207845843,0.8133510383522536,0.5506367493782182,0.3411319896523296,36,2.751861034670527,0.17955555555555633,0.16146489891071414,0.8000000000000043,6.464000000000028,-1.1457388e-05,-3.8077474e-06,676,887.4643,94270.56,0.011263329068227317,0.11361982305061659,3.835787901117426,380,0
446,phase1,176.68281250000004,14.239999999999952,12.40750000649583,0.07458511538530763,0.021646243,0.015670083,0.0012283205,0.1690381,0.16780978,0.01862167,0.0002455515,0.3057930270131557,0.1400187905877081,0.019605261717644453,-276.35385,72.362686,5236.358,0.040887,14.10684,199.00293,6.6550627,44.73937,2001.6112,-0.010088939,8.883689,78.91994,-21.347853,29.467537,868.3357,0.0062488182,6.1052837,37.27449,-4.01052,29.537876,872.4861,0.010782745,5.5019207,30.27113,-19.543997,16.604753,275.71783,-0.00020379495,3.1835237,10.134823,-14.58045,18.72916,350.78146,-0.0008788364,3.401615,11.570984,-22.51544,15.091951,227.76698,-0.008705348,2.78911,7.7791348,-10.706811,12.561095,157.78111,-0.003618467,2.2562027,5.090451,-23.365122,13.097708,171.54994,0.0006428912,2.4329784,5.9193835,-6.2490444,9.376648,87.921524,0.0015931812,1.7681613,3.1263943,-24.660448,9.780661,95.66132,-0.0014514099,1.7937058,3.2173808,-0.2253607,8.456566,71.513504,-0.0007389023,1.6597497,2.754769,-16.013603,7.8781066,62.064564,-0.004798903,1.4742813,2.1735053,3090.449973869324,885.1052967835516,783411.386394299,1998.0218803502921,278.53448228328926,77581.45782082,5524.657753058488,947.5145398538167,897783.8032343901,23.342051646729406,10.131372362217348,102.64470594190155,0.080131225,0.07526417,0.005664695,230.8370789635082,118.65641008338089,65.40639132514966,1454.5525599514124,1389.1461686262628,202.90956258890662,8.30600716905571,0.4702530584095436,0.5813867842534532,111,1.5917370352095765,0.1294545454545459,0.11146981950804832,0.5760000000000005,14.24000000000005,-1.2439833e-05,-2.79685e-06,1142,1538.4033,58391.355,0.012858079312741801,0.10991836491075917,2.6601342448066356,470,0
446,phase2,178.09081249999994,12.83200000000005,13.878647024731315,0.06721040734721029,0.02252264,0.017056381,0.0012434317,0.13854612,0.1373027,0.018601138,0.00029092014,0.32299015025347744,0.14477043938636003,0.020958480120119742,-275.90778,72.028366,5188.0854,-0.0069656754,14.120933,199.40073,2.9239914,49.311016,2431.5762,0.043443155,10.207725,104.19765,-21.193892,31.136467,969.47955,-0.010015165,6.311339,39.832996,-1.763287,30.044338,902.66223,-0.004761313,5.7989388,33.627693,-21.729086,16.188631,262.07178,-0.00072276895,3.1383505,9.849244,-14.887205,18.443068,340.14673,0.00010306683,3.4488776,11.894757,-22.66533,15.456591,238.90619,-0.0012635881,2.8870943,8.335313,-10.684066,12.509005,156.4752,-0.007293927,2.3381913,5.467139,-24.061522,13.491406,182.01805,-0.0068944297,2.49686,6.2343097,-7.385706,9.290608,86.3154,0.0008561299,1.7407815,3.0303204,-24.960302,9.516108,90.5563,-0.000719291,1.8344396,3.3651686,-1.0041908,8.294779,68.80335,-0.000516851,1.5672928,2.4564068,-16.399399,7.700892,59.303734,-0.001158234,1.4599973,2.1315923,3144.635621162206,933.3839023994008,871205.5092583341,1954.1392515879334,280.77050376068576,78832.07578202925,5505.661345734875,964.7973930820528,930834.0096979252,23.061512143959625,10.24418158465575,104.94325633940002,0.0833218,0.07367789,0.005428431,206.46823527397868,29.666220884636598,161.0494265540188,403.4817790100553,242.43235245603648,197.13312122062953,2.6720158499929707,0.3293112116089641,0.5604359091452207,107,1.6644001012672882,0.12105660377358533,0.10071488153222734,0.4479999999999791,12.832000000000045,-1.21817275e-05,-3.0789226e-06,1095,959.2912,48309.086,0.012390900404013677,0.11323153641479912,3.2343049701118085,576,0
446,phase3,186.05243750000005,10.655999999999949,17.459874253014892,0.05417154513262782,0.024429664,0.017603714,0.00125627,0.1314322,0.13017593,0.020469055,0.00030989072,0.308875695093933,0.13575377908610303,0.018429088536158468,-266.87698,73.14805,5350.637,0.002822866,14.565304,212.14807,6.1356544,43.31941,1876.571,-0.009072405,8.719843,76.03567,-23.840128,31.739098,1007.37036,0.0062613217,6.442843,41.510227,-1.8122649,29.857481,891.4691,0.0060982527,5.723213,32.75517,-24.293213,16.534866,273.40182,-0.0043604933,3.1754103,10.08323,-16.164925,18.781754,352.75424,-0.009037142,3.5350451,12.496544,-23.581282,14.93101,222.93506,0.0029651031,2.8648343,8.207275,-11.646885,13.175832,173.60255,-0.0006374413,2.4702978,6.102371,-23.25931,13.531169,183.09253,-0.0023563432,2.5496671,6.500802,-6.9029307,9.583709,91.84747,-0.0013463417,1.8073018,3.2663398,-23.658817,9.243647,85.445,0.00026078086,1.7278458,2.9854512,-2.1772332,8.885739,78.95636,-0.00044606603,1.6922927,2.8638544,-15.780313,7.7687006,60.352707,-0.002354985,1.4434228,2.0834694,3045.393753682302,867.4845051906216,752529.3667458176,1960.5439739161982,263.44036384807896,69400.82530440824,5404.066871340273,938.9914860888591,881705.0109473641,23.43169584564486,10.198934756291882,104.01827016309856,0.080545165,0.0748652,0.005604798,217.47644277207795,39.44177019317093,97.99885899543732,380.8360868427029,282.8372278472656,204.08500572708806,1.6549027292993543,0.411515940076201,0.4473626099541358,88,2.1142322202928163,0.12109090909090908,0.1048578731126998,0.4159999999999968,10.655999999999999,-1.21729145e-05,-3.09341e-06,1212,1175.096,59411.633,0.012087621690162111,0.10925449223223474,3.633384271033804,676,0
447,phase1,127.83112499999997,18.240000000000023,7.008284977615944,0.12487067515910502,0.015841741,0.01276805,0.0,0.12076755,0.12076755,0.01295649,0.00016302308,0.2594414233639102,0.1473507812572512,0.021712252737122295,-345.8252,95.27065,9076.497,0.08398992,12.592206,158.56366,10.819625,47.886566,2293.1233,0.021718742,9.163128,83.96292,-26.23789,34.813286,1211.965,-0.008472902,6.662038,44.382748,13.585513,28.339836,803.1463,-0.014963531,5.0473557,25.475798,-27.963161,22.14144,490.24332,-0.0076151905,3.9086783,15.277765,-16.460695,19.485163,379.6716,-0.0025298563,3.554237,12.6326,-26.9495,16.141016,260.53238,-0.005299416,2.8338141,8.030503,-20.18592,17.62956,310.8014,-0.0065426584,3.1286128,9.788218,-21.470798,12.060479,145.45515,-0.0037390634,2.1248307,4.5149055,-6.286019,14.377893,206.72382,0.0077505056,2.6503086,7.024136,-17.669704,11.091525,123.021935,0.0036511607,1.951419,3.8080363,-2.579065,9.578437,91.74645,-0.0034742183,1.8107022,3.2786427,-15.488296,10.985047,120.671265,-0.0062869154,1.8584706,3.4539127,2747.8361652340895,1114.3632490634832,1241805.4508633225,1726.5163610230059,401.3603217972772,161090.1079132139,4594.477341182914,1426.6106919600743,2035218.0664148019,23.945670283861162,8.922413918156936,79.60947012692061,0.08414602,0.17089508,0.029205129,197.77770297544745,119.56672820000142,145.14587018501834,1454.5525599514124,1309.406689766394,180.77186920887385,9.493692105274155,0.6343921137712174,0.6024462398026988,88,1.452626403947427,0.20727272727272686,0.4670988003155211,4.320000000000007,18.239999999999963,-1.3862655e-05,-1.1649539e-06,669,1362.4382,70343.03,0.008977383138905622,0.07708892798694714,3.0821914459408855,394,0
447,phase2,135.0951875,10.975999999999999,12.30823389137811,0.07514144430433961,0.017072955,0.013679015,0.00041890028,0.112414815,0.11199591,0.013219938,0.00018711547,0.2644862832009858,0.1388235613408552,0.019271981183358187,-324.2736,67.6516,4576.7397,-0.02476015,12.287343,150.9788,19.532259,52.21111,2726.0,-0.015997007,10.256064,105.18687,-25.991074,34.10465,1163.127,-0.0020198599,6.5756326,43.238945,10.904434,27.698753,767.22095,0.027585778,5.2099185,27.143251,-31.07619,23.047834,531.20264,0.009555641,4.3595886,19.006012,-11.512098,17.521519,307.0036,-0.005861301,3.183344,10.133678,-28.392416,16.187515,262.03568,-0.00563122,3.0613313,9.371749,-20.834263,16.889664,285.26074,0.00123755,3.2493947,10.558565,-23.535624,11.840936,140.20776,-0.0035757388,2.254838,5.084295,-7.621082,14.848934,220.49086,-0.0025915592,2.8026972,7.855112,-16.02421,11.828692,139.91795,-0.00031678032,2.1440704,4.597038,-3.6879528,9.672829,93.56361,-0.010162354,1.7618215,3.104015,-13.102429,10.7402115,115.352135,0.0030437366,1.9451536,3.7836225,2743.677780815373,1028.2872884055687,1057374.7474964773,1752.0061571535293,284.02469945793354,80670.02990216948,4640.979257940854,1200.6723415987876,1441614.071880316,23.636909438780016,8.95792331896006,80.24439018836841,0.05521579,0.06540228,0.004277458,187.94506556787965,30.152617303652942,79.1413469005951,343.22869944588433,264.08735254528926,180.77186920887385,1.3680030061464794,0.49397590350624837,0.5408321884149808,79,1.7100656429105616,0.14071794871794843,0.11564356128893273,0.512,10.975999999999978,-1.38728765e-05,-1.2072904e-06,664,1174.1965,77240.72,0.012808715399499042,0.07958110496824543,3.604865643344993,487,0
447,phase3,105.1519999999998,45.3456250000002,2.318900614581864,0.3013045886936767,0.017077606,0.015725285,0.00042799368,0.2668063,0.2663783,0.013271357,0.00024728457,0.27516610281808035,0.13570064801036077,0.018414665870431834,-321.70612,78.340904,6137.298,-0.003928613,13.1559515,173.07906,23.627977,50.771965,2577.7925,-0.010473153,9.901682,98.043304,-30.897923,35.814,1282.6425,-0.0030127103,6.9117656,47.772503,8.003544,26.656761,710.5829,-0.009385533,4.8307424,23.336073,-29.94132,22.327307,498.50867,-0.010487075,4.2382307,17.9626,-9.993826,16.681158,278.26105,0.008783646,3.2581651,10.61564,-30.579168,16.004013,256.12842,0.0009008926,2.993867,8.96324,-19.167849,16.589748,275.21976,-0.0005666816,3.1431572,9.879437,-23.974075,12.435836,154.65002,-0.00018813457,2.3153312,5.360759,-6.461562,15.126771,228.8192,0.00028331426,2.7004359,7.292354,-13.33233,12.067665,145.62854,0.0008742905,2.1685634,4.702667,-6.5079746,9.260875,85.7638,-0.00046948876,1.714222,2.938557,-12.104733,10.887237,118.53191,0.0004908783,1.9578161,3.833044,2721.7435056014606,996.0830620516812,992181.4665062533,1739.0436417512624,283.52672846372485,80387.40575334277,4611.575587266157,1189.9782744258243,1416048.2936054626,22.956405635208032,8.835285838521514,78.06227584837883,0.061506964,0.07191595,0.005171903,200.75703387916033,130.40281215255166,79.59980805922079,1010.8545523973909,931.2547443381701,174.61411571650194,5.361860734876415,0.3465136053685132,1.2957015102397795,195,0.5392410228756861,0.2317128205128205,0.3121050441014748,2.240000000000009,45.184,-1.3819433e-05,-1.4236103e-06,798,716.63586,55071.777,0.014302455947401855,0.08039945587089065,4.355599513085827,458,0
448,phase1,239.79318750000002,22.559999999999974,10.629130180446369,0.08599095065311518,0.00950025,0.008149029,0.0002639844,0.06773105,0.06746707,0.0071719442,6.6406676e-05,0.25512102752622273,0.13226698351218838,0.01749455492741351,-374.1816,73.60538,5417.752,0.026173929,13.169215,173.42822,26.492243,48.474,2349.7288,0.010681941,9.320768,86.876724,-28.69177,30.597725,936.22076,0.0002119916,5.76488,33.23384,-6.809749,32.52093,1057.6111,-0.0018995067,6.108218,37.31033,-16.78952,19.926271,397.05627,0.0027677834,3.7155294,13.805159,-17.030449,18.96975,359.85138,0.002918457,3.5862708,12.861338,-27.824768,16.724684,279.71503,-0.0054967585,2.9355493,8.617449,-5.0942287,14.45754,209.02046,-0.007532223,2.6562479,7.055653,-24.81791,12.7489805,162.53651,-0.0019383435,2.294841,5.266296,0.6866258,14.178995,201.04391,0.0018966508,2.5472145,6.4883018,-17.091476,9.921974,98.44558,0.00033057405,1.858263,3.4531415,0.03184506,10.712013,114.74722,-0.0016478191,2.0478382,4.193641,-19.417929,11.264395,126.8866,-0.0022378813,2.1204474,4.496297,2700.602960506776,878.1760746471907,771193.2180827484,1901.2673460984581,257.6216239898954,66368.90114719105,5024.678123856568,1158.81475691004,1342851.6408324747,22.58500694932358,8.493200951208136,72.1344623976028,0.069033824,0.07935345,0.00629697,185.4972389415276,100.27291666334801,70.91536696417685,1413.1442720795428,1342.228905115366,174.61411571650194,10.93780008931057,0.4798146114794713,0.7547078115831927,198,1.2110766984289056,0.1145177664974627,0.09372687363671155,0.6080000000000041,22.56000000000015,-1.430693e-05,-9.394732e-07,1524,758.498,50381.395,0.008707358870631565,0.06932165485522598,2.8524580165564544,684,1
448,phase2,155.2639999999995,107.08918750000049,1.4498569106254717,0.40818710273912906,0.009873376,0.0102885235,0.00027298002,0.17637493,0.17610195,0.0068802,0.00010585372,0.26980841318301013,0.13229488442174564,0.017501936444163035,-373.01562,76.96568,5923.7163,-0.005258008,13.176409,173.61775,20.140852,49.88656,2488.6687,-0.014368358,9.887323,97.75916,-26.835413,29.183924,851.7014,0.0038598746,5.5170026,30.437315,-4.18715,34.1613,1166.9945,-0.0033574062,6.429586,41.339573,-14.7996025,19.059023,363.24634,-0.0022829112,3.5517752,12.615107,-17.377699,19.710472,388.50275,0.002547,3.8008177,14.446215,-26.301151,17.099302,292.38617,0.004907524,3.086932,9.529148,-5.873593,13.86648,192.27927,0.0030473908,2.5561705,6.534008,-24.632801,13.811298,190.75195,-0.0010376711,2.4639735,6.0711656,-1.8521614,12.851452,165.1598,0.00068178953,2.441584,5.9613333,-15.15349,9.625912,92.65818,-0.000714266,1.809287,3.2735193,-1.9970104,9.916375,98.3345,-0.00023240039,1.8540589,3.437534,-17.910276,10.785216,116.320885,-0.002679284,2.005009,4.0200605,2810.3166772169097,884.2675569288164,781929.1122368574,1909.6186958927526,272.35493939096864,74177.2130106582,5126.101506281254,1165.1836746953998,1357652.9957766754,22.327671650932405,8.617757537731972,74.26574497913622,0.075941734,0.079024546,0.0062448788,186.6898230664016,38.192101097610134,85.80717486147108,415.30469757994507,329.497522718474,176.64303400994282,1.6092679990424685,0.3654104158598109,1.5056039675523287,395,0.3930734167263951,0.26826395939086345,0.3410845815142626,3.1680000000000064,105.6960000000002,-1.4266197e-05,-1.0006243e-06,1332,454.65585,43890.105,0.010484858264489501,0.08054466102360809,5.397258862324832,838,1
448,phase3,164.63999999999953,105.66331250000047,1.558156701190322,0.39090646549143,0.009394579,0.010010004,0.0,0.15562709,0.15562709,0.006539527,0.00010020019,0.26261513656845625,0.14394831924291424,0.02072111861285995,-384.5911,96.02485,9220.771,0.019485395,13.718334,188.1927,20.584425,48.29753,2332.6516,0.009894826,9.270194,85.93649,-23.380495,30.010971,900.6584,-0.0056813243,5.6289988,31.685625,-5.3953075,32.32929,1045.183,-0.0052893553,6.045901,36.552917,-13.375902,18.721521,350.49533,-0.0011198536,3.635954,13.2201605,-15.828686,19.501423,380.3055,-0.0034924436,3.7643003,14.169956,-23.545122,17.003273,289.1113,-0.0029419865,2.8930304,8.369625,-4.515114,13.677983,187.08723,0.004715544,2.5185978,6.3433347,-21.802814,14.102524,198.88116,-0.00156971,2.4370644,5.939283,0.038369883,12.533209,157.08133,0.001985398,2.3169475,5.368245,-13.815984,9.915193,98.31104,-0.00047867247,1.7851714,3.186837,-0.44580135,9.629244,92.72234,-0.0011776314,1.7979255,3.2325358,-15.789875,11.458558,131.29855,-0.0016711237,2.0588732,4.238959,2728.1988364972904,1039.2579929745682,1080057.1759615275,1850.5923999525364,455.8345198236998,207785.10946290294,4976.2915088197,1515.5663183625493,2296941.265355012,21.940085581514197,8.440455022354744,71.24128098439343,0.11588954,0.19490147,0.037986584,182.01200907456862,42.48320028181527,76.88834637984607,670.7786902325353,593.8903438526892,175.62564499846297,4.811813267679418,0.3448561619101626,1.3244380791670838,358,0.45988826687181916,0.29506145251396587,0.6429152977045048,10.912000000000006,105.63199999999978,-1.367692e-05,-9.948546e-07,1306,348.24893,18860.36,0.011483531569241232,0.08793006415999692,5.43610301263364,895,1
449,phase1,223.40925,15.712000000000018,14.21901958891167,0.06570725102850548,0.01401581,0.010001605,0.00038779146,0.09545,0.09506221,0.0118091805,0.00010003211,0.24512738044460056,0.12793962228541245,0.016368546950534007,-326.53992,75.29407,5669.197,0.038337912,13.432267,180.4258,32.24134,44.087704,1943.7257,0.0071418565,8.341781,69.58531,-34.56975,32.359623,1047.1451,-0.010074401,6.3325825,40.1016,-1.2021604,26.51683,703.1423,0.0040431516,5.1117616,26.130106,-21.98429,17.23645,297.0952,0.0006480815,3.2096577,10.301902,-18.064306,18.25742,333.3334,-0.009524622,3.399181,11.554431,-26.598915,16.407553,269.2078,-0.0067924475,3.1059086,9.646668,-14.908764,14.255376,203.21574,-0.0024781944,2.5720773,6.6155815,-27.040852,12.8401,164.86818,-0.0003167965,2.3808706,5.6685452,-2.4156866,13.173234,173.53409,0.0036157134,2.4976661,6.238336,-23.83353,9.643346,92.994125,0.00040942032,1.7992998,3.2374797,-2.2393248,9.039264,81.70828,0.0018613989,1.6670481,2.7790494,-10.260467,7.9143677,62.63722,-0.0044736997,1.4473318,2.0947692,2543.9782512881443,915.9124259165668,838895.5719483705,1799.9903835639004,285.9112544863096,81745.24544193527,4523.1845058878625,1304.257886291075,1701088.633952463,23.023076113025507,9.166235421389866,84.01987180034224,0.06631681,0.07830479,0.00613164,205.5147260643908,89.6708029761418,144.30989148811935,1421.3305335680736,1277.0206420799543,193.74649219115264,11.96781816732364,0.6135420847566516,0.5060194357465093,121,1.8463574227573767,0.13093333333333296,0.13557554679546374,1.024000000000001,15.711999999999954,-1.3853128e-05,-1.4075763e-06,1346,989.71716,41522.88,0.011920835523638493,0.09105765819564578,3.6838224021610566,823,0
449,phase2,192.08124999999947,47.04000000000053,4.083359819656409,0.1967202831199675,0.0172323,0.014350956,0.00038484216,0.25511885,0.254734,0.01413149,0.00020594994,0.23935157452244749,0.12353839637547216,0.015261735379023275,-309.44232,73.64222,5423.1763,0.013107013,13.435094,180.50175,33.69614,44.03539,1939.1155,0.005551625,8.264547,68.30274,-32.762745,33.75428,1139.3513,-0.0056032827,6.790999,46.11767,0.90307784,28.052376,786.9358,-0.010697693,5.3733206,28.872572,-20.619333,17.820103,317.55603,-0.0045894664,3.4403303,11.835872,-18.26562,18.079802,326.87924,0.007937697,3.469193,12.0353,-24.82631,17.611273,310.15692,-0.0014020258,3.3414187,11.165079,-14.446936,14.116107,199.26448,0.00033517857,2.6892564,7.2321005,-22.145393,12.689234,161.01665,0.00011457249,2.351032,5.5273514,-2.1592019,13.653302,186.41266,0.0028031208,2.6214187,6.8718367,-20.350798,9.400352,88.3666,0.00045527364,1.742431,3.036066,-0.4244022,9.0298395,81.53801,0.00011560497,1.723405,2.9701247,-7.306911,8.033609,64.53888,-0.00040648566,1.5284402,2.3361297,2507.5546099361486,905.8112877900759,820494.0890879156,1772.0491777105672,289.8799522264768,84030.38670282449,4426.687115281681,1288.131796950693,1659283.5263154213,23.631023539679674,9.233480247896653,85.25715748829762,0.05752478,0.07054924,0.004977195,200.5577158250684,24.35041728010765,136.9994584594705,380.8360868427029,243.8366283832324,195.99771799087463,1.6028483679743946,0.6451224407005055,1.4720565403534818,352,0.5456853677679377,0.13401709401709344,0.1387780196541716,0.9920000000000186,47.03999999999979,-1.38222085e-05,-1.456626e-06,1504,1006.9242,77596.02,0.010436691431891718,0.08350370879688783,6.013080402173576,1155,0
449,phase3,205.56799999999964,40.79943750000035,5.038500713680113,0.16560401777933967,0.016175548,0.012643453,0.0,0.20312336,0.20312336,0.013423435,0.0001598569,0.23470453752110665,0.12564543065618233,0.015786774244777525,-321.93985,91.17686,8313.219,-0.02024858,13.089945,171.34666,28.997612,42.5953,1814.3595,-0.00993782,8.17145,66.77259,-36.40003,32.814526,1076.793,0.0063093067,6.4194317,41.209103,1.0137638,27.498684,756.1776,0.008215083,5.3534403,28.659323,-22.027016,16.232859,263.5057,0.00023607274,3.0634112,9.384488,-17.853106,17.92063,321.149,-0.0058207884,3.33564,11.126493,-27.143175,16.844816,283.74783,0.0008823831,3.142001,9.87217,-15.895072,14.007478,196.20944,0.0047759186,2.5965688,6.74217,-25.163527,12.607835,158.95749,-0.0016741564,2.237109,5.0046563,-3.3474185,13.593459,184.78214,-0.003674138,2.6033254,6.7773027,-22.599363,9.57477,91.67622,-0.0017695364,1.6734141,2.800315,-2.7543335,9.135238,83.45256,0.00078648276,1.7108177,2.9268973,-10.839076,7.8872604,62.208874,0.0005528303,1.4618754,2.13708,2482.1526961944815,946.0413326581864,894994.2030976773,1750.4905124505171,376.1764697739361,141508.73641158105,4402.738992076893,1388.190872003872,1927073.8971148708,23.464304161852194,9.246920737427017,85.5055431242578,0.07882389,0.15232986,0.023204386,207.37295139427954,32.918855007020355,148.5384940785009,523.2511306011972,374.71263652269636,200.5789474828077,3.028928148404499,0.651643070444,0.9498008437093072,234,0.8784957227414697,0.17496995708154503,0.4302249775248565,5.311999999999983,40.767999999999994,-1.346966e-05,-1.4529759e-06,1176,1142.8644,95932.734,0.01063141700197635,0.0850960781121088,5.1369863013698716,1056,0
451,phase1,150.31449999999987,59.64800000000014,2.520025775884753,0.28408882538548613,0.019654237,0.023170093,0.00033040033,0.18277334,0.18244293,0.012004901,0.0005368532,0.3321244862703825,0.1648703174769851,0.027182221584961863,-340.6518,98.52031,9706.251,0.030499518,17.917152,321.02438,1.9212832,55.67294,3099.4763,0.016261399,11.0498,122.09808,-9.584882,33.106926,1096.0686,0.0083992295,6.57693,43.25601,-10.260933,30.895863,954.5544,-0.0020286704,6.0192413,36.231266,-16.328651,18.970592,359.8834,-0.0054144245,3.726887,13.889687,-11.339905,16.869772,284.58923,-0.004500819,3.1070142,9.653537,-31.134933,18.698277,349.62558,-0.0023562212,3.332413,11.104977,-3.7949939,14.001039,196.02907,-0.004028053,2.6344957,6.9405675,-22.446436,14.400348,207.37003,-0.0017942919,2.7023568,7.3027325,-2.5716798,11.85994,140.65816,-0.00450314,2.154941,4.6437707,-11.704674,9.836269,96.75219,0.0013852037,1.8884798,3.5663562,-4.8603644,10.037146,100.744286,-0.0017773577,1.9827418,3.931265,-11.533096,8.349168,69.7086,0.0012811369,1.5634878,2.444494,3298.021901946702,1104.1795175068564,1219212.4068816744,1957.8244013527167,353.488020817425,124953.78086142031,5659.853846007315,938.8327290677546,881406.893168808,22.630569778018568,9.902904323491894,98.06751404023446,0.095545195,0.10253233,0.010512878,211.40224474500968,125.67492192825395,66.93519325188251,1413.1442720795428,1346.2090788276603,194.86885420251932,8.264223087041968,0.34318805237074246,1.209739834494255,254,0.5917893677488603,0.2348346456692922,0.20581169299363503,1.1200000000000045,59.64800000000022,-1.4068158e-05,-1.2367695e-06,1032,511.8301,58287.805,0.011187787958377562,0.07703101153269871,3.1201248049922023,469,0
451,phase2,164.92799999999986,45.03450000000015,3.6622588534954414,0.21448830148240827,0.026528155,0.027020214,0.00034230464,0.2071994,0.20685709,0.018271787,0.000730092,0.32936296634505485,0.15732380977126517,0.024750781120945232,-306.46152,104.40608,10900.63,-0.06612197,19.438522,377.85614,-0.7406061,53.36732,2848.0708,-0.006325499,10.750107,115.56479,-15.724176,35.98388,1294.8395,0.0123399,7.0484247,49.680294,-8.465988,32.06635,1028.2507,-0.0017772635,6.2035894,38.484524,-20.479485,19.53525,381.62595,0.00032370136,3.7758636,14.257146,-15.206306,17.831198,317.95163,0.0036103446,3.3505282,11.226039,-34.362843,18.666355,348.43283,0.008418058,3.5522962,12.618809,-2.5278778,14.049406,197.38582,0.0003004218,2.6392584,6.9656844,-22.977762,15.232933,232.04225,0.0022507554,2.8310685,8.014949,-2.5657291,11.847062,140.35289,0.00080634793,2.1823575,4.762685,-12.147149,10.010789,100.215904,-0.0015144347,1.9051929,3.6297598,-4.682618,9.958946,99.1806,0.0033775377,1.9269277,3.7130501,-13.278488,8.86714,78.62617,-0.00012888265,1.7127804,2.9336164,3263.8548653001526,1086.240490126859,1179918.4023910386,1913.1976926953519,326.4145989878934,106546.49043242726,5543.650944833892,958.967155708345,919618.0057273533,23.056495371230348,10.18772689161428,103.78977921812076,0.087722674,0.094457366,0.008922194,213.27035120136793,32.56828859750554,81.46036537576103,372.1377785978373,290.6774132220763,205.2672581380976,1.001335078841049,0.31408107279578157,1.076382687384652,226,0.7297699082753537,0.19911111111111135,0.174502088140607,1.0880000000000223,44.800000000000054,-1.360811e-05,-1.5988527e-06,1095,695.3545,121598.19,0.011518206613178322,0.07882672919862782,3.5409390764454822,584,0
451,phase3,163.93599999999975,52.38900000000024,3.1292064530873382,0.2421772795562244,0.027167447,0.027506767,0.0004318302,0.23539053,0.2349587,0.01893483,0.00075662223,0.3176670714853572,0.15934276977824902,0.02539011828060407,-304.85083,107.19656,11491.104,-0.051653523,20.364285,414.7041,2.5959022,53.93605,2909.0974,0.0005473642,10.804603,116.73943,-15.556277,36.08114,1301.8485,0.0087781865,7.3532376,54.070103,-7.8957024,30.82856,950.4001,0.004258437,6.0535274,36.645195,-21.31652,21.347757,455.72675,0.0034141575,4.145845,17.188028,-16.004923,17.981316,323.32773,0.00019808215,3.4588733,11.963804,-32.9108,18.394835,338.36996,0.008218075,3.4735463,12.065523,-4.3319225,14.332117,205.40958,-0.0049842014,2.8278124,7.996523,-23.558928,14.7158165,216.55527,-0.0012108645,2.7640402,7.639919,-2.8330889,11.609804,134.78755,0.0010193343,2.154397,4.641426,-11.871756,10.039515,100.791855,0.0033034715,1.9136823,3.6621802,-4.2805247,9.878928,97.59323,0.0008812897,1.9454579,3.7848065,-13.613182,8.974946,80.54966,-0.0013683712,1.7327766,3.002515,3185.6780873097064,1091.49769249705,1191367.2127263846,1917.0585329881096,320.44543129673434,102685.27443895007,5478.317741458364,1019.4656241775175,1039310.1588796553,23.081752094637142,10.1737295988414,103.50477395034159,0.08625506,0.09592712,0.009202013,217.6459655375226,40.61028304580441,91.96585291173604,564.0553960451207,472.08954313338467,208.85526660911424,2.2375951591250303,0.30587191239374767,1.192649947994915,258,0.6354108502503446,0.19909727626458998,0.16779585716369022,1.0559999999999974,51.16799999999962,-1.3659084e-05,-1.6010313e-06,1025,725.8785,59659.17,0.011914837785539213,0.07807842872406909,3.8063634589108,624,0
454,phase1,61.656687500000004,7.007999999999996,8.798042052220033,0.10206119411815565,0.015316475,0.012394802,0.00068171474,0.09879612,0.09811441,0.012231985,0.00015363112,0.3057700918860671,0.15425316589216018,0.02379403918775429,-323.00262,81.717354,6677.726,0.13558663,14.505435,210.40765,13.058989,46.937557,2203.1343,-0.0018743442,9.192753,84.50671,-19.939354,31.920713,1018.93195,-0.015918942,6.418393,41.19577,-4.782446,26.348854,694.26215,0.029441154,5.276872,27.84538,-24.80804,17.366928,301.6102,0.0017838052,3.4446485,11.865603,-13.62526,15.388478,236.80525,-0.017264716,2.8063138,7.8753967,-24.072582,14.194768,201.49142,-0.017987287,2.7028394,7.3053403,-7.5509405,11.490444,132.0303,-0.014370521,2.0702503,4.2859364,-22.409498,12.259949,150.30634,-0.00053637824,2.305701,5.316257,-7.512972,9.852132,97.0645,0.0030587076,1.8404529,3.387267,-22.422441,8.905589,79.309525,0.0043655927,1.696341,2.877573,-7.1746197,9.340593,87.24668,-0.0005654142,1.7037432,2.902741,-12.207769,8.861248,78.52172,-0.011912178,1.6228876,2.6337643,3008.2242087344903,1059.6517271665612,1122861.7828870763,1918.0449094296084,277.52118016377193,77018.00543949277,5210.719070363467,1170.700064375048,1370538.6407277414,22.094364539561504,9.55812780536941,91.35780714377584,0.087746255,0.08540995,0.0072948593,287.2008116281723,200.39982921597345,71.73936383710603,1586.2008141950607,1514.4614503579546,233.08188075904494,4.523000084402549,0.4496738115332368,0.7573033810137125,52,1.185705506044125,0.13741176470588262,0.10379715823504103,0.35200000000000387,7.008000000000013,-1.2602514e-05,-2.6557564e-06,454,937.6474,30720.82,0.013696872712134059,0.1067861420476544,3.1302362781004085,193,0
454,phase2,63.00075,5.6640000000000015,11.123011807377855,0.08248773934223895,0.019690946,0.016471555,0.0007641068,0.12431347,0.123549365,0.015508954,0.00027131214,0.3030565587138863,0.13064187751199854,0.017067300159860032,-282.01544,77.143684,5951.1475,-0.011661615,13.234097,175.14131,23.603386,41.674377,1736.7537,0.049814846,8.141419,66.28271,-25.617464,35.36045,1250.3616,-0.011196025,6.930932,48.03782,-7.397098,26.443518,699.2596,-0.023541082,4.8478155,23.501314,-26.764324,16.11922,259.82928,-0.0012090635,3.0902455,9.549618,-14.799199,14.937381,223.12535,-0.0065004346,2.7080562,7.3335686,-26.263838,14.054965,197.54204,-0.009732907,2.6423602,6.982068,-8.056679,12.575302,158.13821,0.0021817936,2.2543085,5.081907,-21.08718,12.630635,159.53294,0.0041606706,2.3201995,5.3833256,-7.975647,9.920061,98.40761,0.007182258,1.8442805,3.4013703,-21.178043,9.094684,82.71327,-0.00088100485,1.6948534,2.872528,-6.5509644,8.605375,74.05248,-0.01217991,1.5874124,2.519878,-13.748334,8.610486,74.14047,0.004692855,1.5862013,2.5160346,2923.7267739686786,1011.6828070335052,1023502.1020471925,1892.6095512858176,290.82495225052213,84579.15285151848,5059.813315470643,1191.1995917326803,1418956.4673441045,22.199409044192457,9.869978998549826,97.41648543181464,0.085318856,0.07313691,0.005349008,226.8655767631176,74.62784206032188,150.26442824298348,587.329535834815,437.0651075918315,202.90956258890662,2.862151799715331,0.22739981350074567,0.6407945852857544,44,1.4318351947310184,0.13172093023255796,0.10606674633552413,0.4159999999999968,5.663999999999993,-1.139482e-05,-3.8640455e-06,463,532.75055,47867.375,0.01379755801180845,0.10490861484385454,4.618992631040107,291,0
454,phase3,63.67999999999998,7.0655000000000285,9.012807442812578,0.09987207666918783,0.017887972,0.015137725,0.00082396716,0.12893641,0.12811244,0.01404877,0.00022915071,0.28632693245420626,0.12661496653605847,0.016031349750927206,-293.30777,77.99997,6083.9956,-0.0049387133,14.788614,218.70311,24.47831,42.185577,1779.623,-0.013408594,8.476922,71.85821,-25.790861,31.841484,1013.8801,0.009401488,6.6077313,43.662113,-7.778,25.41516,645.93036,0.020625187,4.893264,23.944033,-27.685064,15.970607,255.06027,-0.004903592,2.995364,8.972205,-14.196632,15.513224,240.66011,-0.025694141,2.819512,7.949648,-26.37165,13.5996685,184.95097,0.014282421,2.5114284,6.307273,-9.206256,11.948955,142.77751,0.0103380345,2.164131,4.683463,-20.067293,12.491303,156.03265,-0.005358505,2.2162743,4.9118714,-8.728133,9.957762,99.15703,-0.00021463366,1.8575442,3.4504702,-20.754356,8.943585,79.98772,-0.010381785,1.6126727,2.6007133,-5.9979386,8.920829,79.581184,-0.00056172843,1.6317464,2.6625962,-13.83033,8.475815,71.83944,-0.0042349547,1.6639576,2.7687547,2856.635450890672,946.3175449737021,895516.8959250546,1908.1866437787285,283.29032729212275,80253.40953727804,5031.981428086839,1165.6118628585734,1358651.0148366336,22.194568234783933,9.662473757103008,93.3633991067043,0.08674153,0.077162765,0.005954092,250.27470256162283,60.59101370196559,142.65235101161107,496.74433811469765,354.0919871030866,235.7901617579845,1.1048257405843782,0.3432835819342906,0.8057049564989999,57,1.1171929628562636,0.1257142857142857,0.10541579481234543,0.544000000000004,7.039999999999999,-1.1546453e-05,-3.7060806e-06,487,642.6002,22958.242,0.014383263318847596,0.10678792049105862,2.6695979899497497,170,0
455,phase1,115.28387499999995,11.616000000000042,9.924575161451823,0.09153673319221191,0.020673383,0.019251324,0.0007289603,0.1298759,0.12914693,0.014765937,0.00037061347,0.2710316745067448,0.13451394665374783,0.018094001844367314,-305.6306,83.519966,6975.585,0.032478116,14.917134,222.52089,21.225727,45.70683,2089.1143,0.0007774172,8.919148,79.551216,-37.777775,37.0308,1371.28,-0.010089042,6.9252954,47.959713,-4.9447126,32.218716,1038.0457,0.014366446,5.7620344,33.20104,-16.77264,15.619059,243.955,-0.00015398931,2.9474792,8.6876335,-22.40232,19.800684,392.06708,-0.010268046,3.6531355,13.3454,-26.833189,15.5434475,241.59877,-0.003952989,2.7447157,7.5334644,-9.03336,12.60468,158.87796,-0.0028295205,2.41223,5.8188534,-21.517622,13.261354,175.86351,-0.0014035462,2.395967,5.740658,-7.735937,10.49962,110.24202,-0.00023284947,1.9372413,3.752904,-18.564758,8.641073,74.668144,0.0062755407,1.6140804,2.6052556,-3.9447837,10.177105,103.57347,-0.001761258,1.8639764,3.474408,-20.849722,10.075965,101.52508,-0.0076906853,1.854472,3.4390664,2704.3401920614892,922.2109355722295,850473.0096890068,1836.9930950507176,295.6674688600425,87419.25214210422,4729.556700706001,1358.497793880582,1845516.2559784083,23.393777658149492,9.699592268100458,94.08209016739418,0.06861913,0.084069416,0.0070676664,236.89382774999908,139.51247185638485,72.57293509250918,1446.174953670991,1373.6020185784819,211.28204791122093,7.522807968737669,0.4510842157208562,0.7092205567578377,90,1.280931930211867,0.1305168539325841,0.14701265804704391,0.8639999999999901,11.615999999999985,-1.3582755e-05,-1.6872156e-06,836,1926.9666,409278.75,0.012826262434880217,0.07356425213012448,2.602272000312274,300,0
455,phase2,102.80387499999988,24.096000000000117,4.266428898305548,0.18988198372929932,0.021903232,0.021451049,0.0007242367,0.21407938,0.21335514,0.01630428,0.0004601475,0.26975113661434696,0.1405777655966698,0.019762108180152237,-304.41104,86.151535,7422.087,0.04122451,15.8001995,249.6463,22.891476,49.735847,2473.6545,-0.020163173,9.679652,93.69567,-36.52213,38.13117,1453.9861,-0.010120762,7.449255,55.4914,-3.9315238,34.284466,1175.4246,0.00886575,6.065129,36.78579,-18.010082,16.932775,286.7189,-0.009757266,3.217304,10.351045,-21.442047,19.774767,391.0414,-0.009635828,3.8555934,14.865602,-24.629108,14.363146,206.29996,0.0028609599,2.612886,6.8271728,-10.477641,13.079889,171.0835,-0.0009827927,2.5156324,6.328407,-21.4629,13.37806,178.97249,-0.007468095,2.4519982,6.0122952,-6.691513,10.579388,111.92345,0.0022751659,1.9284775,3.7190256,-18.218723,8.951934,80.137115,-0.0024388898,1.647446,2.7140784,-3.2341948,9.773794,95.52706,-0.0013101653,1.8666192,3.4842672,-19.896334,9.844081,96.90593,-0.0005524885,1.9328457,3.7358928,2687.093384415409,972.5857685838562,945923.0772518503,1806.4453601328266,312.7507955295484,97813.06010436537,4633.695001260716,1438.8858915607718,2070392.608932637,23.140695349452784,9.648851750134831,93.10034009607999,0.07087499,0.08704012,0.0075759823,233.2476704976073,59.434676148108295,90.38593460443693,674.6644716546242,584.2785370501873,213.73702705379327,2.3829722761558996,0.4341906201628365,1.111112205587279,141,0.7291054912829389,0.17089361702127662,0.20151657982675597,1.1520000000000001,24.096000000000004,-1.3569839e-05,-1.6655939e-06,773,1132.6428,59669.414,0.013646519370663681,0.07928748328297595,3.8130858394199683,392,0
455,phase3,107.35337499999994,23.392000000000053,4.589319870497598,0.17891263840116756,0.018731454,0.018763756,0.0007322272,0.1758021,0.17506987,0.013231425,0.00035207858,0.26762018936612825,0.13486135499282664,0.018187585070501208,-314.03406,82.54176,6813.1426,-0.027514605,14.988374,224.65134,26.94529,46.470127,2159.4727,0.0001551441,9.159752,83.90106,-35.821556,36.649593,1343.1926,0.008129137,7.1625605,51.302273,-5.4421206,31.285816,978.8023,-0.0028205859,5.6022615,31.385334,-19.663944,16.243364,263.84686,-0.0045148097,3.0799947,9.486367,-20.590002,18.774609,352.48593,0.0023424341,3.617178,13.083976,-26.43687,14.597834,213.09674,0.0019813718,2.6411774,6.9758186,-11.258865,12.578273,158.21295,-0.00046815933,2.4648972,6.075718,-20.82159,12.774673,163.19229,3.746661e-05,2.4319792,5.914523,-8.579525,10.719292,114.903206,0.0039626714,1.9006385,3.6124265,-19.018291,9.331746,87.08149,0.0011392172,1.7277759,2.9852095,-4.7896023,9.674926,93.604195,-0.0027321698,1.8259658,3.334151,-19.988007,9.457628,89.446724,0.002336987,1.7568209,3.0864198,2639.850993172672,937.5578258426495,879014.676798796,1823.0780366347024,310.0945597318382,96158.63597528258,4626.948344958395,1381.0859993296342,1907398.5375443345,22.79859684224332,9.508527548241897,90.41209613567506,0.074512064,0.088464834,0.0078260265,231.60816150256971,61.686120495973285,80.5247132770094,573.9149106968482,493.39019741983884,211.28204791122093,2.037912546322052,0.3607440038275223,1.0860804827704231,142,0.7560096777745794,0.165900709219858,0.15964114477752916,0.9279999999999973,23.391999999999978,-1.3496618e-05,-1.7634986e-06,783,1094.2205,69665.34,0.0140706996066997,0.08028613715333732,3.3347810443779733,358,0
456,phase1,138.66249999999994,15.36000000000007,9.027505922688372,0.09972568942849304,0.03071502,0.022870919,0.00066838146,0.25430727,0.2536389,0.02559013,0.0005230789,0.25657840819095346,0.1411787750491251,0.01993144652437147,-264.3485,84.04205,7063.067,0.054829907,15.740489,247.76299,29.534071,46.6141,2172.8745,0.029030632,9.132488,83.40234,-32.81693,38.625984,1491.9668,-0.005676687,7.6937194,59.19332,1.1486408,27.387094,750.0529,-0.006563262,5.380953,28.954655,-28.018364,18.048801,325.75925,0.0037276018,3.5346327,12.493628,-13.850205,17.202085,295.91174,-0.0006496487,3.2591665,10.622167,-32.14512,16.43276,270.0356,-0.0066187405,3.0436785,9.263979,-5.369346,12.407816,153.95389,-0.003391093,2.3064878,5.3198857,-19.042158,13.7712145,189.64635,0.0014008775,2.5672193,6.5906143,-9.83372,10.788288,116.38715,0.0014685226,1.9430996,3.7756362,-13.140627,9.696099,94.01434,0.0040048487,1.722129,2.965728,-11.121399,10.211701,104.27884,-0.007814704,1.9684665,3.8748605,-8.142158,8.896734,79.15188,-0.0048584393,1.6698664,2.7884538,2594.0042546883615,983.5571858986789,967384.7379329283,1765.4299014107771,310.3877144941662,96340.53330891202,4548.002895201495,1278.4064181756175,1634322.9700326116,23.527115114282562,9.933344107298336,98.67132515399858,0.058071412,0.0755237,0.005703829,254.3834675237521,118.56450524178507,124.90548719779652,1454.5525599514124,1329.647072753616,234.43211035826653,8.24592064718278,0.5272122973562084,0.8700027593371098,134,1.0347947683970535,0.11462686567164201,0.11419920221130345,0.8,15.36000000000003,-1.1870671e-05,-3.3783354e-06,862,3000.234,138428.53,0.015064067918305994,0.08107472659689488,3.728477418191654,517,0
456,phase2,138.47056249999991,15.552000000000078,8.903713580008079,0.10097221957335036,0.0265535,0.0193468,0.0006661649,0.184611,0.18394482,0.022849727,0.00037429866,0.2679748154795908,0.15343163345749367,0.02354126614543469,-274.08096,86.17906,7426.83,0.007356952,16.20066,262.4614,30.538391,50.183266,2518.36,-0.0026166914,9.892193,97.85548,-28.98795,37.54965,1409.976,-0.016085356,7.455526,55.58487,0.4176646,27.320429,746.4058,0.0013001667,5.2898846,27.98288,-25.563196,17.917933,321.0523,0.0047936267,3.3788047,11.416321,-10.28675,16.510149,272.585,-0.0035833265,3.0858707,9.522598,-31.634964,16.611176,275.93118,0.006063361,3.1176212,9.719562,-6.9656935,12.645881,159.9183,0.0040906966,2.352917,5.5362186,-17.461441,13.533551,183.15701,0.0035837376,2.5636816,6.5724635,-10.230347,10.143962,102.899956,-0.0033611702,1.8775356,3.5251398,-13.529153,9.453251,89.363945,-0.0033299387,1.7388464,3.0235868,-11.113195,9.934954,98.7033,-0.002671788,1.8615235,3.4652698,-8.777233,9.421081,88.75677,0.0046192226,1.7544656,3.0781496,2646.4306219563587,1073.0206427259282,1151373.299715964,1770.7657147509824,305.83118804321555,93532.71557992468,4604.0779497299545,1329.6699380514915,1768022.1441578574,23.063484165287143,10.009574521249617,100.1915820964495,0.06450625,0.08082142,0.006532102,228.84031301063777,44.58618931790465,79.59980805922079,479.82340237271336,400.2235943134926,217.47308447763714,1.824987567943041,0.41836310751591954,0.7206736350721343,111,1.247482533806463,0.14138181818181747,0.13316012109952183,0.799999999999983,15.551999999999921,-1.1579753e-05,-3.6587608e-06,869,2391.7148,118244.86,0.016974579012410413,0.08622386446205826,4.05140262212772,561,0
456,phase3,147.13599999999994,11.553937500000075,12.73470513972348,0.07280825540686897,0.023168785,0.015287682,0.000658292,0.13166164,0.13100335,0.020973325,0.00023371323,0.26191829558341734,0.15514967537427554,0.02407142176874308,-287.9868,81.576675,6654.7534,-0.040071025,15.280222,233.48518,30.970964,50.849377,2585.659,0.0072979336,10.053726,101.07741,-22.4029,36.69538,1346.551,0.005030801,7.3601723,54.172134,0.6878465,28.527803,813.8356,0.016134532,5.4779506,30.007944,-25.88406,18.957561,359.38916,-0.011341556,3.6183991,13.092813,-9.664713,16.099903,259.2069,-0.0018916492,2.97628,8.858242,-30.618422,16.316229,266.2193,0.00095602544,3.077856,9.473198,-7.401379,13.221196,174.80003,-0.005687734,2.4704616,6.103181,-18.389505,13.3341675,177.80003,0.0031524242,2.5852766,6.6836553,-10.762159,10.431196,108.809845,0.0010474194,1.9476162,3.7932088,-14.242867,9.271363,85.958176,-0.00260826,1.7103751,2.9253829,-10.764389,9.974532,99.491295,0.0011788376,1.8799876,3.5343533,-9.225398,8.912556,79.433655,0.004412549,1.6627053,2.764589,2634.04604662643,1086.4293599394148,1180328.7541383666,1800.4479884679872,296.90388600565524,88151.91752525912,4630.5711315524195,1305.5677256778329,1704507.086331589,23.062187187010714,10.007779420484486,100.1556489290728,0.061330203,0.078716435,0.0061962768,229.75513181337618,48.00411085636397,93.03444464945933,544.8415985660737,451.80715391661437,217.47308447763714,2.153995350682199,0.4614919353908282,0.5797469042421167,92,1.5993043304423435,0.1269450549450548,0.106866391126815,0.4479999999999933,11.551999999999989,-1.1735014e-05,-3.5519538e-06,956,2433.079,99201.55,0.01716879818219063,0.08020709024584359,3.5953131796433246,529,0
457,phase1,119.74987499999989,32.19200000000012,3.7198642917537015,0.2118704932396031,0.015752262,0.01506195,0.0,0.17033398,0.17033398,0.012183438,0.00022686234,0.25602491149452516,0.16191354728512367,0.026215996794451978,-338.77966,94.871254,9000.555,0.069308974,13.422078,180.15219,34.430447,57.92647,3355.476,0.019905575,11.071238,122.5723,-23.022936,33.836086,1144.8809,-0.015487048,6.313213,39.85666,5.989705,23.55395,554.7886,0.012358677,4.511618,20.354698,-20.39271,23.072563,532.34314,-0.001494285,4.4170804,19.510601,-8.302309,15.329493,234.99335,-0.004249063,2.9458175,8.677841,-26.696127,14.752896,217.64795,-0.009634668,2.5192297,6.3465185,-9.547783,17.717152,313.89746,-0.007471036,3.366017,11.3300705,-19.48458,13.909842,193.4837,0.002764186,2.4476216,5.990852,-4.626167,12.40677,153.92793,0.0034845702,2.278577,5.1919136,-14.998611,12.372282,153.07336,0.0052075847,2.1396732,4.5782013,-4.0177035,8.95444,80.182,-0.004531147,1.6144731,2.6065233,-18.31166,10.266294,105.39678,-0.0017339293,1.6818231,2.828529,2565.062445123626,1238.3097522688106,1533411.042564043,1669.8633629268631,437.30555635935013,191236.14962276074,4405.251434512529,1539.1671738990328,2369035.5892083356,21.998387306956214,8.952431851042089,80.14603604755288,0.09644248,0.18230228,0.033234123,175.4056875482306,197.90867582335332,105.03257643014581,2021.7091047947818,1916.676528364636,138.59131548843604,6.430308532789748,0.335228469080811,1.0793601171500615,164,0.7301821601818155,0.19629268292682897,0.4140520907433024,4.864000000000004,32.19199999999995,-1.1351623e-05,-3.335879e-06,711,448.62515,27467.55,0.016616422115651158,0.1009793998418886,3.42380315637073,410,0
457,phase2,124.9018749999999,27.040000000000106,4.619152011126014,0.17796279004718155,0.012682475,0.011904179,0.0,0.10094601,0.10094601,0.009268381,0.00014170949,0.2634748762897452,0.1536350087180781,0.023603715903803932,-354.50653,103.880325,10791.122,-0.011601088,13.478309,181.6648,33.31098,54.803185,3003.389,-2.8997804e-06,10.585385,112.05039,-22.166847,32.437714,1052.2052,0.0056597907,6.036632,36.44093,8.517759,23.59386,556.6702,-0.0068389867,4.2516603,18.076616,-18.522402,23.042345,530.94965,-0.0053376663,4.205567,17.686792,-6.1504145,14.733185,217.06674,0.0037165405,2.6867013,7.2183642,-25.950031,14.899271,221.98827,0.006461655,2.5808382,6.660726,-8.197378,17.070139,291.38965,0.0061541786,3.1519873,9.935024,-18.972101,13.123305,172.22113,-0.0022135149,2.3060336,5.317791,-4.3347497,11.714491,137.2293,-0.0047633904,2.2188566,4.923324,-13.250801,11.936905,142.4897,-0.002897621,2.05161,4.209103,-3.404479,8.924428,79.64542,0.002064919,1.6537292,2.7348204,-18.208824,10.048979,100.98197,-0.0040248833,1.643012,2.6994886,2575.5737987311327,1199.0359155351894,1437687.12674331,1682.4215188756662,469.43032260175454,220364.82777798732,4452.565671720362,1567.8707659157903,2458218.738613367,21.453579908829266,8.90240996129497,79.25290311896391,0.11792951,0.20558655,0.04226583,135.80616025907284,16.85820427370607,66.54967490706109,217.47308447763714,150.92340957057604,133.09934981412218,1.2442610227945357,0.27542640550106834,0.8490088726363288,129,0.9682315816416149,0.21124999999999972,0.588766029505779,6.6240000000000006,27.039999999999964,-1.0785957e-05,-3.913214e-06,883,535.7716,48741.215,0.01686222474117746,0.09510479993792838,4.0111487517701425,501,0
457,phase3,81.24799999999979,75.2982500000002,1.0790157662493327,0.48099683001030175,0.01230488,0.015734766,0.00045702496,0.25285843,0.2524014,0.008348584,0.00024758282,0.2942241307735541,0.15197755769961616,0.023097178044340156,-349.9953,82.46108,6799.83,-0.05247772,13.595187,184.82912,30.815777,54.0122,2917.3179,-0.020244732,10.456306,109.33434,-21.32745,32.07781,1028.9858,0.010454269,5.9528275,35.436153,4.9943566,22.899837,524.4025,0.009433093,4.1040254,16.843025,-14.871296,20.241522,409.7192,0.011115191,3.7526107,14.0820875,-5.469246,15.004337,225.13014,-0.0025992568,2.7254765,7.4282217,-23.527088,14.419484,207.92152,0.0025095078,2.5725136,6.617826,-5.202883,17.231733,296.93262,0.0083288625,3.21921,10.363313,-15.234408,13.043497,170.13281,0.003775306,2.3092952,5.332844,-2.5956678,11.717301,137.29515,-0.0052901334,2.228399,4.9657626,-10.902013,11.505024,132.36557,-0.0040636756,1.9620324,3.8495715,-2.7109451,9.030537,81.5506,-0.0030378096,1.6560878,2.7426267,-15.559265,9.776405,95.578094,0.001304771,1.6927378,2.8653612,2791.8400567923827,1087.6368352401062,1182953.8853711137,1783.8867970648237,312.2499951478854,97500.05946985444,4802.0609799713875,1273.9970876009133,1623068.5792156092,21.360903894301583,8.897004068784321,79.15668139996477,0.09342625,0.10105066,0.010211236,138.4239173842502,17.88806795553256,102.63362906904881,225.1422562392905,122.5086271702417,133.87038650376502,1.5689361246486442,0.25219701609397155,1.5522569208780155,243,0.3343539080890777,0.31047933884297463,0.4026678819161466,2.2079999999999984,75.13599999999985,-1.1695297e-05,-3.553891e-06,547,328.07257,32128.562,0.01265292769359774,0.08746697218151916,4.8247341473021,392,0
459,phase1,105.82399999999998,9.812937500000018,10.78412954488605,0.08485988743864838,0.023757715,0.019269016,0.0010582941,0.1632919,0.1622336,0.018658496,0.00037129497,0.2813824060943553,0.11544913791166471,0.013328503444546577,-269.9718,63.716476,4059.7896,0.024166735,11.433364,130.72182,19.463282,53.656193,2878.987,0.016283957,10.175704,103.544945,-48.94183,33.0021,1089.1388,0.0018149256,6.593866,43.479065,8.161593,29.556602,873.5927,0.010669199,5.4561815,29.769915,-24.294653,22.109097,488.81213,-0.0010701142,4.2153425,17.769112,-6.330527,14.197941,201.58151,-0.0074922577,2.5472744,6.4886065,-28.027195,14.332893,205.43184,-0.009807196,2.6605656,7.07861,-11.271866,13.514964,182.65427,-0.0060069207,2.5996096,6.75797,-16.558197,11.737996,137.78055,0.004084473,2.2291226,4.9689875,-3.3389273,13.481792,181.75873,0.00466951,2.5710099,6.610091,-13.336498,10.823026,117.13789,0.0025566588,1.955786,3.8250988,-3.1648746,10.044319,100.88834,-0.003934813,1.9414304,3.7691524,-20.506712,10.837791,117.45772,-0.0068627754,2.045643,4.184656,2708.351123236837,876.3033076750743,767907.4870422758,1625.1714009951747,280.31142815834926,78574.4967561734,4448.725875069175,1055.3064474073772,1113671.6979395791,22.447104974957345,9.15040633045915,83.72993601250688,0.06582644,0.070193544,0.004927134,177.27865789170144,227.79880402234332,108.1102658399776,1421.3305335680736,1313.2202677280961,133.87038650376502,5.088260732291382,0.21638074150072475,0.6226384194929064,72,1.4697777573641977,0.1374647887323943,0.13116035030664158,0.7040000000000006,9.759999999999994,-1.1549066e-05,-3.7101725e-06,663,582.123,38017.926,0.012752458817131008,0.10428484561581838,3.2128817659510136,340,1
459,phase2,104.56499999999997,11.072000000000031,9.444092355121688,0.09574790075840804,0.020116244,0.015973652,0.0,0.12223222,0.12223222,0.016298525,0.00025515756,0.29793762646133093,0.12152380374918459,0.014768034877670332,-285.00146,77.409195,5992.1836,0.0018768733,13.06512,170.69736,14.14374,51.4798,2650.17,-0.068883814,10.166942,103.3667,-44.72452,32.833374,1078.0305,0.025475545,6.5471396,42.86504,13.232218,29.175934,851.23517,0.013709727,5.448889,29.69039,-21.639565,20.751368,430.61926,0.004961338,4.177588,17.45224,-7.4276695,14.151222,200.2571,0.00014673232,2.7468193,7.545016,-27.812738,14.117107,199.29271,-0.00422199,2.6509514,7.0275435,-10.676756,13.590804,184.70995,0.009741057,2.6516616,7.031309,-16.709108,10.809913,116.85421,-0.0040768827,2.0306687,4.1236157,-5.24015,12.843501,164.95552,0.004647337,2.4187431,5.850318,-14.971502,10.0855255,101.717834,-0.005647768,1.9144735,3.6652088,-3.4649749,9.686548,93.829216,-0.007139929,1.839951,3.3854196,-18.54671,9.772192,95.49574,0.007917926,1.8065889,3.2637634,2807.295297964317,898.1650882560059,806700.5257619189,1643.2038134139275,311.23179488226026,96865.23014563332,4572.984400940786,1130.0448397295122,1277001.3397992987,22.071564011602526,9.193949414232982,84.528705831475,0.087834954,0.10944834,0.011978939,131.2358477432876,5.882338596880761,113.87914162255151,155.56349186104043,41.68435023848892,130.8127826502993,0.3908517998571023,0.19258439396995453,0.5534560737480219,64,1.6338280994714356,0.17574603174603148,0.20341699826382703,1.088000000000001,11.071999999999983,-1.16791725e-05,-3.4631598e-06,580,221.01694,9118.434,0.013538458689608271,0.11153934691027993,4.351360397838667,455,1
459,phase3,107.13599999999992,12.005187500000076,8.924141424351584,0.10076437671900891,0.019604258,0.016399987,0.0010486163,0.14477807,0.14372946,0.014972983,0.0002689596,0.29413110587573843,0.12439783305369481,0.015474820868454926,-283.37042,64.773384,4195.591,-0.057159655,11.585843,134.23175,18.852802,53.315964,2842.5918,-0.009106741,10.32882,106.684525,-43.938557,31.325584,981.29224,-0.00026863962,6.255052,39.125675,9.627519,29.051195,843.9719,0.004505638,5.5407386,30.699781,-22.076971,21.227926,450.62485,0.009551879,4.1249156,17.014929,-6.90696,14.268242,203.58273,-0.01161965,2.6549187,7.048593,-27.388245,13.31002,177.15665,0.0035934742,2.5469327,6.486866,-10.309463,13.901868,193.26193,0.017495707,2.6582217,7.066143,-17.469368,10.515325,110.57205,0.011505479,1.9813068,3.9255764,-5.121667,12.935648,167.331,0.005766499,2.4357827,5.933037,-13.724267,10.274956,105.57471,-0.008842177,1.903294,3.622528,-3.2141404,9.750917,95.08039,-0.00026558267,1.8644791,3.4762824,-17.36441,9.080444,82.45447,0.005642375,1.7853651,3.1875284,2769.709620342584,903.7312657902958,816730.2007669302,1653.0063888882682,279.859489949487,78321.33411478701,4537.860415547798,1101.0486143781895,1212308.051224131,21.98262495512569,9.172181125581787,84.12890660047879,0.0795412,0.08152738,0.0066467137,128.98217413634742,6.167885663604149,109.36644661993022,147.682975305829,38.316528685898774,128.565497341737,0.49028285703596924,0.21133190112477662,0.7302260605720419,87,1.2314482617074904,0.13804651162790718,0.12084777152757235,0.5760000000000076,11.872000000000018,-1.1454014e-05,-3.79585e-06,670,270.30838,14690.764,0.015615312263938901,0.11559242039918621,3.50022401433692,375,1
463,phase1,109.44075,5.952000000000012,18.387219693007406,0.051580363584367406,0.03373663,0.021988507,0.00082932715,0.1791922,0.17836288,0.029637367,0.00048349443,0.27328629119593845,0.1518462424053233,0.0230572813326162,-246.9739,76.67647,5879.2812,0.030030198,13.785189,190.03142,23.360653,53.566257,2869.344,0.03569374,10.613218,112.6404,-38.683685,37.211296,1384.6805,0.00662134,7.518538,56.528416,7.6195054,31.650452,1001.7511,-0.00082662335,5.551902,30.823616,-27.454441,20.409523,416.54865,-0.007894613,3.919958,15.366071,-12.997318,16.030382,256.97318,-0.004472428,2.9868686,8.921385,-25.112495,15.375348,236.40132,-0.0011420544,2.7394996,7.5048575,-10.680942,14.355862,206.09076,-0.005256606,2.6849558,7.2089877,-19.944307,11.620791,135.04279,0.0013051177,2.1824975,4.7632957,-1.904296,13.8120575,190.77293,0.0009059335,2.5884724,6.700189,-19.181097,9.040284,81.726746,-0.0006416331,1.5819644,2.5026114,-1.8762952,9.535309,90.92211,-0.0009448323,1.8301214,3.3493443,-18.982958,10.347397,107.06863,-0.007232074,1.9336555,3.7390237,2701.485486624729,1099.964813508402,1209922.5909565731,1687.1365737362592,292.6869390275111,85665.64427729399,4514.113182700305,1298.662608229163,1686524.5700125727,23.80450909971094,9.901289567879056,98.03553510699062,0.055459138,0.069092266,0.004773741,194.78537364739913,139.76268872308333,122.05264192746294,1670.8421328729137,1548.7894909454508,171.61434972294217,8.169629496234412,0.5816467977317309,0.3553082840993043,41,2.6692865202613043,0.14517073170731618,0.15884029445756878,0.96,5.951999999999963,-1.1789224e-05,-3.5477522e-06,641,1295.8276,85141.07,0.011736309646411877,0.08501745713947136,2.4396762631835034,267,0
463,phase2,108.60799999999998,6.784750000000031,16.007661887665368,0.058797021476652826,0.030345388,0.019955052,0.00081498653,0.13504843,0.13423344,0.027220938,0.00039820414,0.2584798763688661,0.143551369904888,0.020606995801569987,-256.29398,78.596214,6177.365,-0.035202052,14.358707,206.17247,30.603735,50.69726,2570.2124,-0.020387562,9.665413,93.420204,-41.339916,37.148376,1380.002,-0.0023469748,7.523049,56.596264,7.728656,28.998562,840.91656,0.009408453,5.4883537,30.122028,-28.158892,20.538084,421.81287,0.01835386,3.875112,15.016494,-14.147767,15.469691,239.31134,0.009011726,2.923624,8.547577,-26.344673,14.974503,224.23572,-0.005188945,2.786654,7.76544,-10.574813,14.332648,205.4248,0.0066505065,2.72921,7.4485865,-17.662088,12.321279,151.8139,0.008962711,2.3156903,5.3624215,-2.9613457,12.168305,148.06766,0.0015550118,2.3715758,5.624372,-18.542831,9.318635,86.83695,0.0018897547,1.6874427,2.847463,-1.9939282,9.857706,97.17438,-0.0018218007,1.8833154,3.5468771,-18.635683,9.489011,90.04133,0.0017631894,1.7813596,3.1732419,2580.80511290941,1034.6789345779396,1070560.49765934,1676.436496786473,307.16887464995216,94352.71755371803,4399.243224979207,1293.9100157408002,1674203.128834358,23.56946480749824,9.786402167428454,95.77366738264833,0.057819057,0.074452616,0.0055431924,174.8626751086534,25.946047212358316,80.5247132770094,322.09885310803753,241.57413983102813,171.12013676232647,1.0884532546105854,0.5977266424735995,0.39863856264799996,46,2.361043426933838,0.15075555555555648,0.1698141671299086,0.8960000000000008,6.7840000000000416,-1.1608143e-05,-3.5731048e-06,618,1217.0106,80340.78,0.011922290633203641,0.08350650524191776,2.9739982321744263,323,0
463,phase3,111.6895,7.200000000000003,15.512428401051604,0.06056043637158877,0.032124158,0.0220294,0.00084290566,0.14542896,0.14458606,0.02819854,0.00048529447,0.2790702105338401,0.14422924171775806,0.020802074166479483,-252.42538,79.33694,6294.3496,0.009221316,15.326535,234.9027,25.931566,52.00326,2704.339,0.047980748,10.482323,109.87909,-41.865566,37.732815,1423.7654,-0.02929796,7.9119244,62.598545,8.668794,30.122091,907.3404,0.019829143,5.721945,32.74065,-29.295332,19.23901,370.1395,-0.00079070276,3.7185335,13.827492,-13.257114,15.069964,227.10382,-0.015118114,2.9646158,8.788947,-27.627455,14.80389,219.15517,-0.004572043,2.7370725,7.491566,-10.758921,14.441698,208.56264,-0.0010429573,2.7032177,7.307386,-17.493557,12.421384,154.29079,-0.007030454,2.2477987,5.052599,-3.6619973,12.220313,149.33606,0.0006850619,2.367432,5.6047344,-17.616537,9.459558,89.48322,-0.0012410816,1.7319857,2.9997745,-1.3526793,10.277999,105.63727,-0.005563114,2.0124922,4.0501246,-19.608223,10.0714035,101.43317,-0.0035939498,1.985944,3.9439738,2683.40765129686,1058.2306070893717,1119852.0177807403,1673.2215404420429,302.4671986929455,91486.40628515776,4511.338216496232,1283.059411267086,1646241.4528410416,23.43703471523148,9.777703597379709,95.60348763821212,0.064056486,0.081002966,0.0065614805,173.26294623311298,25.17057695634446,76.44550209132854,311.12698372208087,234.68148163075233,169.64319079487348,1.134253085001619,0.5317545746685268,0.471025616223468,56,1.9944553215275835,0.13090909090909011,0.13456235766057859,0.7359999999999971,7.199999999999957,-1.15486155e-05,-3.7393384e-06,684,1061.4044,83785.805,0.01109496937311258,0.08389189556637308,2.65915775430994,297,0
464,phase1,156.2264374999999,13.024000000000115,11.995272228556994,0.07695105662577749,0.031326808,0.021554172,0.0006953718,0.15845856,0.15776318,0.02746429,0.00046458235,0.2901175197896975,0.1342149059993985,0.018013640992427374,-250.19931,91.030396,8286.533,0.06336161,18.320328,335.6344,27.903246,53.70491,2884.2175,-0.010293732,11.18728,125.15522,-37.229187,34.961575,1222.3118,-0.009092435,7.2079,51.953823,14.571728,24.882587,619.1432,-0.0013137453,4.826706,23.297092,-21.474413,22.289722,496.8317,0.00288907,4.3770175,19.158283,-15.593263,17.964905,322.7378,0.0007544786,3.6770704,13.520847,-16.257145,16.991014,288.69458,-0.005616804,3.2208865,10.374109,-17.307919,16.194662,262.26706,-0.0025794131,3.160815,9.990752,-19.043293,12.342802,152.34476,0.003425521,2.369247,5.613331,-5.8130817,11.243677,126.42027,0.0076128216,2.2140448,4.9019947,-23.439852,11.6018095,134.60197,0.0027634585,2.2863004,5.2271695,2.9715843,11.9503975,142.812,-0.0047779134,2.4184668,5.848982,-25.126911,11.273886,127.100494,-0.005351954,2.0871158,4.356052,2748.6498273108177,983.1504747484212,966584.8559980459,1712.680458310207,293.8378244393493,86340.66707124983,4569.077859168242,1298.8451508175701,1686998.7258023166,23.13407383738878,9.767296040634784,95.40007194539994,0.07253698,0.08152537,0.006646386,162.28874134673572,184.34411561221768,106.252996181733,1437.8455988521675,1331.5926026704346,133.09934981412218,6.466781761785436,0.2319470698994429,0.6794664858694973,115,1.3584907490566012,0.11325217391304321,0.08186073470583076,0.38400000000000034,13.023999999999969,-1.039257e-05,-4.8712536e-06,1081,497.90552,24897.566,0.013893350874664818,0.12408562663574961,3.386110625482325,529,0
464,phase2,156.70399999999992,12.546437500000081,12.489918951900089,0.07412942433309859,0.032781906,0.023136199,0.0006885826,0.13625817,0.13556959,0.028639235,0.00053528365,0.29502285414697543,0.13616387704832456,0.01854060141283125,-245.88934,94.45621,8921.976,-0.064204864,18.842365,355.0347,24.221415,51.948563,2698.6533,-0.012516016,10.561193,111.53881,-37.79883,34.996983,1224.7887,0.023974864,7.004792,49.067112,15.140431,24.603458,605.33014,-5.363147e-05,4.8590117,23.609995,-19.02871,20.981049,440.20444,0.0028843805,4.0565495,16.455593,-15.365411,17.895393,320.2451,0.0048986,3.541484,12.54211,-18.46475,16.424402,269.76102,0.0020535358,3.0912073,9.555562,-17.731123,16.51117,272.6187,0.007434971,3.2814674,10.768028,-17.98444,12.178318,148.31143,0.00095828186,2.3621073,5.5795503,-6.3713684,11.353071,128.89223,-0.007914354,2.1401763,4.580354,-22.608477,11.792491,139.06284,0.0036093267,2.2097394,4.882948,3.5589688,12.004708,144.11302,-0.0015461444,2.3639622,5.5883174,-24.959488,11.186952,125.14789,0.0009913648,2.1545448,4.6420636,2808.5074756351155,961.4715114363956,924427.467303787,1726.4800492901604,292.3548170151953,85471.33903198833,4645.173676748582,1277.3270314381195,1631564.3452425187,23.14444129265844,9.934075178210092,98.68584964632987,0.07717998,0.084586464,0.0071548694,134.74163790183297,14.076682192875946,100.87044475251382,181.8190699939266,80.94862524141278,131.5705733911144,0.9521430352666812,0.17296786386144275,0.6440160605197844,109,1.4376513629573262,0.11585185185185061,0.08695324571869188,0.480000000000004,12.511999999999865,-1.041544e-05,-4.826948e-06,1017,505.20572,27032.455,0.014690474990535057,0.1198338167259665,4.830763732897695,757,0
464,phase3,160.38399999999996,13.995250000000055,11.459887357504295,0.08025754211008508,0.03412351,0.024054704,0.00069538393,0.18635544,0.18566006,0.029648094,0.0005786288,0.2920618907683486,0.13477234737294697,0.018163585616414287,-243.66599,91.18199,8314.155,-0.01834593,18.056324,326.03082,26.396162,52.900517,2798.4646,0.0026808917,10.5339775,110.964676,-35.85444,35.009384,1225.6571,0.010491387,7.14479,51.048027,14.265029,24.651443,607.69366,-0.0023072332,4.8613143,23.632378,-19.812376,21.629223,467.8233,0.0017174999,4.2201624,17.809772,-15.426485,18.079967,326.88525,0.0034340671,3.591899,12.901737,-19.275328,16.647038,277.12387,0.0031816154,3.0651734,9.395288,-18.374777,16.367352,267.8902,0.0041082995,3.2287426,10.424779,-17.150097,11.925808,142.22488,-0.0069026956,2.2927127,5.2565317,-5.38986,11.698355,136.8515,0.0031839407,2.2188432,4.923265,-22.835596,12.351475,152.55893,0.0049015963,2.3381844,5.467106,4.360613,12.0838585,146.01964,-0.004215628,2.334436,5.4495916,-22.905378,10.409455,108.35676,0.0003688472,2.0198572,4.079823,2773.36209679518,975.0924020803064,950805.192594742,1722.064874027897,291.38330911412544,84904.23283029799,4604.773509174312,1269.1265932340007,1610682.3096537406,23.258282221949823,9.898870025858772,97.98762778884523,0.07279941,0.08145108,0.006634279,134.97517712074293,14.535415011113653,95.76056196257365,211.28204791122093,115.52148594864728,133.09934981412218,1.4266619970009233,0.21467889904317816,0.77990930686994,136,1.1792941089757782,0.10334814814814884,0.0842545805782837,0.4160000000000039,13.952000000000094,-1.03884e-05,-4.8563256e-06,1170,488.85632,34183.504,0.013865351737453674,0.11785516440177816,4.414405426975261,708,0
468,phase1,147.96143750000002,11.807999999999993,12.530608483180186,0.07390650042189698,0.028980557,0.022350935,0.00061998586,0.14736417,0.14674418,0.023382895,0.00049956434,0.2618298430302423,0.13948499471382797,0.019456063750316617,-260.26773,79.4984,6319.995,0.06863348,14.6363735,214.22342,23.148842,52.22352,2727.296,-0.02756884,10.219886,104.44606,-30.225384,29.84631,890.80225,0.0005988139,6.0521226,36.62819,10.137915,26.340693,693.8321,-0.00048562326,5.052514,25.5279,-25.344702,20.636055,425.84677,-0.004087185,4.0261602,16.209965,-9.322422,17.673172,312.341,0.0017918645,3.269961,10.692645,-28.79073,15.151622,229.57166,-0.010941332,2.799235,7.8357167,-14.922598,16.04507,257.44427,-0.0024263903,2.9714317,8.829407,-16.580046,12.198342,148.79955,0.00042317068,2.3120978,5.3457966,-7.0263953,12.491463,156.03664,0.0043010893,2.2013273,4.845842,-15.744652,10.536684,111.021706,0.0032192096,2.0130308,4.052293,-6.112578,8.604724,74.04127,-0.0005959546,1.6090844,2.5891526,-12.438769,8.809921,77.61471,-0.0045882114,1.5970024,2.5504165,2703.1379302525893,1008.1061635525363,1016278.036992613,1741.1693222098904,258.1591707190581,66646.15742635181,4637.519089224915,1187.906893182189,1411122.7868697606,22.87399234994258,9.586082816414791,91.89298376316293,0.071659036,0.079914846,0.006386383,173.01901982330048,123.37976466232824,68.49972922973525,1405.0051599877036,1336.5054307579683,156.46466200170096,9.467901235397896,0.4594432204166947,0.5194986056078466,83,1.7826679002088208,0.1440000000000002,0.12586016243356926,0.73599999999999,11.808000000000018,-1.1500765e-05,-3.7533773e-06,782,1093.2932,85673.7,0.012026314585149358,0.10297212279459891,3.859113628846705,571,0
468,phase2,143.3854374999999,16.3840000000001,8.751552047634704,0.1025477729431206,0.027694846,0.022207007,0.00061272964,0.19983317,0.19922043,0.022261111,0.00049315114,0.2612818101592229,0.1253936096889851,0.015723557350833542,-255.887,75.13765,5645.6665,0.01614991,13.750268,189.06987,28.119335,49.839367,2483.9626,0.030149262,9.730703,94.686584,-30.409254,29.939386,896.3668,-0.011319642,5.9152937,34.9907,8.455826,26.102283,681.32916,0.0146288,4.982708,24.82738,-25.739725,21.573576,465.4192,0.011458457,4.1999483,17.639565,-9.162157,16.442276,270.34845,-0.010385207,3.135172,9.829303,-27.96226,14.947967,223.44171,0.0012382618,2.8695595,8.234372,-14.970215,15.485659,239.80563,-0.006192142,2.8450723,8.094437,-16.160812,12.524237,156.8565,-0.0022861373,2.3124511,5.3474307,-7.7303905,12.091773,146.21097,-0.00062882795,2.1679547,4.7000275,-13.431543,11.535523,133.0683,-0.005390302,2.2334454,4.988278,-5.3027177,8.544667,73.01134,-0.006213411,1.5971122,2.5507672,-12.96363,8.725994,76.14297,-0.00025171973,1.6373035,2.6807625,2661.533192103752,966.9453086760391,934983.2299706005,1749.7950201930926,262.471073891739,68891.06462988272,4615.884112757861,1195.495897463901,1429210.440853018,22.785383618966193,9.515840847098394,90.55122702730628,0.073166125,0.07949684,0.006319747,155.72030248038774,22.899640943647054,66.54967490706109,280.40333801023763,213.85366310317653,152.01041679645533,0.8707299515810226,0.3997596634488765,0.6571970311906493,105,1.3655755822326128,0.15753846153846116,0.13011274128150063,0.6399999999999935,16.38399999999996,-1.1483661e-05,-3.756878e-06,968,698.29956,61259.22,0.014701191841987508,0.11220741222294829,4.289138497764115,615,0
468,phase3,141.40799999999987,23.203000000000117,6.094384084196658,0.14095655818870015,0.02908437,0.024479376,0.00065224874,0.26197383,0.26132157,0.02279987,0.00059923984,0.2650333682580175,0.12662114488594045,0.01603291433222632,-252.35432,73.886246,5459.177,-0.037342478,12.896273,166.31384,26.195639,50.48965,2549.2048,0.0004787549,9.9907255,99.8146,-29.259768,29.77313,886.4393,0.007193558,5.899296,34.80169,8.617581,25.248415,637.4824,-0.014121689,4.7034664,22.122595,-26.71973,23.182405,537.4239,-8.299803e-05,4.4701033,19.981821,-7.2099442,16.994707,288.82007,0.009517989,3.2994692,10.8864975,-26.508287,15.066137,226.98848,-0.0020149224,2.8435752,8.08592,-12.737105,15.696039,246.36565,0.0077308775,2.8626285,8.194642,-15.434531,13.043889,170.14304,0.0053471364,2.4167938,5.840893,-4.663843,12.451348,155.03607,0.0043878607,2.2843494,5.2182527,-13.145735,11.163186,124.616714,0.000821741,2.0976648,4.4001975,-4.5925107,9.028411,81.51221,-0.0025673166,1.7082393,2.9180818,-10.280329,8.97956,80.6325,0.0010450075,1.6126211,2.6005466,2692.8381142372978,960.2653157211638,922109.4765770665,1742.2223863401825,250.75581865521215,62878.480589445644,4662.881134596696,1138.8503355142225,1296980.086700857,22.784954341282557,9.583867021044869,91.85050707707144,0.07094882,0.07375669,0.0054400493,161.67386389785935,21.42863345189436,80.9911881955289,286.9574553484241,205.9662671528952,157.37105256787842,1.267854671728453,0.39086491731955975,0.8201153021365523,135,1.0474666589076536,0.17289552238805916,0.16646609034179374,1.024000000000001,23.167999999999928,-1.14555405e-05,-3.8107146e-06,1091,847.1171,78418.29,0.01349885694917318,0.10480640724456522,4.695632496039832,664,0
471,phase1,171.95868749999988,23.20000000000013,7.412012072758053,0.11887761850212346,0.027733343,0.022303808,0.0008393529,0.21535279,0.21451344,0.022088706,0.0004974599,0.2785877103316117,0.1159973866183031,0.013455393702276084,-260.19388,81.307175,6610.8564,0.059352707,14.580218,212.58276,25.24447,54.15076,2932.305,0.013208096,10.812801,116.91668,-35.686256,30.924667,956.3351,-0.012750744,5.937889,35.258526,7.4612975,28.897173,835.0466,0.0028745523,5.138626,26.40548,-22.00353,24.208889,586.0703,-0.0039271424,4.3213644,18.67419,-15.422685,19.165272,367.30762,-0.005489761,3.7356448,13.955043,-22.027819,15.287035,233.69344,-0.004143995,2.7234619,7.4172444,-13.884148,13.738634,188.75008,-0.008194758,2.5211968,6.356434,-21.736519,11.191892,125.258446,-0.0014124883,2.0358346,4.1446223,-2.687364,11.3849945,129.6181,0.005896029,2.061534,4.249922,-12.704637,11.856701,140.58136,0.006333183,2.0284753,4.114712,-3.2960844,10.467744,109.57367,-0.0014169532,1.8960116,3.5948598,-14.940333,9.920161,98.40961,-0.004017295,1.6749765,2.805546,2674.956679138165,836.4449233105473,699640.1097319874,1756.3460800419273,307.61981105851004,94629.94815567341,4591.804240449254,1233.53505577524,1521608.7338264245,22.836076081169658,9.58187848068255,91.81239521856733,0.0677992,0.07473562,0.0055854125,189.10708941838797,221.22974433505252,72.15494574405967,1864.6550460723593,1792.5001003282996,141.01384901128017,5.618725176833119,0.24463026721681747,0.8249696801224901,161,1.0680663753536244,0.1440993788819872,0.15762204991920584,1.0879999999999939,23.19999999999994,-1.0990249e-05,-4.27509e-06,1032,674.31067,89005.07,0.01635675079734873,0.0991592868965963,2.0121111938587006,346,0
471,phase2,180.63074999999992,14.528000000000077,12.4332831474887,0.07444196071147247,0.030505914,0.02261065,0.00084059726,0.14686398,0.14602338,0.025301844,0.00051124144,0.26450705289801607,0.1158236289845833,0.013415113031158405,-252.60573,84.018555,7059.1177,-0.012799631,15.174678,230.27086,26.64665,53.333393,2844.4507,-0.009482312,10.205895,104.16029,-39.085854,33.11203,1096.4065,0.004370516,6.45757,41.70021,10.325213,29.896765,893.8165,0.009745319,5.2375793,27.432238,-24.407019,23.497084,552.113,0.0056193257,4.335526,18.796787,-15.180158,19.328894,373.6061,0.006486214,3.7938523,14.393315,-20.355299,15.164957,229.97592,0.00063926575,2.7935457,7.8038974,-14.73438,14.223354,202.30382,0.0022901562,2.6575108,7.062363,-21.651396,12.103713,146.49988,0.0011007708,2.2438686,5.034946,-1.969104,11.829923,139.94707,-0.0066674114,2.080685,4.32925,-13.484938,11.7398205,137.82338,-0.0066779535,1.9716716,3.8874888,-2.8369045,10.765653,115.89928,0.0002486141,1.9098072,3.6473634,-16.529778,9.652373,93.16832,0.0018978801,1.6831663,2.8330486,2617.8496323421123,826.7819233398418,683568.348761528,1704.7271338586763,307.06659356369715,94289.89288281277,4421.5662916051815,1213.8093365658517,1473333.105534433,22.93453015004741,9.504527384413485,90.33604080106583,0.063774616,0.07507504,0.005636262,170.52637634368895,131.3466811527752,108.1102658399776,1034.4821575295757,926.3718916895981,141.8307339283537,4.861164735339497,0.28053779303483556,0.584139834878016,114,1.5844802492589445,0.12856637168141405,0.13217833730016873,0.8320000000000078,14.527999999999789,-1.1210535e-05,-4.018239e-06,995,794.2063,105834.62,0.015803431517575746,0.0997303861648461,3.033813456457443,548,0
471,phase3,174.49599999999984,26.57662500000015,6.565769484809654,0.13217425793292423,0.030222287,0.023994626,0.0008635517,0.2551799,0.25431636,0.024228029,0.0005757421,0.25741388720361236,0.120068151458491,0.014416360994659134,-253.3152,82.33993,6779.864,-0.01705565,14.88133,221.45396,30.527803,53.586365,2871.4983,0.0059316796,10.129116,102.599,-37.636135,32.71376,1070.1901,0.003361132,6.202586,38.472073,9.272183,30.15369,909.24506,-0.008496593,5.1423645,26.443914,-23.233091,23.651743,559.4049,-0.0014927863,4.277863,18.300112,-17.150845,19.628891,385.2934,-0.009035406,3.7945035,14.398256,-18.869888,15.166898,230.03479,-0.004121238,2.7281098,7.4425836,-13.027493,14.477041,209.58473,0.0013628247,2.6882918,7.2269125,-21.307596,11.720095,137.36061,0.0033565178,2.2347007,4.993887,-2.1321201,11.493721,132.10562,0.007049519,2.0994396,4.4076467,-13.426318,11.822896,139.78087,0.0023040297,1.9960674,3.9842849,-1.4360415,10.67799,114.01946,-0.0011402621,1.9057196,3.6317675,-16.09428,9.399263,88.34615,0.00082240294,1.5991712,2.5573483,2575.5543951101654,851.4891538421292,725033.7791107851,1703.3185703629822,306.02401627979185,93650.6985400143,4370.794129933163,1250.9781835392732,1564946.4156912197,22.763789826985597,9.489407170569038,90.04884844884708,0.06395997,0.07524873,0.0056623723,174.36147013369578,142.399964850175,104.42763330455712,911.033132980412,806.6054996758548,141.01384901128017,4.2717217825489495,0.2711648631013423,0.94493221043889,190,0.918399995166315,0.14035978835978877,0.1456377969719177,0.8640000000000043,26.528000000000077,-1.1097582e-05,-4.174348e-06,1159,591.38873,47131.875,0.01580985596486969,0.09889939019340067,3.2493581514762546,567,0
472,phase1,114.91043749999996,14.208000000000041,8.087727295345744,0.1100385063132447,0.04081344,0.030395739,0.00070650503,0.30239096,0.30168447,0.03498231,0.0009239009,0.2624931023466543,0.1627812077087498,0.026497721583119145,-256.09308,80.602165,6496.709,0.09926757,14.537996,211.35335,3.451066,56.074635,3144.3647,0.021549998,10.65478,113.524345,-31.381762,36.668995,1344.6152,-0.016127765,7.092731,50.30683,-6.6495943,26.26276,689.73254,-0.020955218,4.9692025,24.692976,-29.350319,19.373528,375.3336,-0.02180276,3.6107755,13.037699,-19.14603,17.822466,317.64026,0.0057546566,3.4206047,11.700537,-20.694122,16.135195,260.3445,-0.003484185,3.034307,9.207019,-9.069214,13.479447,181.69551,-0.0071736346,2.4896257,6.198236,-16.06139,13.814521,190.84099,0.0026727389,2.6093163,6.808532,-7.318816,10.294929,105.98555,0.00010045842,1.9344826,3.7422228,-13.609416,10.10852,102.18216,-0.0024916385,1.8820758,3.5422094,-8.636812,10.599179,112.3426,-0.003261752,1.9945445,3.9782078,-13.651598,9.7701,95.45484,-0.0025517768,1.7225834,2.9672937,2839.6838982578206,1079.5455245369435,1165418.5395477444,1841.8315684650374,291.9993955974192,85263.64702925812,4888.185408921933,1272.0616599685754,1618140.8667620076,24.365338737217286,9.87952126792227,97.60494048332845,0.055669054,0.0739596,0.0054700216,326.7697367616185,121.20790651789328,112.57112811964524,1396.9129257320158,1284.3417976123706,300.528856485967,5.158388738422912,0.6322180915409621,0.7667379029427923,99,1.160711478174631,0.14351515151515157,0.1727367567837519,0.960000000000008,14.208000000000006,-1.2512384e-05,-2.6548823e-06,691,3690.4277,189957.23,0.010478304380336556,0.05890820340143609,1.7230810734664557,198,0
472,phase2,110.5584375,18.560000000000002,5.956812044352798,0.14374399473351746,0.031177562,0.027122792,0.0008722276,0.22811584,0.22724362,0.024218677,0.0007356458,0.2867268577679678,0.16190531723101176,0.026213331747674557,-275.39618,81.88769,6705.5933,-0.04112492,14.632084,214.09787,4.6849627,56.593704,3202.8472,-0.07798619,10.450852,109.22032,-28.204002,35.370186,1251.05,0.006534158,6.7367654,45.38401,-4.9184637,27.26663,743.4691,0.0049948,4.8493433,23.516129,-30.046658,18.501926,342.32126,0.02821532,3.4372098,11.814411,-21.358362,18.075579,326.72653,0.0032198809,3.2944503,10.853402,-21.744484,15.18225,230.5007,0.003833041,2.8138714,7.9178724,-7.732948,12.586847,158.42873,0.0038966637,2.1476915,4.612579,-17.61219,12.903823,166.50864,0.00070846494,2.3508341,5.5264215,-6.529493,10.282707,105.73408,0.0010640702,1.8103135,3.2772348,-14.863998,9.849327,97.00924,0.004927427,1.7248664,2.9751642,-8.499334,10.606381,112.49532,-0.000604772,1.8944808,3.5890574,-13.173933,9.12983,83.3538,-0.0015317177,1.5077171,2.273211,2935.141407890259,1058.05267596742,1119475.4651218185,1869.2781725618986,295.78561154923966,87489.1279995577,5034.715768277571,1273.0776927711822,1620726.8118315968,23.275341287014296,9.736020287759736,94.79009104366916,0.070123576,0.0812659,0.006604146,356.8673266458704,236.88722486989127,98.56656061031477,2045.2002330457979,1946.633672435483,298.79793764201077,4.476149284357388,0.4508054521807174,0.743503421035435,96,1.1516503786286418,0.1953684210526319,0.21325058413600842,0.9920000000000044,18.56000000000003,-1.2659942e-05,-2.6952794e-06,613,2145.9187,169107.02,0.013004444258117337,0.06654067229010861,3.1657466215547774,350,0
472,phase3,124.03199999999995,8.999187500000033,13.782576062274893,0.06764720114973065,0.028311575,0.021508198,0.00082895503,0.17352459,0.17269564,0.023651771,0.00046260256,0.28079448221049785,0.16342912622823472,0.026709079299724277,-273.38428,74.673706,5576.1626,-0.021696696,13.894404,193.05447,7.3468695,54.114624,2928.3926,-0.0029614454,10.547147,111.2423,-32.865143,34.200928,1169.7035,0.025991399,6.7649927,45.76513,-7.7511835,24.866735,618.3545,0.007631716,4.5350204,20.566408,-30.46798,17.471493,305.25305,0.009876924,3.3465893,11.19966,-17.989613,17.39911,302.72906,-0.009044544,3.2407737,10.502614,-23.751469,15.111047,228.34373,0.0006212213,2.9130766,8.486015,-8.458754,11.814251,139.57652,0.0034472363,2.1419265,4.587849,-17.361456,13.275046,176.22685,-0.0054716873,2.460528,6.0541973,-5.6277432,9.425227,88.834915,-0.0005886317,1.7162651,2.9455657,-16.723011,9.289446,86.2938,0.0004018845,1.6721141,2.7959657,-10.509131,10.861944,117.98183,-0.00084383,2.01146,4.0459714,-13.092355,9.192142,84.49547,-0.0023150193,1.5721219,2.4715672,2877.90324127174,1087.6210545401375,1182919.5582790007,1836.5115958804433,276.3310514875898,76358.85001623699,4930.538645382396,1245.578682229164,1551466.2536237407,23.15165389342099,9.651078073798885,93.14330798656161,0.06835907,0.08038358,0.006461519,321.0214430839626,127.09703203120266,177.66631669600923,1670.8421328729137,1493.1758161769044,298.79793764201077,7.546319824636209,0.5156325155085059,0.4810901954851753,64,1.9379999697187498,0.14273015873015843,0.11682318838492321,0.5120000000000005,8.991999999999981,-1.25975885e-05,-2.6580483e-06,809,2641.7754,194043.12,0.01283067772005408,0.06435809536465183,2.4590428276573797,305,0
473,phase1,29.1775,1.9200000000000017,15.196606668434013,0.061741297531956,0.032765202,0.025082218,0.0006734855,0.15837447,0.15770099,0.027178954,0.0006291176,0.2616358627507716,0.1373773114795083,0.018872525709337843,-262.4774,90.39799,8171.796,0.3277815,15.55349,241.91104,21.339333,45.857265,2102.8887,0.09229812,9.085041,82.537964,-47.038185,43.984364,1934.6241,-0.07375795,8.660589,75.00581,2.9794755,30.819075,949.81537,0.008197082,6.1267548,37.537125,-38.480217,24.62147,606.2168,-0.017909575,5.0296235,25.297113,-9.733242,15.9502535,254.41058,0.015541348,2.9824643,8.895094,-33.00029,19.494888,380.05066,-0.029523363,3.4086,11.618554,-7.1600456,13.460336,181.18065,-0.010631811,2.3943646,5.7329817,-21.30174,14.316221,204.9542,0.00847298,2.8978565,8.397572,-7.779391,11.549439,133.38954,-0.0018496877,2.2815034,5.2052574,-21.272253,10.6778145,114.015724,-0.022645526,1.9817883,3.9274848,-7.407163,11.588624,134.2962,-0.00688269,2.3275967,5.4177065,-14.036263,9.253789,85.632614,-0.02906092,1.7273283,2.983663,2689.62638723018,980.3446553764277,961075.6433251267,1667.1605091443453,324.2543931855136,105140.91150010565,4533.540702160494,1229.081641975166,1510641.6826403697,23.446515694854916,9.615506241799762,92.4579602860902,0.052729867,0.06548075,0.0042877286,312.4037389125461,279.89081133548456,182.87233715141332,1388.867299316009,1205.9949621645956,231.73942791006385,3.4884452534312635,0.42489711890442683,0.5466677385641933,17,1.716323428451563,0.12000000000000009,0.14017132374348198,0.5440000000000005,1.9200000000000015,-1.2795441e-05,-2.8317838e-06,222,2097.875,91021.99,0.01326500712461614,0.08891598278358284,3.1188415731299806,91,0
473,phase2,27.897562500000006,3.199999999999992,8.717985556879537,0.10290195574009996,0.02591701,0.022327458,0.00062045804,0.13430378,0.13368332,0.020183634,0.00049851544,0.2890283404063786,0.13035144358168205,0.016991498843828435,-269.95062,96.61352,9334.172,0.10502168,16.206932,262.66467,19.934341,44.42124,1973.2468,-0.0881055,8.530551,72.7703,-40.38595,41.262947,1702.6307,-0.028830478,8.315816,69.1528,8.328229,26.954319,726.53534,-0.086003184,5.0102615,25.102718,-39.01428,24.87496,618.7636,0.05753489,4.6951528,22.044458,-9.573433,14.850031,220.5234,-0.002976441,2.7988029,7.833297,-28.454988,17.713194,313.75726,-0.017710334,3.1404605,9.862493,-4.8354983,13.430112,180.3679,0.021762058,2.5128133,6.314231,-20.022024,13.184373,173.82768,0.026296876,2.5551333,6.528706,-7.097645,10.265291,105.376205,0.0028787816,1.8769284,3.5228603,-22.338293,10.927859,119.41811,-0.004923111,1.969116,3.8774178,-5.476313,8.782193,77.126915,0.023634573,1.6923664,2.864104,-16.231867,9.098156,82.77644,-0.011879317,1.6092628,2.5897267,2837.6002725960134,932.0322014663798,868684.0245702663,1707.063158773539,292.44752649672705,85525.55575405389,4735.235018004115,1143.0036504931288,1306457.3450406184,22.262027971367615,9.719347629734328,94.46571834762229,0.07785841,0.08507485,0.0072377296,204.29751965811525,33.613302480628704,112.57112811964524,249.81097439559304,137.2398462759478,210.06515286029162,-1.6916471400605215,0.09773662541385121,0.48235291753171977,15,1.8598373760108422,0.22857142857142837,0.21529438791893224,0.5760000000000005,3.199999999999997,-1.1796669e-05,-2.8501595e-06,222,534.11096,27839.566,0.018070308893310464,0.09612033372801021,4.33729649319721,121,0
473,phase3,29.70393750000001,2.3359999999999914,12.715721226146785,0.07290900614272394,0.028003853,0.019572768,0.00059900957,0.10680682,0.10620781,0.024560029,0.00038309323,0.2956577080214571,0.13191611337101733,0.017401860966915095,-261.61017,91.16135,8310.391,-0.20972286,16.345955,267.19022,15.951786,43.194557,1865.7698,-0.1776579,8.619741,74.29995,-43.644135,41.28262,1704.2546,0.12895596,8.339493,69.54714,9.313148,27.306103,745.6233,-0.06031243,5.484049,30.074793,-39.4998,24.371841,593.98663,0.03422199,4.4888954,20.15018,-10.0237255,15.378022,236.48357,0.028891893,3.011454,9.068855,-29.63728,17.159412,294.44543,0.050750107,3.2514343,10.571825,-4.1297307,14.031869,196.89336,0.018416002,2.5695956,6.602822,-19.70714,13.12816,172.34859,-0.011023523,2.5014327,6.2571654,-6.5098505,11.029363,121.64685,0.029404227,2.0946746,4.3876615,-23.077864,10.241271,104.88364,-0.0025101241,1.9078894,3.6400418,-4.2198534,9.422653,88.78639,-0.013059046,1.7500796,3.0627787,-16.723291,8.484493,71.98662,-0.0018665086,1.6130158,2.6018198,2859.688261631868,936.5962513557571,877212.5380536565,1684.4083209396981,294.29864526332676,86611.69260382943,4708.161801397206,1125.0806062110912,1265806.3704723164,22.98374526335884,9.704987573690486,94.18678380548674,0.07134668,0.078009576,0.006085494,213.01358514958181,16.56251008326037,174.61411571650194,282.02769802256034,107.4135823060584,208.85526660911424,1.00059730042977,0.3483033928659647,0.5305878015523594,17,1.7472903383946865,0.1460000000000001,0.1352774925846869,0.4800000000000004,2.3360000000000016,-1.1869361e-05,-3.6457338e-06,241,694.78314,42583.605,0.015255098437111272,0.10179959718827583,3.8715405996258903,115,0
474,phase1,134.528,17.13500000000002,7.851064613302318,0.11298075338085109,0.019118259,0.014660005,0.0002632072,0.11791877,0.11765556,0.016584769,0.00021491577,0.2665225515888713,0.1456678716893832,0.021219128842514607,-318.85052,93.90338,8817.846,0.0043207095,16.628838,276.51825,27.276812,60.694607,3683.8354,0.003906386,11.800802,139.25894,-38.85815,37.42783,1400.8425,-0.0019184354,7.372808,54.358295,8.114388,28.52545,813.7013,0.0015131407,5.2876215,27.95894,-30.68563,26.81786,719.19763,0.0017874948,5.1184645,26.19868,-7.121895,15.661189,245.27284,-0.0034083023,3.0886898,9.540005,-25.154072,16.749256,280.5376,-0.0069511575,3.0077045,9.046286,-21.389692,17.575443,308.89618,-0.0033425544,3.3795428,11.42131,-14.75275,13.049173,170.28091,0.0010994404,2.4515686,6.010188,-10.668348,15.350547,235.6393,0.005965504,2.9248104,8.554516,-12.571898,12.110701,146.66907,0.0045879916,2.1885042,4.7895503,-3.293281,9.517258,90.5782,-0.0016882359,1.8088018,3.2717638,-14.846305,9.997611,99.952225,-0.0045544947,1.7531327,3.0734742,2667.2905473755486,1079.6713325210603,1165690.1862678018,1651.0413800592596,291.7478284496997,85116.79540511538,4493.478045886076,1234.0344609275078,1522841.0507566445,22.93885970523864,8.93796220634482,79.88716840204835,0.062693745,0.08501058,0.007226799,181.81690794199716,167.5703843630786,105.64102395561046,1446.174953670991,1340.5339297153805,151.57265900842256,6.882690456096802,0.3075949366439673,0.7186986938145757,109,1.2342018235394328,0.1561481481481483,0.1375488340765925,0.607999999999997,16.86400000000002,-1.3873577e-05,-1.3832371e-06,746,1238.387,81119.27,0.01296735935896642,0.09550676707815202,2.601688867745005,350,0
474,phase2,132.06399999999994,19.59906250000006,6.73828114287193,0.12922765884409107,0.017905751,0.015250151,0.0,0.10395268,0.10395268,0.014070414,0.0002325671,0.25916845909150843,0.14092507540827476,0.01985987687882793,-326.86435,108.529686,11778.692,-0.03272624,16.01922,256.61545,26.021051,58.462368,3417.8486,-0.009538506,11.841841,140.2292,-34.860413,36.482643,1330.9833,0.0018623143,7.187738,51.663574,13.845246,28.21424,796.0433,0.0022145638,5.238168,27.4384,-31.548609,28.739178,825.9403,0.01826657,5.5790763,31.126095,-6.8709035,15.274611,233.31377,0.002585828,2.9471781,8.685859,-23.798262,16.176931,261.69308,-0.0015544863,2.866284,8.215584,-19.67111,16.575089,274.73355,0.0012500602,3.1698349,10.0478525,-13.826536,12.955409,167.84262,-0.003974289,2.4246578,5.8789654,-11.325582,14.548641,211.66296,-0.0003228392,2.7748754,7.699934,-10.79568,11.867918,140.84749,0.0008749784,2.1714027,4.714989,-5.395227,9.351157,87.44414,-0.00059054815,1.6966168,2.8785086,-12.621333,10.193266,103.90268,-0.00093126245,1.7915732,3.2097342,2616.434872216535,1125.6952698919665,1267189.8406571473,1603.8660251824856,400.6176305551548,160494.4859116265,4417.199037447257,1388.861564566329,1928936.445529631,22.477935386614714,8.7872580563008,77.21590414802333,0.096173406,0.18953465,0.035923384,148.61813942222574,18.348534016968838,68.89654412432702,241.30149553281768,172.40495140849066,145.14587018501834,0.13823197134143037,0.2457805906654471,0.5472657523317519,83,1.59113251095021,0.2336385542168676,0.5956433107945518,5.439999999999998,19.39200000000001,-1.3115936e-05,-1.5981238e-06,744,334.166,31486.768,0.01578230446931683,0.10524658695703129,5.504906711897265,727,0
474,phase3,140.70399999999995,15.554937500000051,9.045615963058902,0.0995459059741786,0.02193778,0.017477093,0.00027054953,0.10881963,0.10854908,0.017707523,0.0003054488,0.26623975049268017,0.1273600623945336,0.016220585493139494,-300.79977,94.86577,8999.514,0.012643512,17.627241,310.71964,27.017712,52.57943,2764.5964,0.0076759565,10.380996,107.765076,-40.713657,37.9481,1440.0583,0.001413546,7.577474,57.418118,9.866824,28.415768,807.4559,0.009198128,5.285186,27.933187,-32.531384,27.513048,756.96783,0.0011875799,5.4587493,29.797943,-9.969217,16.423532,269.7324,-0.0063658003,3.1269894,9.778063,-24.72909,16.41325,269.39474,-0.0015877204,2.9392176,8.639,-21.469198,16.72154,279.6099,-0.0006381864,3.2338407,10.457726,-14.846603,13.258067,175.77635,0.0060852286,2.4919608,6.209869,-9.065828,14.8769045,221.32228,-0.0003658001,2.756686,7.599318,-12.074673,11.804761,139.35237,-0.0030055298,2.1644313,4.6847634,-4.6306105,9.566969,91.526886,0.001307961,1.816536,3.2998028,-14.784162,10.264157,105.35293,0.001494517,1.8736051,3.5103962,2683.3588217936,957.3280491357558,916476.993662072,1693.8790191552393,289.1856877763685,83628.3620146913,4579.364698505324,1130.8180483196973,1278749.4584055692,23.21617162601124,9.120435594381151,83.18234543125465,0.06274327,0.07865728,0.0061869677,165.8510178652334,85.88373013819746,65.7852866955572,970.7973635040968,905.0120768085396,151.1349012203898,7.584631914054186,0.2977067976458422,0.6911604656213665,108,1.3028148027517144,0.14370370370370317,0.1387688765443954,0.8320000000000007,15.519999999999943,-1.3629053e-05,-1.6276871e-06,797,627.4573,70722.1,0.012611973003998852,0.09143666425552577,4.470377530134184,629,0
475,phase1,61.64374999999998,5.696000000000012,10.822285670244765,0.08458599861151864,0.02327071,0.017617779,0.0006205629,0.11852667,0.1179061,0.019774446,0.00031038615,0.2884099892369359,0.12537269389039638,0.01571831237333503,-279.30612,86.33554,7453.826,0.12769167,16.31805,266.27875,29.336597,62.907234,3957.32,0.049616557,12.1439085,147.47452,-47.219376,36.126797,1305.1455,-0.028357647,7.2797465,52.994713,4.3274117,26.442392,699.20013,0.024352038,4.963126,24.63262,-27.933863,20.016375,400.65527,0.008759191,3.9865634,15.892689,-6.6417036,14.5674715,212.21123,-0.004007517,2.7355528,7.4832497,-32.18454,16.03317,257.0626,-0.02923742,2.7624927,7.631366,-11.52672,12.602748,158.82925,-0.028873533,2.2050638,4.8623066,-16.615858,11.1488285,124.29638,0.0072938823,1.9943309,3.9773557,-10.9752245,11.404211,130.05603,-0.0068297656,2.1807554,4.755694,-17.294037,9.326222,86.97842,0.0065242187,1.7012277,2.8941758,-1.0140896,8.849219,78.308685,0.0010607434,1.6628157,2.764956,-19.93344,9.921224,98.43067,-0.01755292,1.8352772,3.3682425,2642.569964970315,1015.0263570033077,1030278.5054114063,1614.8831663289907,298.058788532187,88839.04142127496,4429.501929928741,1281.181844323757,1641426.9182248237,21.773469268195765,9.270150619760349,85.9356925130432,0.07255033,0.086457424,0.0074748867,243.5436084446655,290.84921148902305,74.69948441050268,1405.0051599877036,1330.3056755772009,169.64319079487348,3.646635189874443,0.1790973870883148,0.5643026592762819,38,1.6222039046788443,0.1539459459459457,0.10032432432432399,0.38400000000000034,5.695999999999991,-1.24577455e-05,-2.8337813e-06,427,387.62537,19360.898,0.018814619981623905,0.1047004372931441,2.4820034472270107,153,0
475,phase2,59.94775,7.391999999999996,8.109813567395355,0.10977171729921772,0.022927754,0.016440166,0.0006259813,0.1406463,0.14002031,0.020351285,0.00027027904,0.2901824153800475,0.1365861151350505,0.018655766847685273,-283.4527,87.419945,7642.246,-0.005168134,17.061005,291.07785,32.5691,62.105824,3857.1335,-0.049261544,12.194209,148.69875,-46.11383,39.316555,1545.7916,0.03486012,7.8530774,61.670822,4.279071,24.934275,621.718,0.019189801,5.0098777,25.098875,-29.932081,21.579914,465.69272,0.010195555,4.250169,18.063934,-5.480719,13.926879,193.95796,0.006674024,2.6356885,6.9468546,-34.264328,15.267986,233.1114,-0.014645278,2.7644868,7.642387,-13.655547,13.127999,172.34436,0.0113078775,2.4386659,5.947091,-15.881784,11.471632,131.59834,-0.0005078583,2.1584291,4.6588163,-13.2188225,11.431786,130.68573,0.0014688922,2.2127101,4.896086,-13.926167,10.294295,105.97252,-0.0113776615,1.953275,3.815283,-3.0392036,9.401375,88.38585,-0.018967299,1.7663615,3.120033,-18.527481,9.484299,89.95193,0.003755345,1.7601908,3.0982716,2639.916116856621,1075.6186553432603,1156955.4917224436,1599.0106752151967,313.8413011306561,98496.36229538317,4408.168794536817,1319.5594529638263,1741237.1499061924,21.96721531382529,9.10337778525861,82.87148710113995,0.0717916,0.09320419,0.008687021,164.06292296766728,22.625057877006462,121.34967043801211,248.37216905734888,127.02249861933677,157.8268731845343,0.7812067129186513,0.2280285034546183,0.6831032191239201,46,1.303211928191045,0.16426666666666637,0.1282841290954491,0.5120000000000005,7.391999999999987,-1.2587665e-05,-2.7040312e-06,399,326.00726,24633.732,0.019015432247045463,0.099905526560371,4.287066653877752,257,0
475,phase3,61.888000000000005,7.492437499999994,8.260061126961544,0.10799063496825015,0.020735234,0.01577283,0.00063164526,0.091728695,0.09109705,0.017931918,0.00024878216,0.295165903065929,0.12886603807547198,0.016606455769268995,-290.05597,86.03187,7401.482,-0.12632777,15.443475,238.50092,32.089333,59.562305,3547.6682,0.027995622,11.656881,135.88289,-45.100105,36.584877,1338.4532,0.007937938,7.374437,54.38232,2.1370077,25.614231,656.0888,-0.008484748,4.876988,23.78501,-30.688936,21.224022,450.45908,0.0067307185,4.255204,18.106764,-4.738801,13.926222,193.93965,-0.005771355,2.6172862,6.850187,-32.3133,14.915297,222.46606,0.010650716,2.6295917,6.9147525,-12.437268,12.910157,166.67216,0.0059515014,2.4012442,5.765973,-17.534016,11.672807,136.25441,-0.014837466,2.2640815,5.1260653,-12.445056,11.023992,121.52838,0.0075720344,2.073385,4.2989254,-13.032937,9.537033,90.955,0.0038945025,1.7550606,3.0802376,-3.7081084,8.813081,77.670395,-0.0056732283,1.7356235,3.0123887,-18.677177,8.98757,80.776405,-0.005187703,1.669277,2.7864854,2654.3602618653463,1035.0937315617457,1071419.033118419,1635.749053791505,306.76741845904877,94106.24902802915,4467.5829875518675,1319.934914643508,1742228.1788949645,21.685994338564914,9.039714927469305,81.71644596991139,0.080468364,0.096230455,0.009260301,274.1755860858224,426.7830942916098,66.93519325188251,1886.3212940638753,1819.3861008119927,157.37105256787842,3.341447121724354,0.2259105577566111,0.5909446737057547,41,1.5094633778179667,0.18480000000000013,0.17895518992194623,0.895999999999999,7.392000000000005,-1.2799123e-05,-2.3817986e-06,442,299.23257,20125.756,0.020962041627678105,0.11262015438305331,4.6858841778697,290,0
476,phase1,54.68799999999998,9.845125000000017,5.554829872162112,0.15255924767319137,0.02950343,0.027434278,0.0015402174,0.2565113,0.2549711,0.022191491,0.0007526396,0.29642980950979175,0.1363729027313629,0.018597568599377765,-256.51755,74.177704,5502.332,-0.007836262,12.524099,156.85307,10.76633,54.27032,2945.2676,0.0019948275,10.406438,108.293945,-21.894436,25.843227,667.87244,0.0068711652,4.895859,23.96943,2.262189,24.615255,605.91077,0.009931437,4.481067,20.079962,-17.095509,18.268589,333.74133,0.00044461648,3.5490918,12.596052,-13.429421,16.570318,274.57547,-0.0031986292,3.050364,9.304721,-26.22831,14.000379,196.0106,-0.011946935,2.5651753,6.5801244,-12.189247,13.950533,194.61737,-0.005466375,2.466219,6.0822353,-23.62411,10.589606,112.13976,0.007145008,1.8412552,3.3902206,-3.8097143,12.876422,165.80225,0.008741415,2.3265,5.4126015,-20.492598,8.341166,69.57505,0.0073516006,1.5038086,2.2614403,-5.219926,7.9931226,63.890007,-0.0033958424,1.4490896,2.0998607,-14.035532,7.217817,52.09688,-0.013191677,1.3092898,1.7142397,2977.0421161999266,949.6930652289996,901916.9181440527,1909.4384592987954,289.8519858255984,84014.17368704287,5251.274324491819,1056.5186586174618,1116231.676006841,22.64758630807857,10.227536472241612,104.60250229103241,0.08994511,0.08747168,0.0076512946,207.37437479513812,224.64855444299513,127.82501456536235,1488.5511143913498,1360.7260998259874,162.92073075152206,5.032351925561891,0.34556271673497135,0.8522754786785857,55,0.9943272546485951,0.18074074074074076,0.20867422645031344,1.1840000000000046,9.760000000000002,-1.1416365e-05,-3.8309236e-06,416,1673.7755,99741.22,0.013619272231902221,0.10569544346968962,2.761117612638971,151,0
476,phase2,56.373187499999986,8.16000000000001,6.9084780136669,0.12644656673746374,0.032203965,0.030229056,0.0017645281,0.22598515,0.22422063,0.022200707,0.00091379584,0.3007943224776896,0.13479770881335074,0.018170422301328894,-245.87299,77.111305,5946.154,0.0654217,14.419946,207.93483,15.657803,53.708042,2884.5537,0.03602533,10.460609,109.424355,-23.347126,29.589128,875.5165,-0.010427001,5.726854,32.796856,-2.1911652,22.856045,522.39874,0.010297248,4.502304,20.27074,-17.627283,18.733946,350.96075,0.01660123,3.4998775,12.249142,-14.002954,16.475657,271.44727,-0.007681149,3.1876364,10.161025,-26.652184,12.461116,155.27942,-0.0072222687,2.3327587,5.4417634,-14.038429,13.296637,176.80054,-0.008638201,2.5078957,6.2895412,-21.957483,11.309066,127.894966,-0.0044098413,2.0044224,4.0177097,-3.4348216,12.89316,166.23358,0.002478986,2.4184916,5.849101,-19.788536,9.026486,81.477455,-0.00084611104,1.6362121,2.67719,-5.2033653,8.037485,64.60117,-0.007735999,1.5553249,2.4190357,-16.033426,7.5233445,56.60071,-0.00218669,1.3533667,1.8316016,2950.6547605705287,942.4175211334107,888150.7841392425,1933.5959926106157,300.0814790416453,90048.89406382143,5250.697198810114,1129.3972071764867,1275538.0515780482,22.659205705817037,10.262806635231039,105.32520003214223,0.09216062,0.08746267,0.007649719,160.3059844301842,30.49283213985009,100.28947374140385,269.2917795270241,169.00230578562025,149.39896882100535,1.5136968914549984,0.3802677241545524,0.9762418755465938,63,0.894812485796627,0.12952380952380935,0.09799884306781569,0.480000000000004,8.15999999999999,-1.0857657e-05,-4.401529e-06,458,843.989,45438.82,0.014763760895377915,0.1059475041888288,3.6896973406018607,208,0
476,phase3,57.752749999999985,8.736000000000011,6.610890955713022,0.13139064879396908,0.033106074,0.033232465,0.0018025971,0.23911346,0.23731087,0.02269604,0.0011043968,0.30944929958192974,0.14051702573147135,0.01974503452041898,-250.5861,72.57426,5267.023,0.049742743,13.31895,177.39442,10.202625,60.45504,3654.812,0.082546666,12.211883,149.13007,-20.316978,28.153517,792.62054,0.0011149783,5.382351,28.9697,1.5845401,25.079077,628.9601,-0.02361074,4.908476,24.093138,-16.87921,18.130987,328.73267,-0.008447553,3.4011078,11.567534,-11.005252,16.489376,271.89954,-0.018302582,3.239002,10.491135,-27.768959,12.68993,161.03433,0.0015739908,2.3827188,5.677349,-14.271913,13.155771,173.07433,-0.0112030525,2.4723551,6.11254,-21.607105,10.97726,120.50023,0.0034645924,2.0184479,4.0741315,-5.4900184,12.723658,161.89146,0.013083924,2.3041353,5.30904,-19.067928,8.253881,68.12656,0.0032962703,1.5030288,2.2590954,-5.2055964,8.390558,70.401474,8.89836e-06,1.6149749,2.6081438,-15.390387,7.0240736,49.337612,-0.005455207,1.3023094,1.6960099,3003.699067352102,1002.0553795410091,1004114.9836670758,1887.924779145185,308.11341917718863,94933.87907705795,5209.035129932628,1103.063204994679,1216748.4342131328,22.463408918717793,10.195705400393354,103.95240861161022,0.0894899,0.08745702,0.0076487316,150.3604747945641,16.549058688304864,115.86971395503193,199.42369775418427,83.55398379915235,146.8323839587038,0.8265977475912857,0.3070259863777546,0.9024083021563799,60,0.9625458172909028,0.14560000000000015,0.15251002152864138,0.7680000000000007,8.73600000000001,-1.1052788e-05,-4.1497124e-06,447,735.7312,46703.266,0.01586180459532099,0.11107671577077467,4.363428581322968,252,0
477,phase1,197.9876874999996,53.72800000000041,3.6850000710057706,0.21344716546520529,0.012340001,0.011996787,0.00029378742,0.12342671,0.12313293,0.009035105,0.00014392291,0.2899243005791598,0.13880481897805558,0.019266777771530776,-366.2768,87.85622,7718.7153,0.024775561,15.542655,241.57411,9.1516285,49.903297,2490.339,0.00051620655,9.738953,94.847206,-40.116978,41.240597,1700.7869,-0.0034426234,8.144606,66.3346,-3.5854232,27.540752,758.49304,-0.0014394001,5.4061046,29.225967,-26.347448,19.495337,380.06815,0.0033974391,3.7484124,14.050595,-18.260149,18.65422,347.97992,-0.0009071473,3.496615,12.2263155,-25.004198,15.204561,231.1787,-0.0021530737,2.7974453,7.8257003,-6.1922135,11.9603815,143.05072,-0.0012811958,2.1560621,4.6486034,-15.149546,12.34817,152.47731,0.00020206404,2.2863672,5.227475,-4.865487,9.790644,95.85671,0.002203693,1.843081,3.3969474,-16.077288,10.391507,107.98341,-0.0036340319,1.981533,3.9264734,-3.2881238,10.474264,109.710205,-0.0019701156,1.959488,3.8395932,-9.824065,8.378179,70.19387,-0.0032655322,1.5433238,2.3818483,2842.132282851412,1042.9589059095758,1087763.2794160994,1730.6180623740167,315.81611215849506,99739.81669890715,4717.698336405237,1297.4780030225947,1683449.1683275006,22.23751173090707,8.529434232892271,72.75124833323457,0.0716508,0.08282974,0.0068607666,276.3415599609947,109.88290506366576,111.9227661312955,1471.4536465877761,1359.5308804564806,249.81097439559304,7.11274378590637,0.4340917757170342,1.2514118731674202,315,0.6285323392744993,0.17056507936507906,0.19575306290756314,1.9840000000000089,53.7279999999999,-1.4636258e-05,-6.1854286e-07,1555,386.4194,17343.021,0.01057316008873921,0.08029804933490751,3.682047147502551,729,0
477,phase2,206.8837499999997,44.832000000000306,4.614644570515563,0.17810566084959048,0.015496811,0.014148522,0.0,0.13395715,0.13395715,0.012033295,0.00020018067,0.2869864822994788,0.1405273971674366,0.019747949354654463,-343.9716,95.03789,9032.2,0.007179776,16.087843,258.8187,11.669314,52.557972,2762.3403,0.023214536,10.183633,103.70638,-44.77051,44.472424,1977.7964,-0.01091808,9.149736,83.717674,-5.2641664,28.319048,801.9685,0.010054806,5.5767193,31.099796,-29.036324,21.22775,450.61737,-0.002486237,3.9955926,15.964761,-16.568506,18.56925,344.81702,-3.9976738e-05,3.5169337,12.368823,-25.16765,15.727024,247.3393,-0.005998615,2.8366597,8.046638,-6.9058213,11.949141,142.78197,-0.0014261969,2.2373567,5.0057645,-15.547815,12.176282,148.26184,0.00049364154,2.299335,5.2869415,-3.9662445,10.162797,103.28245,-0.005677911,1.9207643,3.6893356,-15.980355,10.429855,108.781876,-0.00023160253,1.9280571,3.717404,-4.034936,10.182462,103.68253,-0.002211592,1.9733976,3.8942983,-9.520305,7.842791,61.50937,-0.0017745465,1.44213,2.0797389,2768.8532080379773,1141.7729179757505,1303645.39622286,1633.7137845772088,378.1558004744285,143001.80943245578,4489.3790914579895,1452.2499236192966,2109029.840652253,22.107830755950904,8.720401303130357,76.04539888763762,0.081888296,0.14193806,0.020146413,264.4171900071213,60.56217122342684,134.6458897635121,686.4573988917687,551.8115091282566,245.51937137864914,2.9126245069384114,0.308630990173048,1.0488020713840909,264,0.7836505652134438,0.1704638783269961,0.30412887131646854,4.320000000000007,44.83199999999998,-1.4188355e-05,-8.1064496e-07,1233,319.74286,23248.455,0.013425929588431482,0.08917256083546155,5.15265215368535,1066,0
477,phase3,201.10349999999957,58.240000000000435,3.4530133335677324,0.2245670317551835,0.015050791,0.014901938,0.0,0.13270614,0.13270614,0.010872642,0.00022206774,0.2827132171499075,0.1424784223967892,0.020300100848677883,-356.95255,107.689415,11597.011,0.0007203706,16.667978,277.82147,9.000395,51.167206,2618.083,-0.007792779,10.052462,101.05199,-44.402615,44.08893,1943.8337,-0.000727291,8.761903,76.77094,-1.8345996,28.17592,793.88245,0.0013116461,5.5363045,30.65067,-30.394112,20.536774,421.75906,-0.0013268628,3.7709882,14.220352,-15.415254,18.204325,331.39746,-0.004866812,3.3784122,11.413669,-25.880096,15.912213,253.19853,0.0057242466,2.7837286,7.7491446,-6.032212,12.095451,146.29994,0.0015305822,2.2449644,5.0398655,-16.690714,11.698166,136.84708,-0.00046215116,2.1102436,4.453128,-3.7976668,10.316162,106.423195,0.0009819609,1.9065436,3.6349084,-16.788395,10.104346,102.09781,0.0013545796,1.8658541,3.4814117,-5.201157,10.19663,103.971245,-0.0001620967,1.922218,3.6949217,-9.607172,7.646084,58.4626,-0.0013672614,1.3846848,1.9173518,2732.89326462889,1137.4380963204962,1293765.4229611945,1607.5665341039949,418.3348079241823,175004.0115209625,4447.984461752005,1474.8911902895254,2175304.023193653,21.923248391462028,8.603629880371027,74.02244711841318,0.097983584,0.18231493,0.033238735,258.72542176661517,44.18990920000186,105.64102395561046,474.31216053885623,368.67113658324575,245.51937137864914,1.25517354093856,0.3099321406156777,1.071937411194034,278,0.7233938822899485,0.21025270758122638,0.41845817353480413,5.536000000000001,58.23999999999971,-1.3966632e-05,-7.923854e-07,1400,332.5337,20908.254,0.013319135624955904,0.08550620435440699,4.599621587888834,925,0
478,phase1,101.26449999999991,31.84000000000009,3.1804176136803397,0.23921054509802514,0.016097913,0.016073612,0.0,0.14202523,0.14202523,0.011003874,0.00025836105,0.2800800030048077,0.13300567472234923,0.01769050950834737,-359.2875,111.34429,12397.551,0.042559616,17.352306,301.10254,-3.8130388,40.56706,1645.6862,0.0014678203,7.7659774,60.310406,-60.309994,48.713562,2373.011,-0.008941819,9.572525,91.63324,1.2804602,26.899233,723.5687,0.0023372741,5.1300044,26.316944,-42.947506,26.444386,699.30554,-0.00088388554,5.0696054,25.700897,-7.070427,20.093256,403.73895,-0.00032557067,3.694813,13.651644,-29.770365,16.61817,276.16357,-0.0046234927,2.684417,7.206095,-2.770831,13.176012,173.60728,-0.0030926107,2.5028064,6.26404,-8.9825945,13.123278,172.22043,0.004303822,2.3857324,5.6917186,-4.937713,9.794432,95.93089,0.0013601551,1.8346562,3.3659635,-13.237322,11.056057,122.23639,-0.0023723983,1.924114,3.7022145,-1.407469,9.089924,82.62671,-0.0034197047,1.6847396,2.8383477,-9.282626,9.276166,86.04725,-0.004340071,1.6758417,2.8084455,2762.511326276619,1015.4159242696766,1031069.4992604416,1538.6098947216733,444.6096420651669,197677.73381731584,4490.606219951923,1428.6350788589868,2040998.1885464238,22.00209924997836,7.12297663127033,50.73679608962322,0.10507241,0.2057828,0.042346563,343.0192756953435,163.77145865586425,218.73289323986043,1388.867299316009,1170.1344060761485,302.26980244077964,4.84204782906268,0.3567307691450166,1.1795243586805855,157,0.6449968111783637,0.20280254777070067,0.5207726674890877,6.399999999999999,31.840000000000003,-1.4287823e-05,-2.7143025e-07,771,433.75552,30165.123,0.010998157969060332,0.07897816917879345,2.5181578934374853,255,0
478,phase2,106.5444999999999,26.5600000000001,4.011464457399662,0.19954246475513676,0.018927502,0.020073976,0.0,0.144402,0.144402,0.012328158,0.0004029645,0.30010657677283653,0.13625535084313858,0.01856552063338679,-348.04297,110.94647,12309.119,0.005626385,17.21972,296.5188,-8.5837555,42.371857,1795.3743,-0.00037602187,7.4834285,56.001705,-58.829174,48.03734,2307.586,-0.0056239385,9.386926,88.11438,7.661236,27.828302,774.4144,0.008244894,5.293163,28.017574,-43.726322,28.394014,806.2201,-0.0031249868,5.200221,27.0423,-8.989425,19.309597,372.86057,-0.0053518866,3.5131135,12.341966,-30.266687,16.093489,259.0004,-0.0012686661,2.7049856,7.3169475,-1.9133222,13.584897,184.54942,-0.008367454,2.5539465,6.5226426,-10.672092,13.927472,193.97449,0.002095519,2.5089667,6.2949142,-6.1896424,9.761442,95.28575,-0.00050139654,1.8418264,3.3923247,-13.993921,11.509704,132.47328,0.00030929744,2.0236576,4.09519,-1.6199565,9.202973,84.694725,-0.0012086116,1.7179035,2.9511924,-9.688895,10.186856,103.77203,-0.0017768649,1.8798008,3.533651,2852.771583315259,1025.4698794004673,1051588.4735576091,1523.3672241688548,433.55244708008547,187967.72436913033,4548.6253004807695,1409.2917240382376,1986103.1634426683,22.321740989974018,7.466046137195025,55.74184492272475,0.10236261,0.20052181,0.040209,328.46741095519957,151.27107299761104,186.06888929891866,2080.94970340778,1894.8808141088612,288.6197829762387,6.935289603760076,0.23533653840496715,1.0668309486155614,142,0.7503133749977925,0.188368794326241,0.37972260146278747,3.6479999999999997,26.55999999999998,-1.411577e-05,-4.8893446e-07,778,467.2963,64887.797,0.010262875410480625,0.07799871182773077,3.0691401245489005,327,0
478,phase3,114.62399999999991,22.514000000000095,5.091231896098762,0.16417039770158595,0.018345667,0.018329075,0.0002508073,0.13918221,0.13893141,0.012494198,0.00033595497,0.30266374168805416,0.11281024361731964,0.012726151064999008,-342.0376,88.369675,7809.1997,-0.035616197,16.616604,276.1115,-6.3939195,40.17283,1613.8561,-0.003422705,7.4542046,55.565163,-64.055984,48.227287,2325.8713,0.005628051,9.744105,94.94759,15.326401,29.454538,867.5699,0.010910478,5.4860706,30.096973,-47.058598,27.720879,768.44714,-0.013416845,5.2654862,27.725346,-11.822644,18.225187,332.15747,-0.00032061746,3.2561955,10.602809,-29.062551,14.769045,218.12468,0.00061176537,2.6429086,6.9849663,-4.290591,13.165934,173.3418,0.0028602458,2.4807773,6.154256,-10.240773,13.612372,185.29669,-0.0037253618,2.5350087,6.426269,-7.376666,10.009862,100.19734,0.0035798282,1.8619905,3.4670084,-12.96161,10.915058,119.1385,0.0020389582,1.9517113,3.809177,-2.648585,8.89119,79.053246,-0.0046219393,1.672083,2.7958615,-10.110024,9.937473,98.75338,0.0039703487,1.8290634,3.345473,2910.8939701429367,806.2420868814996,650026.3026590357,1535.0296905502382,325.87037711483697,106191.50268096608,4589.087290013999,1073.7101149208208,1152853.4108832825,22.93886135145052,7.5284663776720615,56.677805999738695,0.05977498,0.074400164,0.005535384,288.9143522369654,59.22273472094935,214.97519305553408,567.3229357134148,352.34774265788076,270.8517709358815,2.1343244173853213,0.3947736816624419,1.173999912496901,161,0.7119503061369541,0.13972670807453438,0.11664896575685826,0.5120000000000005,22.496000000000038,-1.4741121e-05,-5.201699e-07,797,465.01776,26673.512,0.00875707461097134,0.08108811384780314,5.627093802345063,645,0
479,phase1,72.76631250000001,3.167999999999992,22.969157048877253,0.04172026973971736,0.035584036,0.02279869,0.0024672637,0.13594574,0.13347848,0.031520847,0.0005197802,0.2842996487173409,0.13066764307931084,0.01707403294790217,-211.88553,69.4855,4828.234,0.11580787,13.309775,177.15013,36.7404,50.835293,2584.2268,0.037436612,10.442756,109.05115,-25.30902,24.295025,590.2482,-0.0065598334,4.8113475,23.149063,-2.938121,24.98987,624.4936,0.0072917705,4.6849914,21.949142,-22.782885,22.321766,498.26126,0.007129616,4.2498183,18.060955,-9.654969,12.338299,152.23363,-0.008494222,2.2825081,5.209843,-30.840645,14.609088,213.42545,-0.023777112,2.652176,7.034037,-8.529737,11.074603,122.646835,-0.012341213,2.0968454,4.3967605,-22.183622,9.95103,99.022995,-0.0069934526,1.8389618,3.3817809,-7.9763927,10.092101,101.8505,0.010864825,1.9579464,3.8335543,-11.056367,11.316827,128.07057,0.010602195,2.0946257,4.387457,-0.951034,9.521122,90.651764,-0.010561163,1.685976,2.8425152,-13.241058,7.2417207,52.442516,-0.012796241,1.3119792,1.7212894,2646.1754427964565,961.3370760234624,924168.9737373403,1852.190357102208,251.76151874333442,63383.862319950334,4787.314317319849,1207.6990495305165,1458536.9942369128,21.955335415583182,9.89845133972543,97.97933892491216,0.0908526,0.091301635,0.008335989,205.80882603322317,293.96893356427154,65.40639132514966,1479.9776908465376,1414.571299521388,131.5705733911144,3.6137403321438524,0.21786767795285814,0.2502162642217904,19,3.82980571948391,0.17600000000000054,0.14201095419407436,0.5440000000000111,3.16800000000001,-7.779533e-06,-7.424007e-06,523,2491.8142,239413.44,0.021991018231348858,0.13043615184283222,2.2950180414872605,167,0
479,phase2,71.328,4.606312500000001,15.484834021826778,0.06066180555727032,0.031123918,0.022816507,0.0023913332,0.17386875,0.1714774,0.02574305,0.000520593,0.26952980964233036,0.12428482553635002,0.015446717858600962,-221.64012,68.98541,4758.987,-0.08683507,13.50265,182.32156,41.834663,47.092285,2217.6833,-0.03628417,9.475417,89.78352,-24.626795,25.168255,633.44104,0.0068239244,4.8360114,23.387007,-1.0353277,22.497906,506.15576,0.022964222,4.387626,19.251263,-22.143984,21.261044,452.03198,0.023259755,4.24618,18.030046,-9.598349,13.459362,181.15442,-0.00011495533,2.5827582,6.6706405,-28.771845,13.691925,187.46881,0.004395714,2.6067467,6.7951283,-7.1222014,10.615239,112.6833,-0.0035948667,2.0156238,4.0627394,-22.881443,9.621693,92.576965,0.010755469,1.7359165,3.013406,-6.3767576,9.996909,99.938194,0.011119041,1.9190555,3.682774,-9.970902,10.64637,113.345184,-0.020377062,2.042491,4.1717696,-0.56983715,9.135598,83.45916,-0.00038576286,1.7191933,2.9556258,-12.566482,7.5553026,57.082596,0.004443094,1.4582894,2.126608,2576.0854977205563,903.3176058785551,815982.6970901646,1850.9690779607859,263.8582517745187,69621.17702950528,4749.255952380952,1199.0710212090362,1437771.3139032808,21.662486151179834,9.790327196588045,95.85050661625154,0.09233664,0.09310655,0.008668831,128.93471548254072,19.028885274596533,65.40639132514966,184.9972113558172,119.59082003066754,128.565497341737,-1.125493920084171,0.17783396536964435,0.39507831192914267,30,2.377599920746669,0.15779310344827593,0.10151724137930976,0.4479999999999933,4.576000000000002,-8.033859e-06,-7.3797514e-06,473,653.2172,52895.74,0.024387706276439096,0.13639374542535446,3.294638851502916,235,0
479,phase3,71.803375,6.432000000000002,11.163458307920036,0.0822134488394796,0.028884288,0.020098966,0.0024541928,0.16095854,0.15850435,0.026095435,0.00040396844,0.2811425581543967,0.1370930799318439,0.01879451256519894,-227.15578,71.23918,5075.021,-0.04578856,13.644291,186.16669,35.61541,49.454323,2445.73,-0.0070924787,9.770633,95.46527,-21.83845,24.687874,609.4911,0.011884385,4.976099,24.76156,0.5258903,21.910894,480.08728,0.0033839778,4.1382933,17.12547,-23.944565,19.932981,397.32376,-4.3089305e-05,3.760797,14.143594,-11.063288,12.301895,151.33662,-0.00037759263,2.340985,5.4802113,-30.255981,13.667462,186.79953,0.012138055,2.52118,6.3563476,-6.0302033,10.743506,115.42293,-0.002253526,2.0960455,4.3934064,-22.112663,9.554039,91.27966,-0.0017158563,1.6790679,2.819269,-5.4298534,9.636605,92.86416,0.0071149427,1.7291715,2.990034,-12.432415,9.437578,89.06788,0.0028245787,1.7113988,2.928886,-1.0453596,8.4698715,71.738716,-0.0038230186,1.5438696,2.3835335,-13.055759,6.8906326,47.48082,0.0006755373,1.2819738,1.643457,2693.235711367639,964.7252990996024,930694.9027228173,1866.2597011723603,249.65257121128417,62326.40631240531,4870.542561349694,1167.9528036490092,1364113.7515515808,21.587968404575506,9.867492577088969,97.36740975890591,0.09770405,0.09565252,0.009149405,122.38727679255487,18.068201559186814,65.40639132514966,162.92073075152206,97.5143394263724,125.62905732418486,-2.028224521738648,0.18118609399542493,0.4984957252393818,39,1.8411121322791764,0.16926315789473662,0.15025621700256608,0.480000000000004,6.4319999999999915,-8.20636e-06,-6.962759e-06,459,578.02795,36855.54,0.02486588072799498,0.1296268422530217,3.1057035968016824,223,0
482,phase1,141.02293749999993,25.792000000000087,5.46770052854757,0.15461445111892383,0.025012536,0.022421721,0.0007420463,0.23611213,0.23537008,0.018573988,0.0005027336,0.30146754133296566,0.11984935664517955,0.014363868288263443,-271.68686,83.31189,6940.871,0.047227398,15.335987,235.1925,12.451208,54.05331,2921.7603,-0.0072848806,10.966456,120.26316,-25.088118,28.893553,834.8374,0.0015501747,5.5820312,31.159073,7.8451533,29.250381,855.5848,0.008009606,5.6209173,31.59471,-26.665398,21.691967,470.54144,0.00044671548,4.354384,18.96066,-11.41438,18.020664,324.74435,0.0030255616,3.483365,12.133833,-21.69324,16.466383,271.14175,-0.007689376,3.033893,9.204508,-14.169287,16.07936,258.5458,-0.002913227,3.1454415,9.893802,-15.042694,10.626347,112.91924,0.0015422959,2.0271018,4.109142,-3.3337128,13.984891,195.57716,0.0011587134,2.6115584,6.8202376,-17.518875,8.792141,77.30174,-0.000321615,1.6895552,2.8545966,-1.7865412,9.089579,82.620445,-0.00303889,1.714728,2.9402921,-17.150543,10.289723,105.8784,-0.0041559837,1.9739534,3.8964918,2962.255926494665,878.9038629554653,772472.0003180393,1837.5371652872682,283.1671141106807,80183.61451377126,5001.032574812967,1078.7491291762822,1163699.683698587,22.721414172240642,10.04963789410226,100.99522180257608,0.07882096,0.07265396,0.0052785976,191.33852581699492,203.63173099600886,66.54967490706109,1396.9129257320158,1330.3632508249548,153.77669275969214,5.645575540036709,0.18453865333118383,1.0610560580043977,177,0.7967397553856507,0.14571751412429407,0.13580157250336064,0.6400000000000006,25.792000000000048,-1.1998845e-05,-3.2706332e-06,1081,502.29483,22229.293,0.01620837829767723,0.14124732206699236,3.3966105691139803,479,0
482,phase2,141.40799999999984,25.40693750000017,5.565723709686584,0.15230612965940274,0.026856469,0.023434158,0.00073647464,0.24424307,0.2435066,0.02051813,0.00054915977,0.3011031803004508,0.11483174271563203,0.013186329135109108,-263.12527,85.92583,7383.248,-0.005101991,16.181799,261.85062,13.710919,51.245796,2626.1316,0.025036052,10.509218,110.44367,-24.443533,30.195284,911.7551,-0.008125266,5.919239,35.03739,8.958246,30.703138,942.68274,-0.00029592114,5.7671285,33.25977,-25.333496,21.05078,443.13535,-0.00047385666,4.220721,17.814484,-15.338571,18.499027,342.214,-0.008433153,3.523345,12.4139595,-22.372702,16.221216,263.12784,0.007395818,2.9627397,8.777826,-12.904997,14.914766,222.45024,-0.004636284,2.9230099,8.543987,-17.601126,10.75058,115.57496,0.0020509723,2.0433087,4.1751103,-3.2699213,14.213866,202.034,0.00335075,2.5843008,6.67861,-19.959986,9.136034,83.46711,-0.004269454,1.7553164,3.0811355,-0.22082897,9.372603,87.845695,0.006755613,1.8121032,3.2837176,-18.571684,10.502369,110.29976,-0.004573893,2.0477931,4.193457,2972.5178261678534,849.832127997205,722214.6457762579,1870.773715398163,293.68472173581483,86250.71578104299,5085.397983406868,1065.8686833494592,1136076.0501451096,22.817298553863857,10.175844935628872,103.54782015396377,0.07831061,0.0677985,0.0045966366,160.5257443115343,24.02621050865121,83.8473362790669,295.3659506116579,211.51861433259103,154.66751207845843,1.467225553022924,0.14694034142586987,1.0370773900268973,173,0.8173872785122114,0.14716279069767407,0.13640584626231336,0.9920000000000186,25.31199999999994,-1.1594613e-05,-3.660027e-06,1001,408.586,21285.764,0.015736090160000993,0.1405333590751791,5.551312514143477,785,0
482,phase3,139.35999999999976,32.51000000000025,4.286680889366897,0.18915459358817854,0.024414789,0.0226294,0.00074514316,0.25563943,0.2548943,0.018145861,0.00051208975,0.29419849873743253,0.1142477273619324,0.013052543207366436,-268.89294,84.21546,7092.244,-0.007975115,15.873642,251.97252,16.902779,48.527203,2354.8894,-0.017635461,9.817355,96.38047,-22.742037,28.350122,803.7295,0.00080591463,5.4011874,29.172827,6.878127,29.21805,853.69446,0.010069059,5.533065,30.614809,-24.005974,20.828672,433.83356,0.005705706,4.0549183,16.442362,-13.598518,17.70656,313.52228,-0.0022129668,3.3674207,11.339521,-21.203074,16.228518,263.36478,-0.0073031327,2.94054,8.646776,-13.3657675,14.839418,220.20834,0.0087657925,2.9077384,8.454943,-15.905275,10.593545,112.22319,0.0055998904,1.934068,3.7406187,-2.021416,14.416947,207.84836,-0.0016636065,2.6546655,7.0472493,-17.445936,9.337756,87.19369,0.0009052154,1.7914144,3.2091656,-1.1242266,9.047817,81.863,-0.003831118,1.7604331,3.0991247,-17.133223,10.148948,103.00114,0.0035880012,1.9315683,3.730956,2949.6658255166262,821.6819616216188,675161.2460543516,1907.2471600305719,282.80107507469614,79976.44806340394,5146.484011357289,1038.4963109120322,1078474.5877779,22.818915932491777,10.165794461136661,103.34337702607681,0.0802747,0.06890187,0.0047474676,159.04400090733242,20.692856244792228,130.0593564629863,302.26980244077964,172.21044597779334,152.89100418265707,2.0517127990925075,0.17929622040973817,1.210217024495258,208,0.669999996778845,0.15690821256038676,0.1367098068362717,0.8960000000000008,32.48000000000006,-1.15917555e-05,-3.674251e-06,1024,446.74603,24657.05,0.014765116624021269,0.1366323575661369,4.0040183696900185,558,0
483,phase1,225.82399999999987,47.58093750000015,4.746102265301034,0.17403101032145823,0.018092956,0.016451472,0.00030703426,0.12235346,0.122046426,0.013896066,0.00027065093,0.28359019533078766,0.14225408956668315,0.02023622599844591,-328.71835,103.17433,10644.943,0.014005122,18.296907,334.77686,17.472225,50.22462,2522.5127,0.0051365797,9.448437,89.272964,-48.41905,38.372406,1472.4415,-0.004855845,7.351733,54.04798,2.077208,29.150152,849.7314,-0.0025737048,5.521166,30.483274,-24.7815,23.038246,530.7608,0.0009928913,4.5023937,20.271547,-13.498544,16.91618,286.15714,-0.003304019,3.0542173,9.328244,-25.896229,15.484159,239.75919,-0.005875678,2.763945,7.639393,-12.615818,15.141332,229.25992,-0.00015838092,2.794546,7.809487,-13.634017,12.996267,168.90295,0.0022614882,2.4164772,5.8393626,-7.6505566,12.303239,151.36969,0.0038744162,2.165498,4.689382,-14.136331,9.9398,98.79964,0.00041934926,1.7828622,3.1785977,-6.0563912,10.485138,109.938126,-0.0029503996,1.9583753,3.835234,-15.854172,10.712345,114.75434,-0.0037588503,1.9006226,3.6123664,2722.048448692269,961.4976229937753,924477.67902268,1680.0555341071686,304.41509586802243,92668.55059233728,4530.58707133661,1308.4558958302189,1712056.8313328605,22.477819162500637,9.026496284911039,81.47763518151277,0.08053156,0.09633985,0.009281367,237.3067155114926,134.06486284453896,149.39896882100535,1396.9129257320158,1247.5139569110104,207.65234878997256,6.547336021444111,0.34515449434162515,0.976573438802655,267,0.8457827683678544,0.17840601503759393,0.18525491632874383,1.407999999999987,47.45599999999998,-1.399644e-05,-1.2607636e-06,1232,523.20044,33425.22,0.012517249573923634,0.08709283155358759,2.5108048745926044,567,1
483,phase2,226.0449374999999,47.36000000000013,4.772908207919998,0.17322291408874108,0.013792198,0.011975108,0.000307035,0.101925954,0.101618916,0.010972286,0.0001434032,0.2969015742955583,0.14922897156915907,0.022269285955588882,-349.14832,98.665306,9734.843,0.011372344,17.928009,321.41348,14.919404,53.747692,2888.8142,-0.009693719,9.991515,99.83037,-43.93131,36.979435,1367.4785,-0.001355549,7.1538258,51.177223,0.96621877,29.163431,850.5057,0.010602406,5.437028,29.561272,-23.916523,20.953968,439.06876,0.00074082636,4.058627,16.472456,-12.195494,16.440672,270.29572,-0.00090455596,3.0633228,9.383946,-26.402447,15.392962,236.9433,0.0015462632,2.758283,7.608125,-11.56159,14.448615,208.76247,0.001342447,2.6433468,6.9872828,-14.245144,13.010157,169.26418,-0.0038176458,2.3980725,5.7507515,-7.7840314,10.997882,120.953415,-0.005170299,1.9703244,3.8821783,-15.464595,9.743335,94.93257,-0.00016210147,1.769799,3.1321883,-7.217447,9.77749,95.59931,0.002541483,1.8325436,3.358216,-15.114052,10.19702,103.9792,-0.0019844635,1.8272282,3.338763,2802.592504946229,1002.8801679434733,1005768.6312543292,1701.5860133958522,299.7749656196073,89865.03001223676,4622.829251521535,1330.1202165487407,1769219.7904716688,22.072848710165825,8.930474105407283,79.75336774735001,0.085791185,0.0987889,0.009759247,208.07487122309553,82.06107101399992,126.35681904967383,1365.0073904136868,1238.650571364013,189.86967980755205,9.03437650849835,0.3110955055815665,0.8851339782406087,242,0.9340699858096277,0.1957024793388432,0.19308520127791012,0.8960000000000008,47.36000000000005,-1.41767205e-05,-1.0802956e-06,1341,336.4213,13343.091,0.013147207590052848,0.09420606101301852,3.326772137951554,752,1
483,phase3,225.63199999999966,56.05793750000032,4.024978549648207,0.19900582178232876,0.017879467,0.016411046,0.00032096065,0.13897046,0.13864951,0.013509986,0.0002693224,0.29879711861368285,0.15006623213917328,0.02251987402844824,-327.4262,102.550285,10516.562,-0.033993967,19.20061,368.66342,15.1750965,51.321754,2633.9226,-0.0039350986,9.587096,91.91242,-45.977016,37.927147,1438.4685,0.007953305,7.3852324,54.54166,-0.46016762,28.316637,801.832,-0.00019883594,5.4011664,29.172598,-25.871496,23.02687,530.2368,0.0033679425,4.3683395,19.08239,-10.7694025,15.930691,253.7869,0.00459158,2.9942267,8.965394,-23.55619,15.006033,225.18103,0.0075781234,2.7848856,7.7555876,-10.192492,14.913911,222.42473,0.0041197683,2.7229216,7.4143023,-11.525724,12.582197,158.31168,-0.0010916204,2.3802207,5.66545,-6.890527,11.598436,134.52373,0.0027180421,2.1221862,4.503674,-12.912278,10.053664,101.076164,-0.0009149626,1.8629664,3.470644,-6.132836,10.257786,105.22216,0.0016494569,1.9121796,3.6564307,-14.250301,10.340179,106.91932,-0.000599179,1.8439939,3.4003136,2802.707161174579,1016.3663841115392,1033000.6267519648,1690.2489732802628,298.06157512122934,88840.70256374824,4620.151688344882,1311.3954414903437,1719758.0039616537,22.38127454633771,9.162317072424202,83.948054135636,0.08600214,0.09698717,0.009406512,216.44202592301497,54.3019586665284,104.42763330455712,788.5324848825182,684.1048515779611,201.74088950502764,5.487598621466708,0.3484039531581956,1.0898507867360367,307,0.7349576523291271,0.18279738562091502,0.1926498180935177,1.8239999999999839,55.93599999999999,-1.37220295e-05,-1.5435905e-06,1239,369.35498,19914.13,0.012005857752354729,0.09206892932290138,3.6519642603886027,824,1
484,phase1,164.31999999999982,17.011687500000164,9.659241056524062,0.09381530461960856,0.022126397,0.017992504,0.0009236854,0.15546398,0.1545403,0.017384846,0.00032373017,0.2829257688426416,0.127850189098274,0.01634567085246442,-295.02087,74.381325,5532.582,0.009192245,14.118221,199.32417,4.202163,37.74992,1425.0565,0.0059060627,7.0847464,50.19363,-45.09104,36.151806,1306.953,-0.0035636597,7.2209864,52.142647,7.9704947,27.035822,730.93567,0.0030354382,4.876087,23.776226,-30.117533,19.806011,392.2781,0.007821782,3.8473153,14.801835,-15.902265,17.064604,291.2007,0.0013459894,2.9906435,8.943949,-26.705256,15.021758,225.65321,-0.009848201,2.8377461,8.052803,-13.49921,13.649936,186.32076,-0.0070344517,2.469281,6.097348,-11.980184,14.037153,197.04167,-0.0015730071,2.62416,6.8862157,-10.845507,11.31076,127.93329,0.0004984878,2.0637553,4.259086,-19.289246,9.894863,97.908325,0.0011770047,1.7877994,3.1962266,-3.7290163,9.341012,87.2545,-0.0026742518,1.747386,3.0533576,-14.030476,8.296194,68.826836,-0.0063883914,1.5374347,2.3637054,2794.62905333381,794.9246567779792,631905.2099535881,1734.3121908037208,270.7446031623704,73302.64014154943,4643.747518528322,1061.4938266975594,1126769.144117028,24.016135409342397,9.251419372636919,85.58876040840167,0.06814709,0.08174158,0.0066816863,268.8610377042344,114.49593083418705,190.41804342135148,1549.971937529221,1359.5538941078694,245.51937137864914,8.284748801548915,0.5632609845485687,0.6948592479182658,126,1.3041269737767687,0.13593599999999936,0.11658938160913364,0.7040000000000006,16.99199999999992,-1.3593391e-05,-1.6702211e-06,884,1596.7653,73517.414,0.008297956467032724,0.07384337843730364,2.1665043816942573,356,0
484,phase2,162.3557499999999,18.976000000000113,8.555846408313265,0.10464797256961406,0.02173086,0.017220696,0.0009194212,0.1569969,0.15607749,0.017568931,0.0002965524,0.2758356528200547,0.11945487276007398,0.014269466626125465,-294.99023,72.78973,5298.3447,-0.011549656,13.980303,195.44887,5.2377872,36.86232,1358.8307,0.003917871,6.904249,47.66866,-45.481064,36.050716,1299.6542,0.0045369854,7.2073965,51.946568,9.465586,27.388554,750.1329,-0.0010390005,5.117128,26.184996,-30.967371,18.916655,357.83984,0.0076000555,3.5426364,12.550273,-17.016407,17.731272,314.398,0.0044846614,3.1591527,9.980246,-27.403353,15.3013315,234.13075,-0.008162582,2.7728465,7.6886773,-13.815746,13.553823,183.70613,-0.00023380267,2.454268,6.023431,-11.157153,14.983676,224.51054,0.00018692219,2.8262324,7.98759,-11.630262,11.109308,123.41673,0.0077392757,2.0777519,4.3170533,-17.007515,10.01914,100.38316,-0.00074373,1.8106091,3.2783053,-3.4243426,9.80354,96.109406,-0.0026481154,1.8099023,3.2757466,-13.544688,8.256465,68.16921,0.00794622,1.5368034,2.3617644,2774.6697273071054,748.0672213000624,559604.5675835966,1725.439716856108,271.21527159024976,73557.72354377293,4608.148050114699,1053.599969059223,1110072.8948015955,23.992065982467082,9.19883072047445,84.6184866239445,0.06844425,0.08307009,0.0069006397,255.70706242888113,45.977016216378,97.99885899543732,636.7984644737662,538.7996054783289,242.6993408760242,1.9014321431070302,0.5535556730980138,0.6838295003494975,124,1.3093205539570913,0.15427642276422734,0.15708737669099496,0.9279999999999973,18.975999999999964,-1.3688047e-05,-1.6282139e-06,739,1517.1493,65679.49,0.00907465095843321,0.07408032926929327,3.0119044136102375,489,0
484,phase3,158.97599999999974,27.850687500000248,5.708153319082159,0.14907231869644025,0.020222057,0.016181149,0.0009508951,0.20308892,0.20213804,0.016103616,0.00026182958,0.2827888510982189,0.12826019104864528,0.016450676607834985,-299.20163,71.20915,5070.743,-0.0026855704,13.977023,195.35716,5.6790385,38.486107,1481.1803,-0.0029452739,7.213609,52.03616,-42.812305,35.270947,1244.0396,-0.0020670826,6.974121,48.638363,8.526054,26.766958,716.47003,0.007745173,4.9442306,24.445414,-32.513855,18.497032,342.14023,-0.008911285,3.6258252,13.146607,-16.392778,17.817286,317.45566,-0.003906382,3.0865777,9.526961,-28.887808,14.863491,220.92336,0.0044245888,2.8350909,8.037741,-12.954935,13.845153,191.68826,0.0007794291,2.5491476,6.4981537,-12.47784,14.469799,209.37509,-0.0042616716,2.7105627,7.34715,-12.28562,11.571347,133.89609,-0.0030803203,2.1875236,4.7852592,-16.416395,10.082398,101.654755,0.0048034093,1.8494331,3.4204028,-3.5640247,10.092594,101.86045,-0.0020630385,1.8754495,3.5173109,-12.673387,8.049697,64.79762,-0.0052867243,1.468772,2.1572912,2798.5212731351553,796.7627191903913,634830.8306916663,1732.1303431318722,267.0199066754554,71299.6305609689,4651.79718273677,1044.0474478332774,1090035.0733271802,23.66927502167653,9.09675416582852,82.75093635351853,0.06879887,0.0796413,0.006342736,259.2142934420707,61.278459391039995,109.36644661993022,885.097788139711,775.7313415197808,242.6993408760242,3.52948441913967,0.5067648569092713,1.027690436356958,192,0.8279999956874987,0.14500000000000138,0.1319760079206314,0.8639999999999972,27.840000000000266,-1.36079225e-05,-1.6061383e-06,960,1542.8641,73035.99,0.00917577934618654,0.07444394983659362,2.950130837359103,469,0
485,phase1,61.76893750000001,2.9439999999999884,20.981289578366397,0.04549322150613219,0.042076018,0.025174601,0.0011624527,0.14640786,0.1452454,0.03845172,0.00063376053,0.28209598407377656,0.11616283523959743,0.01349380429090186,-219.25972,69.923874,4889.348,0.09189618,13.03011,169.78377,18.241346,47.436127,2250.186,0.017736306,9.612258,92.3955,-51.237865,38.422455,1476.2852,0.009897472,7.9136114,62.625248,4.7548223,29.063755,844.7019,0.037899308,5.762925,33.211304,-38.65571,20.716331,429.1664,0.0031223015,4.15901,17.297363,-11.589811,19.798605,391.98474,-0.016393192,4.1132016,16.918427,-27.727377,14.632791,214.11856,-0.019674802,2.9125364,8.482868,-21.471766,17.063238,291.1541,-0.00935331,3.3970382,11.539869,-15.843116,10.593449,112.22116,0.011473482,2.032719,4.1319466,0.6749413,12.631362,159.5513,0.0035519376,2.4903107,6.2016478,-16.757584,8.519042,72.57407,-0.0016173739,1.6916114,2.8615491,-2.5532246,9.216963,84.95241,0.0008093103,1.8692145,3.493963,-17.939325,9.62511,92.64274,-0.012737103,1.7911516,3.208224,2715.9687597450493,893.2760339180951,797942.0727724418,1617.050163273943,324.6666859651326,105408.45697558206,4415.537722441918,1230.887524186807,1515084.0971987273,23.926607058886475,9.866418836376406,97.34622065480316,0.061987214,0.07070661,0.004999425,211.2610307075248,184.9278852993884,150.26442824298348,1437.8455988521675,1287.581170609184,179.73069985652097,6.16393534294654,0.43351458208921667,0.3863215141485426,25,2.470757401169704,0.1177600000000001,0.09083491839595555,0.35199999999999676,2.9440000000000026,-1.2245791e-05,-3.1587401e-06,425,1107.5238,79871.75,0.009498650077086664,0.11533464939705962,2.5417306230983816,157,0
485,phase2,61.736999999999995,2.975999999999999,20.74495270666912,0.04598766862917805,0.037092354,0.022586482,0.001198493,0.13098,0.12978151,0.033836417,0.00051014917,0.2881296245520267,0.11525301627675566,0.013283257760890104,-224.46663,69.9617,4894.6396,0.028713077,13.478974,181.68274,18.512573,43.181698,1864.6592,0.0047645173,8.726447,76.15089,-50.540146,35.676014,1272.778,-0.04767186,7.2349486,52.344482,2.1634529,28.443113,809.01074,-0.0067969165,5.5614295,30.929499,-41.425953,20.6857,427.89813,-0.0041257646,4.0523624,16.421642,-10.0213,19.267057,371.21948,-0.01918052,3.8747683,15.013828,-27.133886,14.297514,204.41891,-0.0020570562,2.8673441,8.2216625,-23.240002,16.977163,288.22406,0.0030063356,3.3937547,11.517571,-16.294018,10.880918,118.39437,0.009044813,2.0833645,4.3404074,1.107188,12.361883,152.81616,0.018482905,2.2089698,4.879548,-17.125635,8.193162,67.12791,0.0016368479,1.5625092,2.4414349,-3.0698469,9.498693,90.22518,0.008742523,1.8504198,3.4240534,-18.247671,8.949584,80.09505,0.004135728,1.706444,2.9119513,2743.8239975986544,858.7455140421011,737443.8578874326,1654.2197191576208,303.94494615509717,92382.53029322492,4485.290255808206,1179.8976603865044,1392158.4889855469,23.674870378104394,9.700394470268085,94.09765287880764,0.07028751,0.078791775,0.006208144,176.63725776147206,13.31333584654641,143.47872767421205,226.44649206156825,82.9677643873562,173.60841241450115,0.749885951683305,0.35788433002576153,0.30905691283049774,20,3.086849845657507,0.15663157894736743,0.12625963664162643,0.5120000000000005,2.9759999999999813,-1.2229726e-05,-2.9246066e-06,383,1020.2138,98412.375,0.009210247892694874,0.11805011278307787,4.405785833454817,272,0
485,phase3,62.897999999999996,3.7760000000000105,16.65730491067132,0.056633770285268774,0.036762223,0.024024324,0.0011887377,0.1782151,0.17702636,0.032473214,0.00057716813,0.28371108745201534,0.11773025681966316,0.013860413370823844,-227.21326,67.66246,4578.209,-0.02432366,13.076996,171.00783,17.41353,46.873062,2197.084,0.015163583,9.093505,82.691826,-50.973396,34.630585,1199.2775,-0.009496714,7.0125923,49.17645,2.9609437,29.359991,862.00903,-2.1421978e-05,5.8278112,33.963383,-37.114414,19.31562,373.0932,0.02026123,3.8597937,14.898007,-9.02052,19.338264,373.96844,0.002653834,3.6628551,13.416509,-27.134146,14.2913,204.24124,-0.019809328,2.7810338,7.7341485,-21.93296,16.080164,258.57166,-0.01630849,3.2401242,10.4984045,-15.962698,10.833891,117.373184,0.009446017,2.039567,4.159834,0.98971003,13.262513,175.89426,0.0039375876,2.380721,5.6678324,-16.017508,8.776074,77.019485,-0.0029632752,1.7146932,2.940173,-2.7374732,9.149136,83.70668,-0.007940998,1.829744,3.347963,-17.11364,8.954394,80.181175,-0.0050204573,1.7750908,3.1509476,2718.790074848004,875.5918232489004,766661.0409403335,1634.7225329079154,301.20500675489797,90724.45609421814,4449.155020393474,1195.4518450951512,1429105.1139414012,23.57830186909738,9.689754463777883,93.89134156830339,0.06785308,0.076749,0.005890408,179.30246872808902,14.77586537056866,151.1349012203898,254.17759331190004,103.04269209151025,175.62564499846297,1.553325513387182,0.4112284067124624,0.434952155262921,29,2.168896476934604,0.1348571428571427,0.12404080961111011,0.544,3.775999999999996,-1.2245708e-05,-2.9928813e-06,405,882.7965,68907.14,0.009254316874529135,0.12232909421456095,4.006486692740628,252,0
486,phase1,80.4453125,5.951999999999998,13.515675232581449,0.06889103176675777,0.039893176,0.027422508,0.00072195794,0.20194376,0.2012218,0.034645475,0.0007519939,0.30273853443287035,0.15265407123948638,0.02330326546599018,-238.87491,83.78094,7019.245,0.10051707,14.804984,219.18755,15.910781,62.54689,3912.1133,-0.012732845,12.652375,160.0826,-28.286291,43.140076,1861.0663,0.013136716,8.378155,70.19348,-6.9494905,28.961647,838.77704,0.010019813,5.5046253,30.300898,-27.209951,19.902702,396.11758,-0.0015922984,3.6772115,13.521885,-19.739893,20.11965,404.8003,0.0013343246,3.9593968,15.676823,-24.10662,16.375853,268.16858,-0.0106972465,2.9818575,8.891475,-16.134329,15.044986,226.3516,-0.006101951,2.9293194,8.580912,-19.635502,12.908555,166.6308,0.0022983025,2.4415128,5.960985,-8.750563,12.451279,155.03435,0.0023920415,2.411935,5.8174305,-20.407013,9.900499,98.01988,-0.0045556966,1.8547934,3.4402585,-5.4924226,9.586401,91.899086,-0.0032369962,1.7538077,3.0758412,-17.252943,9.656151,93.24126,-0.007223769,1.7486697,3.0578458,2981.7113339753773,1191.7316585109122,1420224.3458971696,1814.3721578526558,417.8379357620054,174588.54056185373,4979.490740740741,1556.696954559366,2423305.408334405,23.605123117204187,10.650261413070167,113.42806816673134,0.0645002,0.06875986,0.0047279177,241.97010758847662,194.13911525463442,92.4986056779086,1388.867299316009,1296.3686936381002,211.28204791122093,5.463790147583591,0.31481481469821676,0.4398284958227144,38,2.116981852184688,0.15663157894736884,0.18276594480842873,0.8960000000000008,5.952000000000016,-1.215987e-05,-3.038268e-06,585,1450.0962,215778.34,0.018657573736399233,0.09766719378745893,2.075944449839759,167,0
486,phase2,80.50931249999998,5.888000000000019,13.673454284399698,0.06815026798431977,0.042380966,0.030027533,0.0007247225,0.2114898,0.21076508,0.035630494,0.00090165273,0.3094370298032407,0.15815781848922458,0.02501389554927051,-235.8438,83.24253,6929.3184,0.036468863,15.829989,250.58856,13.74062,62.1088,3857.5027,-0.025263904,12.566736,157.92287,-25.923962,44.342747,1966.279,-0.011157279,8.90532,79.304726,-6.2877994,27.616467,762.66925,0.0027331854,5.496372,30.21011,-25.80838,20.174978,407.02972,0.0047308076,3.9463902,15.573996,-18.922195,20.6174,425.07712,-6.460473e-05,3.9521346,15.619368,-26.659578,16.583328,275.00674,-0.0057415506,2.9973848,8.984315,-13.964058,15.175752,230.30345,-0.0012497503,2.8566625,8.160521,-20.015873,13.065444,170.70583,0.0015874528,2.4922757,6.211438,-8.172843,12.787674,163.52461,0.0018280376,2.4152498,5.8334317,-19.286926,10.8889475,118.56917,0.001032173,2.006309,4.025276,-7.0214915,9.925739,98.52031,-0.002699657,1.8145684,3.2926583,-15.796959,8.770783,76.926636,-0.008884294,1.6255819,2.6425164,3027.7220090616793,1219.6973720126025,1487661.6792944488,1801.6250084375301,412.5362017267123,170186.11773510266,5007.586805555556,1522.8455175998827,2319058.4704740546,23.65013860210176,10.625703429418788,112.90557336996221,0.067210354,0.07482546,0.0055988496,202.9812444848763,33.99339969581606,93.03444464945933,345.2170030745703,252.18255842511098,201.74088950502764,0.2693779102133128,0.36629629616063103,0.5439984027280941,47,1.7129640592986366,0.1279999999999999,0.1260724429427984,0.607999999999997,5.887999999999995,-1.2113672e-05,-3.1333166e-06,543,1086.4023,118657.375,0.01676549550480692,0.09971798827786917,4.4591114847738895,359,0
486,phase3,79.25549999999996,9.760000000000048,8.12043974175818,0.10964382607523462,0.032315373,0.025717808,0.00072796526,0.16495383,0.16422586,0.026376955,0.0006614057,0.30075176356937455,0.14827916381427217,0.02198671042145976,-259.99634,88.61233,7852.145,-0.032580975,15.424988,237.93024,17.908413,59.45502,3534.8994,-0.04022468,11.69089,136.67693,-26.818842,40.203564,1616.3264,0.04296245,8.056919,64.91395,-3.5119412,28.193125,794.8523,0.020078205,5.151194,26.534801,-27.044893,19.49186,379.93262,0.0071818675,3.5260386,12.432948,-15.878183,19.919641,396.7921,-0.0025291203,3.7490456,14.055344,-25.62956,15.488049,239.87965,-0.0021703348,2.733069,7.4696655,-11.883423,13.865877,192.26254,0.009107336,2.6287403,6.9102755,-22.100164,12.204781,148.95668,-0.0121263135,2.2817838,5.2065372,-7.0451655,12.761897,162.86601,-0.0008902553,2.2669017,5.138843,-19.279812,9.86437,97.3058,-0.0118786255,1.8716938,3.503238,-8.344726,9.335501,87.15158,-0.002865633,1.6285237,2.6520894,-16.38216,8.934601,79.827095,0.005309569,1.6771774,2.8129241,2911.664050052708,1120.1469613003558,1254729.2149104208,1809.9311830503887,379.8892809893137,144315.86581057776,4925.7335100647015,1427.3402348346976,2037300.1459779697,22.953376027094162,10.272082064792242,105.51566994582645,0.0724281,0.07613784,0.0057969713,194.75328116499114,38.62826556516401,65.40639132514966,305.78200836531414,240.37561704016449,197.13312122062953,-0.43307768017053494,0.2897196260640835,0.6628059158236487,59,1.3433135365540072,0.1682758620689659,0.2631122608909622,1.3440000000000083,9.760000000000021,-1.2197718e-05,-3.1426694e-06,434,1084.8748,94782.836,0.01669722588681498,0.09440531342071468,2.9020068007898523,230,0
487,phase1,182.592,8.250249999999994,22.131690296452817,0.043230731140509994,0.029678043,0.01868871,0.0011512246,0.13693976,0.13578855,0.026541542,0.00034926788,0.2654542980539487,0.14337212231919305,0.020555565458309652,-267.9064,65.01559,4227.0264,-0.028423147,12.297753,151.23474,6.817653,48.744728,2376.0486,0.0044527366,9.756532,95.18991,-32.777565,32.561337,1060.2406,-0.0009211784,6.5328336,42.677917,-8.418236,31.305708,980.04736,-0.00075007154,5.9768124,35.722286,-28.922693,17.317753,299.90454,-0.0023117948,3.480747,12.1156,-24.708447,18.209766,331.5956,-0.0027969477,3.4855576,12.149111,-31.935858,15.360602,235.9481,-0.005235168,2.9179535,8.514452,-9.995768,11.616699,134.94771,-0.0021545186,2.1934888,4.811393,-20.539478,11.312165,127.96508,-0.000108531145,2.1117418,4.459453,-2.7378638,12.402076,153.8115,0.00049181626,2.2484305,5.0554395,-25.862074,9.6818905,93.739,0.0028191041,1.7771785,3.1583633,-2.4969761,8.67102,75.186584,-0.0015829894,1.6779209,2.8154185,-19.24449,8.389707,70.387184,-0.0040348214,1.5150763,2.2954562,2810.899783231662,974.7726305995883,950181.6813660414,1859.3471817180223,250.50912884506164,62754.8236347117,4983.94533869886,1126.5318903456757,1269074.0999658017,24.259055548330398,9.854770732799684,97.11650619604524,0.05895159,0.07175258,0.0051484327,266.51320614377704,99.60981947960113,194.86885420251932,1651.6508741412117,1456.7820199386924,249.81097439559304,10.118783207776158,0.6036217302810828,0.3353555095897266,64,2.852999955421876,0.13003174603174733,0.09707303227654855,0.4159999999999968,8.192000000000082,-1.3054832e-05,-2.2047577e-06,1134,2661.9758,121913.41,0.010681966100305324,0.07395480466658595,2.4754644234139502,452,0
487,phase2,182.52224999999996,8.32000000000005,21.937767795941234,0.04359621624666472,0.02253362,0.014983506,0.0009479952,0.111872576,0.11092458,0.019616395,0.00022450545,0.2725523878950788,0.14239493602574457,0.020276317805775892,-287.39337,63.074024,3978.3328,0.050353568,11.816132,139.62097,10.204485,48.430744,2345.537,-0.02247724,9.92766,98.55844,-26.613052,30.533533,932.29663,0.0006779278,6.283379,39.48085,-7.5956206,29.581749,875.07983,0.0068074106,5.998939,35.98727,-29.966099,16.362011,267.71542,-0.008825928,3.1703668,10.051225,-25.047693,18.445417,340.2334,8.7964465e-05,3.592856,12.908613,-30.568678,15.004899,225.147,-0.00023064463,2.762675,7.632374,-6.74562,11.618813,134.99681,-0.0015057961,2.1842387,4.7708983,-23.335505,10.470946,109.64072,-0.0006565787,1.9673529,3.8704774,-0.50474447,11.832854,140.01643,0.00042205415,2.3247995,5.404693,-26.318995,9.359364,87.59768,-0.0020477423,1.7700555,3.1330967,-3.9577107,8.231193,67.752525,0.0008407367,1.5211493,2.313895,-18.39336,7.864198,61.845615,0.00060025294,1.4607689,2.133846,2852.197477947783,958.5072253326418,918736.1010148798,1897.9574324574733,259.79762880167937,67494.80793097518,5128.54863556338,1050.273772917951,1103074.9980793076,23.72294767594269,9.799324106453616,96.02675294332295,0.06469889,0.07538121,0.005682327,252.3447553329286,31.61909754666798,113.22324603078411,496.74433811469765,383.5210920839136,246.94165062806206,2.3607025357027496,0.5635479542985332,0.3143957902403687,60,3.042037449299375,0.13866666666666572,0.0973534225843583,0.38399999999998613,8.319999999999943,-1.3129751e-05,-2.1218955e-06,1240,2197.1016,87391.59,0.012919477587653338,0.07969163623710766,3.8844579222533153,709,0
487,phase3,184.48000000000002,12.145437499999986,15.189241623511597,0.06176941119329988,0.025728883,0.017083067,0.0012825769,0.13366486,0.13238229,0.022681134,0.0002918312,0.26507934868287225,0.1385924386498903,0.019207864050923607,-280.045,70.046974,4906.578,-0.03155346,13.396328,179.4616,8.051737,45.330444,2054.849,-0.0034014678,9.121762,83.20655,-30.413631,31.17393,971.8139,0.0068124197,6.504088,42.30316,-6.4748282,30.50642,930.64166,0.005494385,5.9475784,35.37369,-30.190487,15.4943495,240.07486,0.0050774342,2.993203,8.959264,-26.230495,18.507818,342.5393,0.003415356,3.653513,13.348157,-29.760231,14.809614,219.32466,3.7948634e-05,2.7695084,7.670177,-8.31643,11.611352,134.8235,0.0013443481,2.1362634,4.5636215,-23.47242,10.69634,114.411674,0.003148936,2.0060847,4.024376,-1.28725,12.234581,149.68498,-0.00010069032,2.347831,5.5123105,-26.917698,9.332617,87.09774,-0.0001034614,1.7689111,3.1290467,-3.2448928,8.518223,72.56012,-0.0031543483,1.5949866,2.5439823,-19.686348,7.8161025,61.091457,0.0010936675,1.4530464,2.111344,2836.0931085685484,906.8920621179177,822453.2123324892,1899.1942240857989,263.2957600440625,69324.65725718054,5109.191924328723,1057.6130094282785,1118545.2777119398,23.806893035455534,9.774354674920996,95.53800931114993,0.065466054,0.07905238,0.006249279,263.73108348271654,36.59712161647566,107.48759652776705,488.2105677098518,380.72297118208473,257.13099468347406,0.9509214638547324,0.5928397069824508,0.44755145172912836,88,2.0963636125413228,0.1390344827586191,0.1117846295724093,0.4480000000000004,12.095999999999862,-1.3062203e-05,-2.1908475e-06,1119,2599.6216,99955.67,0.01176272251068777,0.07664354421901179,3.4041630529054636,628,0
488,phase1,130.90962499999998,8.512000000000029,15.379418423470526,0.06105222199210509,0.025097383,0.018708387,0.0010620017,0.1951754,0.19411339,0.020989586,0.00035000377,0.3086698443237893,0.13709076288929536,0.018793877269569007,-258.17615,69.618805,4846.778,0.0551094,12.832897,164.68324,3.8547847,40.966957,1678.2915,-0.001363042,7.805507,60.925945,-36.662033,33.74878,1138.9801,-0.003976349,6.5789704,43.282852,-7.0761027,24.452383,597.91907,0.0013593937,4.5795608,20.972378,-33.667625,19.369999,375.19687,0.0016149026,3.622442,13.122087,-11.280798,18.350729,336.74924,0.0009174106,3.2770572,10.739103,-26.660715,14.249034,203.03497,-0.012639476,2.622974,6.8799925,-2.71222,11.581856,134.13937,-0.0046467567,2.0742486,4.302507,-16.676321,11.670516,136.20094,0.004701239,2.186032,4.7787366,-4.6530924,9.225931,85.1178,0.0016664524,1.6948657,2.8725696,-19.11888,9.432596,88.97388,-0.0020776086,1.7442374,3.0423641,-7.23061,9.473604,89.74918,-0.0057708244,1.7208724,2.961402,-13.597285,9.40666,88.48525,-0.008321228,1.7469771,3.0519288,2997.2239776721376,876.3733171338596,768030.1909842045,1863.2637187756695,243.59090658763907,59336.529772187896,5169.556532591232,959.1002175821131,919873.2273660569,23.306355573813807,9.677369994044899,93.65149000164057,0.08132802,0.07819419,0.006114332,320.05593242001896,203.1570704998265,120.65074776640884,2068.9643150591514,1948.3135672927426,262.3833560414137,5.653111780190959,0.45994950643563237,0.4805567285562767,67,1.9538749708376868,0.12896969696969648,0.09933124408474533,0.4159999999999968,8.511999999999968,-1.2300078e-05,-2.922319e-06,814,1358.7108,61160.8,0.011952477211123119,0.08154248426584719,2.154157878001713,282,0
488,phase2,132.57368749999998,6.848000000000013,19.359472567249878,0.04911717913326801,0.02294366,0.016345035,0.0,0.13724732,0.13724732,0.019031057,0.00026716015,0.2872208828824306,0.13673974752592294,0.01869775855345315,-271.83347,86.37822,7461.197,-0.006102283,11.790647,139.01935,8.623136,42.513603,1807.4065,-0.00012083625,7.963122,63.411312,-34.31746,33.919273,1150.5171,0.0026331453,6.4037127,41.007538,-7.17473,26.001936,676.10065,-0.0014616542,4.858055,23.6007,-34.274143,20.603916,424.52136,0.0092127565,3.6490495,13.315562,-10.048496,17.610348,310.12433,0.00020057979,3.2041006,10.266261,-26.1424,14.357392,206.13472,-0.0075520026,2.4803708,6.152239,-4.67467,11.859692,140.65228,-0.0033849226,2.119833,4.4936914,-17.911724,11.766985,138.46193,0.0038057424,2.0861235,4.351911,-4.030514,9.106817,82.93412,-0.0011287816,1.6832163,2.8332174,-19.10244,9.911464,98.23711,-0.00021473541,1.7593864,3.0954404,-7.584745,8.83479,78.05352,0.0040664887,1.6463733,2.710545,-13.366232,9.080464,82.454834,0.0013767434,1.6485835,2.7178276,2845.4002117425193,971.687001886977,944175.629636102,1811.1514102691865,371.55232514563477,138051.13032112748,4951.260184760156,1227.5256330845523,1506819.179879631,23.137821691578292,9.698207742259696,94.05523341202591,0.09833088,0.15995634,0.025586031,278.87474912334034,67.011375373612,122.75968568932456,783.9908719634986,661.2311862741741,258.62053938239393,2.3598505228573474,0.4413587329719167,0.2653819550132758,37,3.5830725382953363,0.19022222222222082,0.572877682848767,3.519999999999996,6.847999999999949,-1.1838653e-05,-3.086903e-06,734,1471.7269,94548.01,0.011731892128174003,0.08128875734152388,4.0354915827471425,535,0
488,phase3,135.87062500000005,7.775999999999954,17.473071955623574,0.05413284161740628,0.026333105,0.018722497,0.0010891411,0.1864816,0.18539245,0.022454308,0.00035053186,0.3103213889159612,0.1359953439512202,0.01849473357641069,-255.27367,68.2928,4663.9067,-0.017885415,12.614754,159.13202,4.246873,43.65335,1905.6151,-0.0005907487,8.679518,75.33402,-34.193913,33.656574,1132.765,0.015667545,6.4296775,41.34075,-5.682456,25.825329,666.94763,-0.006013779,4.623552,21.377232,-33.45136,20.35797,414.4469,0.0053022616,3.7530274,14.085216,-11.075753,18.12724,328.59683,0.0008593288,3.3482246,11.2106085,-27.300425,13.881849,192.70575,0.00857386,2.5701873,6.6058626,-3.1617656,12.372402,153.07632,0.00085121114,2.2261462,4.9557266,-17.70613,11.655857,135.85901,0.00036678198,2.1906512,4.798952,-4.260966,9.582355,91.82151,-0.0008327512,1.8081709,3.269482,-18.429003,9.450712,89.31596,-0.0030500162,1.7488787,3.0585768,-7.5644345,8.963708,80.34806,0.000103589344,1.6915346,2.8612893,-12.425126,9.074903,82.35385,-0.004922212,1.6781393,2.8161516,3016.776243788091,910.8938574589793,829727.6195564992,1855.9153729301524,239.41249286305023,57318.341738900075,5157.419525506794,967.108858733145,935299.5446401262,23.372779207336176,9.888536747499797,97.78315900665386,0.082111716,0.079986356,0.006397817,277.5815159862742,72.72073892386022,110.63722351746388,686.4573988917687,575.8201753743048,260.1187129259726,1.1923606514688554,0.44976609479844815,0.4873069590044319,70,1.9410089008427307,0.11269565217391365,0.11344606128762692,0.6079999999999899,7.776000000000042,-1.1928262e-05,-3.3170204e-06,808,1142.0348,77575.54,0.011733750660628869,0.07887864045824099,4.217247105472576,573,0
489,phase1,49.083312500000005,6.623999999999995,7.409919246690941,0.11890719014671539,0.02321839,0.018333334,0.00031993038,0.111335866,0.11101594,0.019628081,0.00033611117,0.3401460861214819,0.13962092444599164,0.019494002543153303,-296.71152,109.21649,11928.242,0.12774137,18.54159,343.79053,9.470497,53.78413,2892.7327,-0.07776985,10.882731,118.43384,-39.796623,38.194893,1458.8499,0.0291784,7.6018395,57.787964,12.842711,30.822723,950.0402,-0.011222092,5.4903326,30.143751,-38.730534,28.787205,828.7032,0.028188111,5.9044046,34.86199,-4.867035,13.070057,170.82639,-0.006920674,2.377514,5.6525726,-27.787985,14.277208,203.83868,-0.013158039,2.6054657,6.7884517,-15.90534,18.342295,336.43976,0.006281632,3.5340781,12.489708,-12.809266,10.813869,116.93978,-0.0015358303,2.0612016,4.2485523,-10.559306,14.487835,209.89737,0.019005528,2.5916393,6.7165937,-9.045859,11.01525,121.33575,-0.0028985948,2.1071851,4.440229,-5.1067805,9.564228,91.47446,-0.0030486202,1.9055045,3.6309474,-16.649673,10.573888,111.80711,-0.020773286,1.7183853,2.9528482,3080.6187125652064,1013.735485346874,1027659.6342514623,1652.236034440461,287.79111568771515,82823.72626877985,4838.284391154509,1155.9181890129717,1336146.859691028,22.392987168910743,9.348677207733745,87.39776553440042,0.08212633,0.09199257,0.008462634,245.9191418620055,367.0774244878516,114.5388367788287,1680.5212228823332,1565.9823861035045,128.565497341737,2.8234611574984103,0.1614014933018946,0.6103327996661121,34,1.4436267957756828,0.19482352941176456,0.24620895842977092,1.152000000000001,6.623999999999995,-1.2538336e-05,-2.7008512e-06,316,379.1105,10791.232,0.01617373048945388,0.1136096758395907,3.035654938732996,149,0
489,phase2,49.88331249999996,5.824000000000041,8.565127736070034,0.10454641838986652,0.027802503,0.02148645,0.00034220898,0.11220013,0.11185792,0.024569541,0.0004616675,0.3027896256641298,0.12831717663719286,0.016465297820140553,-274.47913,102.84458,10577.008,0.16032252,19.412916,376.8613,22.446093,50.53502,2553.788,0.14266963,9.81304,96.295746,-47.77028,39.71905,1577.6031,-0.055461947,7.9364953,62.987957,10.490018,28.487104,811.51514,0.08436864,5.3946958,29.102741,-39.02666,29.759974,885.65607,-0.058729596,5.4224176,29.402613,-2.836496,14.254219,203.18275,-0.012726729,2.3806794,5.667634,-30.59047,14.645653,214.49513,-0.014259345,2.8580081,8.16821,-17.060846,18.614225,346.48938,-0.013922576,3.6357167,13.218436,-11.798906,11.422953,130.48384,0.00011598454,2.2267485,4.958409,-10.352684,14.2590685,203.32104,-0.031644315,2.671387,7.136308,-8.911318,11.789833,139.00017,0.01514958,2.1398745,4.5790625,-4.9295287,9.966015,99.32145,-0.014465131,1.987379,3.9496753,-16.730013,9.600912,92.17752,-0.003798189,1.8532406,3.434501,2835.484823191891,936.182748046028,876438.1377390128,1633.2979199540994,291.21380453492213,84805.47995170385,4619.130528431936,1093.2865383999017,1195275.4550464395,22.76137154755484,9.236156460186224,85.30658615703972,0.06919414,0.08037269,0.00645977,127.78119165601478,9.957822121527064,89.86534992826049,169.64319079487348,79.77784086661299,125.62905732418486,0.8617833488378388,0.2085008614540489,0.7000876231464227,39,1.2790592620754027,0.15326315789473638,0.27293046002797283,1.696000000000005,5.823999999999982,-1.19002825e-05,-3.3406445e-06,338,433.06488,43892.547,0.01380157201405207,0.10776782664512694,2.7464094330142994,137,0
489,phase3,47.232,10.1634375,4.647246106718706,0.17707744626913943,0.027934326,0.023197263,0.00033509,0.15678252,0.15644743,0.024982806,0.00053811306,0.3296342082113991,0.14179122199222172,0.0201047506340475,-291.1357,115.81066,13412.109,-0.21867621,18.856112,355.55292,8.961487,55.957638,3131.257,-0.0003778124,10.760527,115.78894,-39.846947,38.19042,1458.5079,0.03843805,7.788639,60.662895,12.115413,30.79681,948.44354,-0.049218807,5.7090507,32.593258,-37.0068,27.584274,760.89215,0.04349025,5.203156,27.072834,-6.6094284,13.793412,190.25822,0.012891892,2.66698,7.1127825,-27.220469,14.630567,214.05348,0.0015606174,2.5393403,6.448249,-16.53948,18.22764,332.2469,0.009293817,3.5248218,12.424369,-11.169731,12.191101,148.62294,0.006490636,2.3946264,5.7342353,-10.313669,15.190784,230.75992,0.01718921,2.735554,7.4832554,-9.619282,11.122281,123.70515,-0.017420148,2.109987,4.452045,-4.47084,10.469004,109.60004,0.0010950456,1.9845501,3.9384394,-17.344685,11.424863,130.5275,0.013461451,2.0734298,4.2991114,3033.68644971766,987.558227004619,975271.2517245066,1664.3832633500544,301.5672137938206,90942.78443536791,4815.134650222965,1144.6101756517326,1310132.4542054902,22.780724044315672,9.446290877051405,89.23241133386459,0.08165939,0.09674783,0.009360142,135.21812755047364,16.461812005524205,108.73654223881857,194.86885420251932,86.13231196370074,130.0593564629863,1.0802426730442685,0.20457079141328272,0.8014574329187751,46,1.0267825863742917,0.22328888888888854,0.37552053485630493,2.08,10.047999999999984,-1.2635732e-05,-2.6250639e-06,321,327.06982,23266.625,0.013028907943361815,0.09224192329682296,3.9803523035230355,188,0
490,phase1,53.18699999999997,8.160000000000032,6.51801390710611,0.13301383930754612,0.020145414,0.017890377,0.000422411,0.13321923,0.13279681,0.015382976,0.00032006556,0.263244947129171,0.10803261538659222,0.01167104598726736,-296.39285,95.03542,9031.731,0.17024484,15.61135,243.71426,33.11239,49.77023,2477.0757,0.03630554,9.914426,98.295845,-53.32747,40.84628,1668.4185,-0.015293495,7.5811296,57.473522,13.7691345,25.4572,648.06903,-0.0017761812,4.8761067,23.776417,-32.06474,25.262207,638.1791,-0.030277403,4.7086644,22.17152,-5.843488,14.251564,203.10707,-0.0022084326,2.7536793,7.5827494,-26.99956,14.063042,197.76913,-0.002342091,2.5433195,6.468474,-16.17346,15.083731,227.51892,-0.018338645,2.5644307,6.5763054,-15.844231,11.316046,128.05289,-0.009019118,2.183835,4.7691355,-7.6795993,11.849339,140.40683,0.010844495,2.16826,4.7013516,-16.208178,8.88139,78.87908,0.007765488,1.7046529,2.9058416,-5.853979,8.518547,72.56564,-0.0009961481,1.5658538,2.451898,-15.471347,8.837376,78.09921,-0.010483977,1.5658177,2.451785,2568.1316053180694,829.1253323711438,687448.8167795597,1591.4678443816354,324.327783833888,105188.51136660119,4336.450729927007,1177.9288868143824,1387516.4623917702,22.06665134418276,8.935238705843899,79.83849073041097,0.069562174,0.080964684,0.0065552797,204.06747908658687,266.42329001320087,111.9227661312955,1388.867299316009,1276.9445331847135,134.6458897635121,4.057221582385693,0.2664233575253267,0.8965393580778196,55,0.9670363460538841,0.15111111111111125,0.12011517106921822,0.4800000000000004,8.160000000000007,-1.2374154e-05,-2.8727582e-06,387,882.92706,45512.566,0.012895962513009467,0.10316266813856381,2.9894523097749466,159,0
490,phase2,52.579062499999985,8.768000000000015,5.996698962511512,0.1429245287824501,0.017231304,0.015115588,0.00044208128,0.10229842,0.10185634,0.012821131,0.000228481,0.26420292541058393,0.12131093090083093,0.01471634195602618,-319.98795,96.36186,9285.608,-0.107081905,16.138945,260.46555,30.511335,49.421963,2442.5303,0.018932708,9.734463,94.75976,-53.72849,41.957508,1760.4325,0.04424056,8.377795,70.18745,13.8595915,24.731176,611.6311,0.02128901,4.4455886,19.763258,-31.284023,23.353373,545.38,0.029448582,4.5788383,20.965761,-6.510341,14.64648,214.51936,0.010808002,2.891405,8.360224,-27.10771,12.928067,167.13493,-0.0050560627,2.407814,5.7975683,-15.715755,14.906252,222.19633,-0.008122562,2.701957,7.3005714,-16.239021,11.665684,136.08818,0.0053202407,2.2897708,5.24305,-6.3273993,11.629316,135.241,-0.022629313,2.1488068,4.6173706,-16.322752,8.961866,80.31505,-0.0008180378,1.6358941,2.6761494,-6.4609284,8.445809,71.331696,-0.0051127286,1.5568808,2.423878,-15.875389,7.9732103,63.572083,-0.005943165,1.4916346,2.224974,2596.6827990629477,842.8841307236656,710453.6578257895,1590.2242912987997,346.0934685847154,119780.6889969994,4344.157325338895,1198.2910863571487,1435901.5276429958,21.86775290801111,8.582020060899042,73.6510683256736,0.07393557,0.09106003,0.008291928,173.31484520171514,79.11240234018852,84.82159539743674,452.89298412313644,368.0713887256997,137.79308824865404,2.0219170285685872,0.3472367047198974,0.7661328527343914,47,1.1187034336446076,0.19060869565217348,0.26564077396730806,1.4399999999999977,8.76799999999998,-1.2886162e-05,-2.3096536e-06,367,499.63025,34737.887,0.013789721518890389,0.09513428258610843,3.784776497298712,199,0
490,phase3,56.41599999999998,6.790062500000019,8.308611546858115,0.10742739274416942,0.01798424,0.016219173,0.00042466732,0.096866645,0.09644198,0.013717284,0.00026306155,0.2677743270812247,0.11153580314106981,0.01244023538232348,-306.0168,88.6751,7863.2734,-0.08427425,16.21809,263.02643,34.883728,48.37427,2340.0703,-0.024769207,9.721721,94.511856,-53.896236,39.94505,1595.6068,-0.0027884857,8.220093,67.56993,15.277204,26.392342,696.55566,-0.007002011,4.794427,22.98653,-36.49369,27.115751,735.2639,0.04129462,5.240012,27.45773,-6.7259393,14.703365,216.18896,0.0018039199,2.8967898,8.391392,-23.4416,12.714068,161.64754,0.009536855,2.4390569,5.948999,-16.153858,13.503652,182.3486,0.013010488,2.4944754,6.2224073,-18.340227,11.311035,127.93952,-0.010309959,2.232933,4.98599,-6.172571,11.666966,136.1181,0.018712414,2.0535948,4.217252,-16.397558,9.165754,84.01105,-0.00043045366,1.66224,2.763042,-6.7139244,8.689191,75.50204,-0.005676374,1.5731927,2.4749353,-15.607287,7.802396,60.87738,-0.0045104083,1.4777094,2.183625,2563.164836070028,820.569895141264,673334.9528121451,1566.3564969847107,323.55857719667154,104690.15287753445,4268.147456983806,1152.4544482056563,1328151.2551890037,21.985653227359684,8.723221102243023,76.09458639861799,0.072975464,0.08761642,0.007676637,136.29057102178635,26.483489717907176,106.252996181733,283.6614678567074,177.4084716749744,129.31026969119696,2.8602129589234564,0.2682186233460432,0.6486719529475515,41,1.3759999664390248,0.16960000000000003,0.17190881303761063,0.6720000000000006,6.784000000000002,-1.2129876e-05,-3.2051828e-06,355,432.1537,20323.865,0.013941656574334235,0.09755566655160566,3.810975609756099,215,0
491,phase1,70.78537499999989,65.69600000000013,1.0774685509396493,0.4813550566881387,0.0031534936,0.0042355615,0.00013146877,0.06472126,0.06458979,0.0021337476,1.7939981e-05,0.2901656539351852,0.13994607444173,0.01958490375165023,-484.15698,78.47753,6158.723,0.08052937,13.828743,191.23413,17.874697,40.28444,1622.836,0.015394929,7.3011413,53.306664,-18.736584,31.269102,977.7568,-0.013496002,5.9752107,35.70314,-5.5993295,30.392557,923.7075,-0.003936937,5.360159,28.731306,-19.365524,17.39336,302.52896,-0.0071834265,3.099392,9.606231,-9.724515,16.478548,271.54254,-0.0026532456,3.009669,9.058107,-25.037128,14.969737,224.09303,-0.006912776,2.5748224,6.6297107,-3.5774927,12.702117,161.34377,-0.008374449,2.2207954,4.9319324,-17.514446,13.292004,176.67735,-0.0031002853,2.423388,5.872809,-4.7887335,11.709941,137.12271,0.011393547,2.0566938,4.229989,-9.755653,9.863004,97.27885,0.0042160037,1.8401237,3.3860552,-4.4683948,10.197364,103.98624,-0.0050325044,1.926675,3.7120762,-13.540995,11.249675,126.55519,-0.004108656,2.0419433,4.169533,2890.1769823946147,872.6225002561804,761470.0279533475,1951.8138992262902,242.16763328198252,58645.16260939677,5208.6336732301925,1017.246914082878,1034791.2842111381,21.44133653686299,7.186999554535366,51.652962596891555,0.09115207,0.095901474,0.009197093,231.78030251108,131.23494176963368,135.4258854679408,1396.9129257320158,1261.487040264075,210.06515286029162,8.009629203677253,0.5117205812208813,1.685211626861174,230,0.3077624986619017,0.285634782608696,0.28307081094235276,2.3999999999999915,65.69600000000008,-1.5097294e-05,-1.8360194e-07,682,191.24289,9049.726,0.010471553626211574,0.08264960896798548,4.068637059562098,288,0
491,phase2,48.09599999999991,88.3853750000001,0.544162418905135,0.6476002678021091,0.0035614213,0.006189052,0.0001363771,0.08730838,0.087172,0.0019633626,3.8304366e-05,0.2970912126772738,0.13640546694288372,0.01860645141190614,-472.16394,80.65128,6504.629,-0.011702769,13.493839,182.0837,18.087128,40.048847,1603.9103,-0.015803903,6.952346,48.335114,-15.455733,32.29654,1043.0665,-0.0042654295,5.959309,35.513363,-0.5935399,26.953386,726.48505,-0.005959101,4.8998175,24.008211,-21.440176,19.748133,389.98877,0.00960918,3.5586383,12.663906,-7.02888,16.2037,262.55988,-0.004355337,2.9562502,8.739415,-24.901533,15.368052,236.17702,-0.002587181,2.7680285,7.661981,-0.021759504,12.826866,164.52849,0.007930965,2.275484,5.1778283,-19.22575,13.289952,176.62283,0.008975991,2.49837,6.2418528,-4.450666,11.656646,135.8774,-0.0009115329,1.94772,3.7936132,-10.414653,9.800322,96.046295,-0.0021257713,1.7556212,3.0822058,-6.4918313,10.322485,106.55369,0.004226716,1.8286821,3.344078,-8.412365,9.7628145,95.31254,-0.0024704642,1.7831655,3.1796792,2929.437987940074,858.408071197362,736864.4166967752,1921.6102212926792,246.16219133295692,60595.824441843295,5205.264006094702,937.248662165615,878435.054731235,20.579794635311025,7.007475671246414,49.10471528311038,0.097747825,0.08874009,0.007874804,235.72181799799802,60.04408881913448,66.93519325188251,511.30005826144946,444.364865009567,219.99999999999997,1.3918213489379698,0.33567744952281353,1.311534266122392,179,0.2686927359290904,0.4921564245810058,0.6111306291803837,3.5520000000000067,88.09600000000003,-1.4898619e-05,-3.375845e-07,656,163.1814,24892.436,0.010759121283776527,0.08512373603917286,10.354291417165689,498,0
491,phase3,55.96799999999994,84.64925000000008,0.6611753717702699,0.6019833981961678,0.0052496064,0.008513421,0.00013702744,0.120699964,0.12056293,0.0029290097,7.247834e-05,0.2906474420506257,0.1416264195661945,0.020058042719139767,-445.1478,87.96818,7738.401,-0.018488532,15.088514,227.66327,17.175005,42.557133,1811.1096,-0.0223231,7.9766145,63.62638,-17.566423,32.816372,1076.9143,0.007674755,6.0115695,36.13897,-4.335111,28.125643,791.0518,0.011395185,5.077357,25.77955,-21.959837,20.718044,429.23734,0.0041944003,3.8839378,15.084972,-8.183708,17.195503,295.6853,-0.007748717,3.1829195,10.130977,-22.929878,16.17102,261.5019,0.0076832445,2.9950492,8.97032,-2.7324717,13.068541,170.78674,0.003617514,2.335353,5.453873,-15.377046,13.885058,192.79485,-0.0025955634,2.620452,6.8667684,-6.4856205,12.867111,165.56255,0.0012467945,2.252951,5.0757875,-9.040035,10.1148815,102.31082,-0.0011622204,1.8614758,3.4650922,-3.6188412,11.263098,126.85737,0.0038826298,2.0102727,4.041197,-9.258401,10.80196,116.68234,-0.0012977971,2.024512,4.0986495,2902.725626482128,901.0981968230057,811977.9603176722,1911.0638530249787,257.7248456206692,66422.09605019777,5140.795648464164,1037.9384757112305,1077316.2793617523,21.24459107182285,7.503582357023198,56.30374818862982,0.08830357,0.08660254,0.0075000003,252.11881947982542,108.28482983140218,80.0609250563203,916.3106942306295,836.2497691743091,226.44649206156825,3.662641677665558,0.40227531276398737,1.3298510673477115,187,0.2992941160465552,0.45176470588235246,0.5411357715456481,3.328000000000003,84.4799999999999,-1.4901475e-05,-3.5861927e-07,780,120.56847,4883.739,0.009545611184855994,0.07738801897307922,7.5936249285305975,425,0
492,phase1,143.00856249999998,14.144000000000005,10.110898783166089,0.09000171409868042,0.017879993,0.01396417,0.00094022107,0.11508014,0.11413992,0.014369834,0.00019499802,0.27731104549445235,0.14190024040794103,0.020135678227831456,-310.66098,77.06319,5938.735,0.013373468,15.685479,246.03426,13.861214,41.48703,1721.1737,0.0026466008,8.282163,68.59422,-25.315144,38.730595,1500.0588,0.009670613,8.003048,64.048775,6.505868,25.627172,656.75195,0.014453993,4.940678,24.4103,-30.222548,16.730894,279.92282,0.0019880482,3.2713192,10.701529,-21.994331,17.707842,313.56766,-0.0047695255,3.3911726,11.5000515,-32.868114,15.062742,226.8862,-0.0018705444,2.7581167,7.6072073,-5.7578306,12.869757,165.63063,-0.0040663867,2.4909225,6.2046947,-21.396494,13.220744,174.78809,-0.0030899663,2.5385609,6.4442916,-9.224543,9.631085,92.7578,0.0048048333,1.7926053,3.2134335,-14.030936,8.876261,78.78801,0.0021265897,1.6588322,2.7517242,-8.936338,10.633285,113.06675,-0.0051896023,2.0096376,4.0386434,-8.427552,8.509163,72.40585,-0.0008941198,1.585406,2.513512,2842.8768456286307,926.4781365213821,858361.7374521327,1873.8178277856734,288.1485641394123,83029.59501560502,4980.844106270359,1126.9549424119923,1270027.4422268171,23.27936501381119,9.568874691239648,91.56336285664668,0.07288819,0.081664495,0.00666909,240.405002521976,121.0522926214684,160.1218501126406,1405.0051599877036,1244.8833098750629,218.73289323986043,8.383348291723221,0.5128257327946202,0.6935935263543667,109,1.312005148513714,0.12976146788990833,0.11092198259000961,0.5759999999999934,14.144000000000009,-1.3268926e-05,-2.0426246e-06,835,1239.1299,51208.496,0.010988875548668823,0.08935651904514866,2.412442961238772,345,0
492,phase2,144.70462499999996,12.448000000000036,11.624727938244828,0.07920962185645983,0.022498555,0.017757785,0.0009855141,0.14273703,0.14175151,0.018034108,0.0003153389,0.27222633983102607,0.1319446316068385,0.017409385809864328,-290.12125,75.48397,5697.8296,0.00459096,14.796543,218.9377,18.755163,43.49257,1891.6034,0.019588558,8.336398,69.49554,-27.48597,40.210293,1616.8678,-0.010882872,8.012245,64.19607,8.541332,27.087824,733.7502,-0.00563705,5.1061974,26.073252,-30.712656,18.789604,353.04926,-0.005438973,3.5616152,12.685103,-20.19186,17.344154,300.81967,0.0018123484,3.149208,9.917512,-35.248955,15.805289,249.80716,-0.0034643603,2.9228141,8.542842,-6.8590536,12.959019,167.93616,-0.0015763176,2.3835084,5.681113,-18.044804,13.168692,173.41444,0.0060361247,2.427611,5.8932953,-9.343042,10.2365265,104.786476,-0.003474581,1.8803604,3.5357552,-11.575368,9.341595,87.265396,-0.0015121867,1.7811444,3.172475,-8.149519,10.962367,120.1735,0.00076598296,2.0182295,4.0732503,-7.1327066,9.205127,84.73437,0.004369552,1.7553157,3.0811331,2747.0883402573536,919.1152061296497,844772.7621387483,1805.7680462411627,301.54869624081147,90931.61620453317,4786.926468342834,1153.3372222765574,1330186.7482886051,23.41194632270893,9.518500424239642,90.60185032625023,0.06575682,0.076041505,0.00578231,224.8846719025657,42.01987772188946,152.01041679645533,633.1307752047608,481.12035840830544,213.73702705379327,2.7934058212271036,0.4845276871977753,0.6426873238674823,101,1.4327190452206031,0.12447999999999887,0.10437053990470666,0.480000000000004,12.447999999999887,-1.3008185e-05,-2.2189424e-06,959,1150.9424,70352.45,0.011990743748864201,0.0959125967900387,3.247995701588668,470,0
492,phase3,144.05881249999987,17.856000000000137,8.067809388003438,0.11028021293604706,0.020470962,0.017284334,0.00095200056,0.13820827,0.13725626,0.01595135,0.0002987482,0.2815852349925889,0.1399671333823919,0.01959079842728428,-299.7184,79.282,6285.6357,-0.028406965,15.828702,250.54782,18.450472,44.4046,1971.7684,0.011309982,8.820603,77.80304,-26.411968,40.271683,1621.8085,-0.0042673866,8.254805,68.1418,4.4445014,24.415129,596.0985,0.0039183134,4.655483,21.67352,-29.12925,17.63038,310.8303,0.005369874,3.4376123,11.817178,-17.698866,16.74992,280.55984,-0.0041216426,3.1019065,9.621824,-34.168156,16.196444,262.32477,-0.0034125173,3.0443664,9.268167,-6.03322,12.342476,152.33672,-0.004202986,2.274224,5.172095,-18.559093,12.325927,151.92848,-0.0002516053,2.3137388,5.353387,-8.713229,9.880018,97.61477,0.0009395752,1.8295671,3.3473158,-12.111735,8.861894,78.533165,-0.0029140832,1.671471,2.7938151,-8.774773,10.558622,111.48451,-0.0005297938,2.0052762,4.021133,-7.45439,8.973208,80.51847,-0.00028533651,1.7149886,2.9411857,2800.8767319581602,959.4278635831791,920501.8254197835,1835.403034996547,307.2106369238768,94378.37543917407,4898.917675395257,1155.6373286513085,1335497.6353723323,23.144532137793703,9.590577605595636,91.97917880895251,0.07141938,0.08001507,0.0064024115,220.09609502962098,34.914084187641436,97.43442710125966,471.580323515969,374.14589641470934,212.505992363466,1.648184171586495,0.4446640315326751,0.8646522071598606,140,1.0289915105072027,0.12846043165467722,0.11025054959565818,0.5760000000000076,17.856000000000133,-1.2934143e-05,-2.3031282e-06,881,1206.9828,61917.2,0.010613142023718741,0.0969111431751253,2.83217661536673,408,0
